# x
1.000000000000000000e+00 6.367187500000000000e-01
0.000000000000000000e+00 7.421875000000000000e-02
1.000000000000000000e+00 4.375000000000000000e-01
1.000000000000000000e+00 5.039062500000000000e-01
0.000000000000000000e+00 5.937500000000000000e-01
1.000000000000000000e+00 1.601562500000000000e-01
0.000000000000000000e+00 7.656250000000000000e-01
1.000000000000000000e+00 4.882812500000000000e-01
0.000000000000000000e+00 1.875000000000000000e-01
0.000000000000000000e+00 7.851562500000000000e-01
1.000000000000000000e+00 1.171875000000000000e-02
1.000000000000000000e+00 2.226562500000000000e-01
0.000000000000000000e+00 2.578125000000000000e-01
0.000000000000000000e+00 8.593750000000000000e-02
1.000000000000000000e+00 6.406250000000000000e-01
1.000000000000000000e+00 4.726562500000000000e-01
0.000000000000000000e+00 8.203125000000000000e-02
0.000000000000000000e+00 9.687500000000000000e-01
0.000000000000000000e+00 2.812500000000000000e-01
1.000000000000000000e+00 1.289062500000000000e-01
0.000000000000000000e+00 8.671875000000000000e-01
0.000000000000000000e+00 2.265625000000000000e-01
1.000000000000000000e+00 7.265625000000000000e-01
0.000000000000000000e+00 7.695312500000000000e-01
0.000000000000000000e+00 7.187500000000000000e-01
1.000000000000000000e+00 8.750000000000000000e-01
0.000000000000000000e+00 9.375000000000000000e-01
0.000000000000000000e+00 9.882812500000000000e-01
1.000000000000000000e+00 4.296875000000000000e-01
0.000000000000000000e+00 6.796875000000000000e-01
1.000000000000000000e+00 3.281250000000000000e-01
1.000000000000000000e+00 6.132812500000000000e-01
1.000000000000000000e+00 9.140625000000000000e-01
0.000000000000000000e+00 5.078125000000000000e-02
0.000000000000000000e+00 3.593750000000000000e-01
0.000000000000000000e+00 7.421875000000000000e-01
0.000000000000000000e+00 3.750000000000000000e-01
1.000000000000000000e+00 2.617187500000000000e-01
1.000000000000000000e+00 3.320312500000000000e-01
1.000000000000000000e+00 1.015625000000000000e-01
1.000000000000000000e+00 6.914062500000000000e-01
0.000000000000000000e+00 2.890625000000000000e-01
0.000000000000000000e+00 9.062500000000000000e-01
1.000000000000000000e+00 3.906250000000000000e-01
0.000000000000000000e+00 6.640625000000000000e-02
0.000000000000000000e+00 9.375000000000000000e-02
1.000000000000000000e+00 7.031250000000000000e-02
0.000000000000000000e+00 3.203125000000000000e-01
1.000000000000000000e+00 1.718750000000000000e-01
0.000000000000000000e+00 8.281250000000000000e-01
0.000000000000000000e+00 7.539062500000000000e-01
1.000000000000000000e+00 6.015625000000000000e-01
0.000000000000000000e+00 1.562500000000000000e-01
1.000000000000000000e+00 1.757812500000000000e-01
1.000000000000000000e+00 5.976562500000000000e-01
0.000000000000000000e+00 9.414062500000000000e-01
0.000000000000000000e+00 8.906250000000000000e-01
1.000000000000000000e+00 7.031250000000000000e-01
1.000000000000000000e+00 9.921875000000000000e-01
1.000000000000000000e+00 5.507812500000000000e-01
0.000000000000000000e+00 3.632812500000000000e-01
1.000000000000000000e+00 6.484375000000000000e-01
0.000000000000000000e+00 2.070312500000000000e-01
1.000000000000000000e+00 4.257812500000000000e-01
1.000000000000000000e+00 4.101562500000000000e-01
1.000000000000000000e+00 2.500000000000000000e-01
0.000000000000000000e+00 8.789062500000000000e-01
1.000000000000000000e+00 3.046875000000000000e-01
1.000000000000000000e+00 7.617187500000000000e-01
0.000000000000000000e+00 2.968750000000000000e-01
1.000000000000000000e+00 1.093750000000000000e-01
1.000000000000000000e+00 6.875000000000000000e-01
1.000000000000000000e+00 4.218750000000000000e-01
0.000000000000000000e+00 4.687500000000000000e-02
0.000000000000000000e+00 7.070312500000000000e-01
1.000000000000000000e+00 7.734375000000000000e-01
0.000000000000000000e+00 9.765625000000000000e-02
1.000000000000000000e+00 8.164062500000000000e-01
1.000000000000000000e+00 5.351562500000000000e-01
0.000000000000000000e+00 6.601562500000000000e-01
1.000000000000000000e+00 5.859375000000000000e-01
1.000000000000000000e+00 6.250000000000000000e-02
0.000000000000000000e+00 4.921875000000000000e-01
0.000000000000000000e+00 9.843750000000000000e-01
1.000000000000000000e+00 2.382812500000000000e-01
0.000000000000000000e+00 1.914062500000000000e-01
0.000000000000000000e+00 7.382812500000000000e-01
1.000000000000000000e+00 3.671875000000000000e-01
0.000000000000000000e+00 2.734375000000000000e-01
0.000000000000000000e+00 1.250000000000000000e-01
1.000000000000000000e+00 6.640625000000000000e-01
1.000000000000000000e+00 5.781250000000000000e-01
1.000000000000000000e+00 3.007812500000000000e-01
1.000000000000000000e+00 3.828125000000000000e-01
1.000000000000000000e+00 9.257812500000000000e-01
1.000000000000000000e+00 5.156250000000000000e-01
0.000000000000000000e+00 3.867187500000000000e-01
1.000000000000000000e+00 1.367187500000000000e-01
1.000000000000000000e+00 5.664062500000000000e-01
1.000000000000000000e+00 2.421875000000000000e-01
0.000000000000000000e+00 2.695312500000000000e-01
0.000000000000000000e+00 8.437500000000000000e-01
1.000000000000000000e+00 9.765625000000000000e-01
1.000000000000000000e+00 6.445312500000000000e-01
0.000000000000000000e+00 4.765625000000000000e-01
1.000000000000000000e+00 7.812500000000000000e-02
0.000000000000000000e+00 6.250000000000000000e-01
1.000000000000000000e+00 6.757812500000000000e-01
1.000000000000000000e+00 5.468750000000000000e-01
1.000000000000000000e+00 8.828125000000000000e-01
1.000000000000000000e+00 3.515625000000000000e-01
1.000000000000000000e+00 9.218750000000000000e-01
0.000000000000000000e+00 7.226562500000000000e-01
1.000000000000000000e+00 1.406250000000000000e-01
1.000000000000000000e+00 8.867187500000000000e-01
1.000000000000000000e+00 1.640625000000000000e-01
1.000000000000000000e+00 5.820312500000000000e-01
1.000000000000000000e+00 2.031250000000000000e-01
1.000000000000000000e+00 1.132812500000000000e-01
1.000000000000000000e+00 6.093750000000000000e-01
1.000000000000000000e+00 3.906250000000000000e-03
1.000000000000000000e+00 3.125000000000000000e-02
1.000000000000000000e+00 9.531250000000000000e-01
0.000000000000000000e+00 7.109375000000000000e-01
0.000000000000000000e+00 8.593750000000000000e-01
1.000000000000000000e+00 6.562500000000000000e-01
0.000000000000000000e+00 1.328125000000000000e-01
1.000000000000000000e+00 6.289062500000000000e-01
1.000000000000000000e+00 3.906250000000000000e-02
0.000000000000000000e+00 5.625000000000000000e-01
0.000000000000000000e+00 8.984375000000000000e-01
0.000000000000000000e+00 1.484375000000000000e-01
1.000000000000000000e+00 8.476562500000000000e-01
0.000000000000000000e+00 8.515625000000000000e-01
1.000000000000000000e+00 9.101562500000000000e-01
1.000000000000000000e+00 2.343750000000000000e-01
1.000000000000000000e+00 7.578125000000000000e-01
0.000000000000000000e+00 5.195312500000000000e-01
0.000000000000000000e+00 6.718750000000000000e-01
0.000000000000000000e+00 4.531250000000000000e-01
0.000000000000000000e+00 3.984375000000000000e-01
1.000000000000000000e+00 3.164062500000000000e-01
1.000000000000000000e+00 1.445312500000000000e-01
1.000000000000000000e+00 3.515625000000000000e-02
0.000000000000000000e+00 5.390625000000000000e-01
1.000000000000000000e+00 1.953125000000000000e-02
1.000000000000000000e+00 7.968750000000000000e-01
0.000000000000000000e+00 1.171875000000000000e-01
1.000000000000000000e+00 2.539062500000000000e-01
0.000000000000000000e+00 2.343750000000000000e-02
1.000000000000000000e+00 9.453125000000000000e-01
0.000000000000000000e+00 4.570312500000000000e-01
1.000000000000000000e+00 8.632812500000000000e-01
1.000000000000000000e+00 2.851562500000000000e-01
0.000000000000000000e+00 3.945312500000000000e-01
1.000000000000000000e+00 6.953125000000000000e-01
1.000000000000000000e+00 3.437500000000000000e-01
1.000000000000000000e+00 4.414062500000000000e-01
0.000000000000000000e+00 6.328125000000000000e-01
0.000000000000000000e+00 4.140625000000000000e-01
1.000000000000000000e+00 5.468750000000000000e-02
1.000000000000000000e+00 4.453125000000000000e-01
0.000000000000000000e+00 8.320312500000000000e-01
1.000000000000000000e+00 8.007812500000000000e-01
0.000000000000000000e+00 2.656250000000000000e-01
1.000000000000000000e+00 7.812500000000000000e-03
0.000000000000000000e+00 4.687500000000000000e-01
0.000000000000000000e+00 6.171875000000000000e-01
0.000000000000000000e+00 4.843750000000000000e-01
0.000000000000000000e+00 9.726562500000000000e-01
0.000000000000000000e+00 5.312500000000000000e-01
0.000000000000000000e+00 5.117187500000000000e-01
1.000000000000000000e+00 3.789062500000000000e-01
0.000000000000000000e+00 9.570312500000000000e-01
0.000000000000000000e+00 3.359375000000000000e-01
0.000000000000000000e+00 7.812500000000000000e-01
0.000000000000000000e+00 5.546875000000000000e-01
1.000000000000000000e+00 3.125000000000000000e-01
0.000000000000000000e+00 1.953125000000000000e-01
1.000000000000000000e+00 9.296875000000000000e-01
0.000000000000000000e+00 5.234375000000000000e-01
0.000000000000000000e+00 8.359375000000000000e-01
1.000000000000000000e+00 1.562500000000000000e-02
1.000000000000000000e+00 8.046875000000000000e-01
0.000000000000000000e+00 7.500000000000000000e-01
1.000000000000000000e+00 5.000000000000000000e-01
0.000000000000000000e+00 8.945312500000000000e-01
0.000000000000000000e+00 2.187500000000000000e-01
1.000000000000000000e+00 3.476562500000000000e-01
1.000000000000000000e+00 7.890625000000000000e-01
0.000000000000000000e+00 8.125000000000000000e-01
1.000000000000000000e+00 7.343750000000000000e-01
0.000000000000000000e+00 2.109375000000000000e-01
0.000000000000000000e+00 1.796875000000000000e-01
0.000000000000000000e+00 9.609375000000000000e-01
1.000000000000000000e+00 8.203125000000000000e-01
0.000000000000000000e+00 4.609375000000000000e-01
0.000000000000000000e+00 5.078125000000000000e-01
0.000000000000000000e+00 4.062500000000000000e-01
1.000000000000000000e+00 5.703125000000000000e-01
0.000000000000000000e+00 0.000000000000000000e+00
0.000000000000000000e+00 1.250000018626451492e-02
0.000000000000000000e+00 2.500000037252902985e-02
0.000000000000000000e+00 3.750000149011611938e-02
0.000000000000000000e+00 5.000000074505805969e-02
0.000000000000000000e+00 6.250000000000000000e-02
0.000000000000000000e+00 7.500000298023223877e-02
0.000000000000000000e+00 8.749999850988388062e-02
0.000000000000000000e+00 1.000000014901161194e-01
0.000000000000000000e+00 1.124999970197677612e-01
0.000000000000000000e+00 1.250000000000000000e-01
0.000000000000000000e+00 1.375000029802322388e-01
0.000000000000000000e+00 1.500000059604644775e-01
0.000000000000000000e+00 1.624999940395355225e-01
0.000000000000000000e+00 1.749999970197677612e-01
0.000000000000000000e+00 1.875000000000000000e-01
0.000000000000000000e+00 2.000000029802322388e-01
0.000000000000000000e+00 2.125000059604644775e-01
0.000000000000000000e+00 2.249999940395355225e-01
0.000000000000000000e+00 2.374999970197677612e-01
0.000000000000000000e+00 2.500000000000000000e-01
0.000000000000000000e+00 2.624999880790710449e-01
0.000000000000000000e+00 2.750000059604644775e-01
0.000000000000000000e+00 2.874999940395355225e-01
0.000000000000000000e+00 3.000000119209289551e-01
0.000000000000000000e+00 3.125000000000000000e-01
0.000000000000000000e+00 3.249999880790710449e-01
0.000000000000000000e+00 3.375000059604644775e-01
0.000000000000000000e+00 3.499999940395355225e-01
0.000000000000000000e+00 3.625000119209289551e-01
0.000000000000000000e+00 3.750000000000000000e-01
0.000000000000000000e+00 3.874999880790710449e-01
0.000000000000000000e+00 4.000000059604644775e-01
0.000000000000000000e+00 4.124999940395355225e-01
0.000000000000000000e+00 4.250000119209289551e-01
0.000000000000000000e+00 4.375000000000000000e-01
0.000000000000000000e+00 4.499999880790710449e-01
0.000000000000000000e+00 4.625000059604644775e-01
0.000000000000000000e+00 4.749999940395355225e-01
0.000000000000000000e+00 4.875000119209289551e-01
0.000000000000000000e+00 5.000000000000000000e-01
0.000000000000000000e+00 5.124999880790710449e-01
0.000000000000000000e+00 5.249999761581420898e-01
0.000000000000000000e+00 5.375000238418579102e-01
0.000000000000000000e+00 5.500000119209289551e-01
0.000000000000000000e+00 5.625000000000000000e-01
0.000000000000000000e+00 5.749999880790710449e-01
0.000000000000000000e+00 5.874999761581420898e-01
0.000000000000000000e+00 6.000000238418579102e-01
0.000000000000000000e+00 6.125000119209289551e-01
0.000000000000000000e+00 6.250000000000000000e-01
0.000000000000000000e+00 6.374999880790710449e-01
0.000000000000000000e+00 6.499999761581420898e-01
0.000000000000000000e+00 6.625000238418579102e-01
0.000000000000000000e+00 6.750000119209289551e-01
0.000000000000000000e+00 6.875000000000000000e-01
0.000000000000000000e+00 6.999999880790710449e-01
0.000000000000000000e+00 7.124999761581420898e-01
0.000000000000000000e+00 7.250000238418579102e-01
0.000000000000000000e+00 7.375000119209289551e-01
0.000000000000000000e+00 7.500000000000000000e-01
0.000000000000000000e+00 7.624999880790710449e-01
0.000000000000000000e+00 7.749999761581420898e-01
0.000000000000000000e+00 7.875000238418579102e-01
0.000000000000000000e+00 8.000000119209289551e-01
0.000000000000000000e+00 8.125000000000000000e-01
0.000000000000000000e+00 8.249999880790710449e-01
0.000000000000000000e+00 8.374999761581420898e-01
0.000000000000000000e+00 8.500000238418579102e-01
0.000000000000000000e+00 8.625000119209289551e-01
0.000000000000000000e+00 8.750000000000000000e-01
0.000000000000000000e+00 8.874999880790710449e-01
0.000000000000000000e+00 8.999999761581420898e-01
0.000000000000000000e+00 9.125000238418579102e-01
0.000000000000000000e+00 9.250000119209289551e-01
0.000000000000000000e+00 9.375000000000000000e-01
0.000000000000000000e+00 9.499999880790710449e-01
0.000000000000000000e+00 9.624999761581420898e-01
0.000000000000000000e+00 9.750000238418579102e-01
0.000000000000000000e+00 9.875000119209289551e-01
0.000000000000000000e+00 1.000000000000000000e+00
1.250000018626451492e-02 0.000000000000000000e+00
1.250000018626451492e-02 1.250000018626451492e-02
1.250000018626451492e-02 2.500000037252902985e-02
1.250000018626451492e-02 3.750000149011611938e-02
1.250000018626451492e-02 5.000000074505805969e-02
1.250000018626451492e-02 6.250000000000000000e-02
1.250000018626451492e-02 7.500000298023223877e-02
1.250000018626451492e-02 8.749999850988388062e-02
1.250000018626451492e-02 1.000000014901161194e-01
1.250000018626451492e-02 1.124999970197677612e-01
1.250000018626451492e-02 1.250000000000000000e-01
1.250000018626451492e-02 1.375000029802322388e-01
1.250000018626451492e-02 1.500000059604644775e-01
1.250000018626451492e-02 1.624999940395355225e-01
1.250000018626451492e-02 1.749999970197677612e-01
1.250000018626451492e-02 1.875000000000000000e-01
1.250000018626451492e-02 2.000000029802322388e-01
1.250000018626451492e-02 2.125000059604644775e-01
1.250000018626451492e-02 2.249999940395355225e-01
1.250000018626451492e-02 2.374999970197677612e-01
1.250000018626451492e-02 2.500000000000000000e-01
1.250000018626451492e-02 2.624999880790710449e-01
1.250000018626451492e-02 2.750000059604644775e-01
1.250000018626451492e-02 2.874999940395355225e-01
1.250000018626451492e-02 3.000000119209289551e-01
1.250000018626451492e-02 3.125000000000000000e-01
1.250000018626451492e-02 3.249999880790710449e-01
1.250000018626451492e-02 3.375000059604644775e-01
1.250000018626451492e-02 3.499999940395355225e-01
1.250000018626451492e-02 3.625000119209289551e-01
1.250000018626451492e-02 3.750000000000000000e-01
1.250000018626451492e-02 3.874999880790710449e-01
1.250000018626451492e-02 4.000000059604644775e-01
1.250000018626451492e-02 4.124999940395355225e-01
1.250000018626451492e-02 4.250000119209289551e-01
1.250000018626451492e-02 4.375000000000000000e-01
1.250000018626451492e-02 4.499999880790710449e-01
1.250000018626451492e-02 4.625000059604644775e-01
1.250000018626451492e-02 4.749999940395355225e-01
1.250000018626451492e-02 4.875000119209289551e-01
1.250000018626451492e-02 5.000000000000000000e-01
1.250000018626451492e-02 5.124999880790710449e-01
1.250000018626451492e-02 5.249999761581420898e-01
1.250000018626451492e-02 5.375000238418579102e-01
1.250000018626451492e-02 5.500000119209289551e-01
1.250000018626451492e-02 5.625000000000000000e-01
1.250000018626451492e-02 5.749999880790710449e-01
1.250000018626451492e-02 5.874999761581420898e-01
1.250000018626451492e-02 6.000000238418579102e-01
1.250000018626451492e-02 6.125000119209289551e-01
1.250000018626451492e-02 6.250000000000000000e-01
1.250000018626451492e-02 6.374999880790710449e-01
1.250000018626451492e-02 6.499999761581420898e-01
1.250000018626451492e-02 6.625000238418579102e-01
1.250000018626451492e-02 6.750000119209289551e-01
1.250000018626451492e-02 6.875000000000000000e-01
1.250000018626451492e-02 6.999999880790710449e-01
1.250000018626451492e-02 7.124999761581420898e-01
1.250000018626451492e-02 7.250000238418579102e-01
1.250000018626451492e-02 7.375000119209289551e-01
1.250000018626451492e-02 7.500000000000000000e-01
1.250000018626451492e-02 7.624999880790710449e-01
1.250000018626451492e-02 7.749999761581420898e-01
1.250000018626451492e-02 7.875000238418579102e-01
1.250000018626451492e-02 8.000000119209289551e-01
1.250000018626451492e-02 8.125000000000000000e-01
1.250000018626451492e-02 8.249999880790710449e-01
1.250000018626451492e-02 8.374999761581420898e-01
1.250000018626451492e-02 8.500000238418579102e-01
1.250000018626451492e-02 8.625000119209289551e-01
1.250000018626451492e-02 8.750000000000000000e-01
1.250000018626451492e-02 8.874999880790710449e-01
1.250000018626451492e-02 8.999999761581420898e-01
1.250000018626451492e-02 9.125000238418579102e-01
1.250000018626451492e-02 9.250000119209289551e-01
1.250000018626451492e-02 9.375000000000000000e-01
1.250000018626451492e-02 9.499999880790710449e-01
1.250000018626451492e-02 9.624999761581420898e-01
1.250000018626451492e-02 9.750000238418579102e-01
1.250000018626451492e-02 9.875000119209289551e-01
1.250000018626451492e-02 1.000000000000000000e+00
2.500000037252902985e-02 0.000000000000000000e+00
2.500000037252902985e-02 1.250000018626451492e-02
2.500000037252902985e-02 2.500000037252902985e-02
2.500000037252902985e-02 3.750000149011611938e-02
2.500000037252902985e-02 5.000000074505805969e-02
2.500000037252902985e-02 6.250000000000000000e-02
2.500000037252902985e-02 7.500000298023223877e-02
2.500000037252902985e-02 8.749999850988388062e-02
2.500000037252902985e-02 1.000000014901161194e-01
2.500000037252902985e-02 1.124999970197677612e-01
2.500000037252902985e-02 1.250000000000000000e-01
2.500000037252902985e-02 1.375000029802322388e-01
2.500000037252902985e-02 1.500000059604644775e-01
2.500000037252902985e-02 1.624999940395355225e-01
2.500000037252902985e-02 1.749999970197677612e-01
2.500000037252902985e-02 1.875000000000000000e-01
2.500000037252902985e-02 2.000000029802322388e-01
2.500000037252902985e-02 2.125000059604644775e-01
2.500000037252902985e-02 2.249999940395355225e-01
2.500000037252902985e-02 2.374999970197677612e-01
2.500000037252902985e-02 2.500000000000000000e-01
2.500000037252902985e-02 2.624999880790710449e-01
2.500000037252902985e-02 2.750000059604644775e-01
2.500000037252902985e-02 2.874999940395355225e-01
2.500000037252902985e-02 3.000000119209289551e-01
2.500000037252902985e-02 3.125000000000000000e-01
2.500000037252902985e-02 3.249999880790710449e-01
2.500000037252902985e-02 3.375000059604644775e-01
2.500000037252902985e-02 3.499999940395355225e-01
2.500000037252902985e-02 3.625000119209289551e-01
2.500000037252902985e-02 3.750000000000000000e-01
2.500000037252902985e-02 3.874999880790710449e-01
2.500000037252902985e-02 4.000000059604644775e-01
2.500000037252902985e-02 4.124999940395355225e-01
2.500000037252902985e-02 4.250000119209289551e-01
2.500000037252902985e-02 4.375000000000000000e-01
2.500000037252902985e-02 4.499999880790710449e-01
2.500000037252902985e-02 4.625000059604644775e-01
2.500000037252902985e-02 4.749999940395355225e-01
2.500000037252902985e-02 4.875000119209289551e-01
2.500000037252902985e-02 5.000000000000000000e-01
2.500000037252902985e-02 5.124999880790710449e-01
2.500000037252902985e-02 5.249999761581420898e-01
2.500000037252902985e-02 5.375000238418579102e-01
2.500000037252902985e-02 5.500000119209289551e-01
2.500000037252902985e-02 5.625000000000000000e-01
2.500000037252902985e-02 5.749999880790710449e-01
2.500000037252902985e-02 5.874999761581420898e-01
2.500000037252902985e-02 6.000000238418579102e-01
2.500000037252902985e-02 6.125000119209289551e-01
2.500000037252902985e-02 6.250000000000000000e-01
2.500000037252902985e-02 6.374999880790710449e-01
2.500000037252902985e-02 6.499999761581420898e-01
2.500000037252902985e-02 6.625000238418579102e-01
2.500000037252902985e-02 6.750000119209289551e-01
2.500000037252902985e-02 6.875000000000000000e-01
2.500000037252902985e-02 6.999999880790710449e-01
2.500000037252902985e-02 7.124999761581420898e-01
2.500000037252902985e-02 7.250000238418579102e-01
2.500000037252902985e-02 7.375000119209289551e-01
2.500000037252902985e-02 7.500000000000000000e-01
2.500000037252902985e-02 7.624999880790710449e-01
2.500000037252902985e-02 7.749999761581420898e-01
2.500000037252902985e-02 7.875000238418579102e-01
2.500000037252902985e-02 8.000000119209289551e-01
2.500000037252902985e-02 8.125000000000000000e-01
2.500000037252902985e-02 8.249999880790710449e-01
2.500000037252902985e-02 8.374999761581420898e-01
2.500000037252902985e-02 8.500000238418579102e-01
2.500000037252902985e-02 8.625000119209289551e-01
2.500000037252902985e-02 8.750000000000000000e-01
2.500000037252902985e-02 8.874999880790710449e-01
2.500000037252902985e-02 8.999999761581420898e-01
2.500000037252902985e-02 9.125000238418579102e-01
2.500000037252902985e-02 9.250000119209289551e-01
2.500000037252902985e-02 9.375000000000000000e-01
2.500000037252902985e-02 9.499999880790710449e-01
2.500000037252902985e-02 9.624999761581420898e-01
2.500000037252902985e-02 9.750000238418579102e-01
2.500000037252902985e-02 9.875000119209289551e-01
2.500000037252902985e-02 1.000000000000000000e+00
3.750000149011611938e-02 0.000000000000000000e+00
3.750000149011611938e-02 1.250000018626451492e-02
3.750000149011611938e-02 2.500000037252902985e-02
3.750000149011611938e-02 3.750000149011611938e-02
3.750000149011611938e-02 5.000000074505805969e-02
3.750000149011611938e-02 6.250000000000000000e-02
3.750000149011611938e-02 7.500000298023223877e-02
3.750000149011611938e-02 8.749999850988388062e-02
3.750000149011611938e-02 1.000000014901161194e-01
3.750000149011611938e-02 1.124999970197677612e-01
3.750000149011611938e-02 1.250000000000000000e-01
3.750000149011611938e-02 1.375000029802322388e-01
3.750000149011611938e-02 1.500000059604644775e-01
3.750000149011611938e-02 1.624999940395355225e-01
3.750000149011611938e-02 1.749999970197677612e-01
3.750000149011611938e-02 1.875000000000000000e-01
3.750000149011611938e-02 2.000000029802322388e-01
3.750000149011611938e-02 2.125000059604644775e-01
3.750000149011611938e-02 2.249999940395355225e-01
3.750000149011611938e-02 2.374999970197677612e-01
3.750000149011611938e-02 2.500000000000000000e-01
3.750000149011611938e-02 2.624999880790710449e-01
3.750000149011611938e-02 2.750000059604644775e-01
3.750000149011611938e-02 2.874999940395355225e-01
3.750000149011611938e-02 3.000000119209289551e-01
3.750000149011611938e-02 3.125000000000000000e-01
3.750000149011611938e-02 3.249999880790710449e-01
3.750000149011611938e-02 3.375000059604644775e-01
3.750000149011611938e-02 3.499999940395355225e-01
3.750000149011611938e-02 3.625000119209289551e-01
3.750000149011611938e-02 3.750000000000000000e-01
3.750000149011611938e-02 3.874999880790710449e-01
3.750000149011611938e-02 4.000000059604644775e-01
3.750000149011611938e-02 4.124999940395355225e-01
3.750000149011611938e-02 4.250000119209289551e-01
3.750000149011611938e-02 4.375000000000000000e-01
3.750000149011611938e-02 4.499999880790710449e-01
3.750000149011611938e-02 4.625000059604644775e-01
3.750000149011611938e-02 4.749999940395355225e-01
3.750000149011611938e-02 4.875000119209289551e-01
3.750000149011611938e-02 5.000000000000000000e-01
3.750000149011611938e-02 5.124999880790710449e-01
3.750000149011611938e-02 5.249999761581420898e-01
3.750000149011611938e-02 5.375000238418579102e-01
3.750000149011611938e-02 5.500000119209289551e-01
3.750000149011611938e-02 5.625000000000000000e-01
3.750000149011611938e-02 5.749999880790710449e-01
3.750000149011611938e-02 5.874999761581420898e-01
3.750000149011611938e-02 6.000000238418579102e-01
3.750000149011611938e-02 6.125000119209289551e-01
3.750000149011611938e-02 6.250000000000000000e-01
3.750000149011611938e-02 6.374999880790710449e-01
3.750000149011611938e-02 6.499999761581420898e-01
3.750000149011611938e-02 6.625000238418579102e-01
3.750000149011611938e-02 6.750000119209289551e-01
3.750000149011611938e-02 6.875000000000000000e-01
3.750000149011611938e-02 6.999999880790710449e-01
3.750000149011611938e-02 7.124999761581420898e-01
3.750000149011611938e-02 7.250000238418579102e-01
3.750000149011611938e-02 7.375000119209289551e-01
3.750000149011611938e-02 7.500000000000000000e-01
3.750000149011611938e-02 7.624999880790710449e-01
3.750000149011611938e-02 7.749999761581420898e-01
3.750000149011611938e-02 7.875000238418579102e-01
3.750000149011611938e-02 8.000000119209289551e-01
3.750000149011611938e-02 8.125000000000000000e-01
3.750000149011611938e-02 8.249999880790710449e-01
3.750000149011611938e-02 8.374999761581420898e-01
3.750000149011611938e-02 8.500000238418579102e-01
3.750000149011611938e-02 8.625000119209289551e-01
3.750000149011611938e-02 8.750000000000000000e-01
3.750000149011611938e-02 8.874999880790710449e-01
3.750000149011611938e-02 8.999999761581420898e-01
3.750000149011611938e-02 9.125000238418579102e-01
3.750000149011611938e-02 9.250000119209289551e-01
3.750000149011611938e-02 9.375000000000000000e-01
3.750000149011611938e-02 9.499999880790710449e-01
3.750000149011611938e-02 9.624999761581420898e-01
3.750000149011611938e-02 9.750000238418579102e-01
3.750000149011611938e-02 9.875000119209289551e-01
3.750000149011611938e-02 1.000000000000000000e+00
5.000000074505805969e-02 0.000000000000000000e+00
5.000000074505805969e-02 1.250000018626451492e-02
5.000000074505805969e-02 2.500000037252902985e-02
5.000000074505805969e-02 3.750000149011611938e-02
5.000000074505805969e-02 5.000000074505805969e-02
5.000000074505805969e-02 6.250000000000000000e-02
5.000000074505805969e-02 7.500000298023223877e-02
5.000000074505805969e-02 8.749999850988388062e-02
5.000000074505805969e-02 1.000000014901161194e-01
5.000000074505805969e-02 1.124999970197677612e-01
5.000000074505805969e-02 1.250000000000000000e-01
5.000000074505805969e-02 1.375000029802322388e-01
5.000000074505805969e-02 1.500000059604644775e-01
5.000000074505805969e-02 1.624999940395355225e-01
5.000000074505805969e-02 1.749999970197677612e-01
5.000000074505805969e-02 1.875000000000000000e-01
5.000000074505805969e-02 2.000000029802322388e-01
5.000000074505805969e-02 2.125000059604644775e-01
5.000000074505805969e-02 2.249999940395355225e-01
5.000000074505805969e-02 2.374999970197677612e-01
5.000000074505805969e-02 2.500000000000000000e-01
5.000000074505805969e-02 2.624999880790710449e-01
5.000000074505805969e-02 2.750000059604644775e-01
5.000000074505805969e-02 2.874999940395355225e-01
5.000000074505805969e-02 3.000000119209289551e-01
5.000000074505805969e-02 3.125000000000000000e-01
5.000000074505805969e-02 3.249999880790710449e-01
5.000000074505805969e-02 3.375000059604644775e-01
5.000000074505805969e-02 3.499999940395355225e-01
5.000000074505805969e-02 3.625000119209289551e-01
5.000000074505805969e-02 3.750000000000000000e-01
5.000000074505805969e-02 3.874999880790710449e-01
5.000000074505805969e-02 4.000000059604644775e-01
5.000000074505805969e-02 4.124999940395355225e-01
5.000000074505805969e-02 4.250000119209289551e-01
5.000000074505805969e-02 4.375000000000000000e-01
5.000000074505805969e-02 4.499999880790710449e-01
5.000000074505805969e-02 4.625000059604644775e-01
5.000000074505805969e-02 4.749999940395355225e-01
5.000000074505805969e-02 4.875000119209289551e-01
5.000000074505805969e-02 5.000000000000000000e-01
5.000000074505805969e-02 5.124999880790710449e-01
5.000000074505805969e-02 5.249999761581420898e-01
5.000000074505805969e-02 5.375000238418579102e-01
5.000000074505805969e-02 5.500000119209289551e-01
5.000000074505805969e-02 5.625000000000000000e-01
5.000000074505805969e-02 5.749999880790710449e-01
5.000000074505805969e-02 5.874999761581420898e-01
5.000000074505805969e-02 6.000000238418579102e-01
5.000000074505805969e-02 6.125000119209289551e-01
5.000000074505805969e-02 6.250000000000000000e-01
5.000000074505805969e-02 6.374999880790710449e-01
5.000000074505805969e-02 6.499999761581420898e-01
5.000000074505805969e-02 6.625000238418579102e-01
5.000000074505805969e-02 6.750000119209289551e-01
5.000000074505805969e-02 6.875000000000000000e-01
5.000000074505805969e-02 6.999999880790710449e-01
5.000000074505805969e-02 7.124999761581420898e-01
5.000000074505805969e-02 7.250000238418579102e-01
5.000000074505805969e-02 7.375000119209289551e-01
5.000000074505805969e-02 7.500000000000000000e-01
5.000000074505805969e-02 7.624999880790710449e-01
5.000000074505805969e-02 7.749999761581420898e-01
5.000000074505805969e-02 7.875000238418579102e-01
5.000000074505805969e-02 8.000000119209289551e-01
5.000000074505805969e-02 8.125000000000000000e-01
5.000000074505805969e-02 8.249999880790710449e-01
5.000000074505805969e-02 8.374999761581420898e-01
5.000000074505805969e-02 8.500000238418579102e-01
5.000000074505805969e-02 8.625000119209289551e-01
5.000000074505805969e-02 8.750000000000000000e-01
5.000000074505805969e-02 8.874999880790710449e-01
5.000000074505805969e-02 8.999999761581420898e-01
5.000000074505805969e-02 9.125000238418579102e-01
5.000000074505805969e-02 9.250000119209289551e-01
5.000000074505805969e-02 9.375000000000000000e-01
5.000000074505805969e-02 9.499999880790710449e-01
5.000000074505805969e-02 9.624999761581420898e-01
5.000000074505805969e-02 9.750000238418579102e-01
5.000000074505805969e-02 9.875000119209289551e-01
5.000000074505805969e-02 1.000000000000000000e+00
6.250000000000000000e-02 0.000000000000000000e+00
6.250000000000000000e-02 1.250000018626451492e-02
6.250000000000000000e-02 2.500000037252902985e-02
6.250000000000000000e-02 3.750000149011611938e-02
6.250000000000000000e-02 5.000000074505805969e-02
6.250000000000000000e-02 6.250000000000000000e-02
6.250000000000000000e-02 7.500000298023223877e-02
6.250000000000000000e-02 8.749999850988388062e-02
6.250000000000000000e-02 1.000000014901161194e-01
6.250000000000000000e-02 1.124999970197677612e-01
6.250000000000000000e-02 1.250000000000000000e-01
6.250000000000000000e-02 1.375000029802322388e-01
6.250000000000000000e-02 1.500000059604644775e-01
6.250000000000000000e-02 1.624999940395355225e-01
6.250000000000000000e-02 1.749999970197677612e-01
6.250000000000000000e-02 1.875000000000000000e-01
6.250000000000000000e-02 2.000000029802322388e-01
6.250000000000000000e-02 2.125000059604644775e-01
6.250000000000000000e-02 2.249999940395355225e-01
6.250000000000000000e-02 2.374999970197677612e-01
6.250000000000000000e-02 2.500000000000000000e-01
6.250000000000000000e-02 2.624999880790710449e-01
6.250000000000000000e-02 2.750000059604644775e-01
6.250000000000000000e-02 2.874999940395355225e-01
6.250000000000000000e-02 3.000000119209289551e-01
6.250000000000000000e-02 3.125000000000000000e-01
6.250000000000000000e-02 3.249999880790710449e-01
6.250000000000000000e-02 3.375000059604644775e-01
6.250000000000000000e-02 3.499999940395355225e-01
6.250000000000000000e-02 3.625000119209289551e-01
6.250000000000000000e-02 3.750000000000000000e-01
6.250000000000000000e-02 3.874999880790710449e-01
6.250000000000000000e-02 4.000000059604644775e-01
6.250000000000000000e-02 4.124999940395355225e-01
6.250000000000000000e-02 4.250000119209289551e-01
6.250000000000000000e-02 4.375000000000000000e-01
6.250000000000000000e-02 4.499999880790710449e-01
6.250000000000000000e-02 4.625000059604644775e-01
6.250000000000000000e-02 4.749999940395355225e-01
6.250000000000000000e-02 4.875000119209289551e-01
6.250000000000000000e-02 5.000000000000000000e-01
6.250000000000000000e-02 5.124999880790710449e-01
6.250000000000000000e-02 5.249999761581420898e-01
6.250000000000000000e-02 5.375000238418579102e-01
6.250000000000000000e-02 5.500000119209289551e-01
6.250000000000000000e-02 5.625000000000000000e-01
6.250000000000000000e-02 5.749999880790710449e-01
6.250000000000000000e-02 5.874999761581420898e-01
6.250000000000000000e-02 6.000000238418579102e-01
6.250000000000000000e-02 6.125000119209289551e-01
6.250000000000000000e-02 6.250000000000000000e-01
6.250000000000000000e-02 6.374999880790710449e-01
6.250000000000000000e-02 6.499999761581420898e-01
6.250000000000000000e-02 6.625000238418579102e-01
6.250000000000000000e-02 6.750000119209289551e-01
6.250000000000000000e-02 6.875000000000000000e-01
6.250000000000000000e-02 6.999999880790710449e-01
6.250000000000000000e-02 7.124999761581420898e-01
6.250000000000000000e-02 7.250000238418579102e-01
6.250000000000000000e-02 7.375000119209289551e-01
6.250000000000000000e-02 7.500000000000000000e-01
6.250000000000000000e-02 7.624999880790710449e-01
6.250000000000000000e-02 7.749999761581420898e-01
6.250000000000000000e-02 7.875000238418579102e-01
6.250000000000000000e-02 8.000000119209289551e-01
6.250000000000000000e-02 8.125000000000000000e-01
6.250000000000000000e-02 8.249999880790710449e-01
6.250000000000000000e-02 8.374999761581420898e-01
6.250000000000000000e-02 8.500000238418579102e-01
6.250000000000000000e-02 8.625000119209289551e-01
6.250000000000000000e-02 8.750000000000000000e-01
6.250000000000000000e-02 8.874999880790710449e-01
6.250000000000000000e-02 8.999999761581420898e-01
6.250000000000000000e-02 9.125000238418579102e-01
6.250000000000000000e-02 9.250000119209289551e-01
6.250000000000000000e-02 9.375000000000000000e-01
6.250000000000000000e-02 9.499999880790710449e-01
6.250000000000000000e-02 9.624999761581420898e-01
6.250000000000000000e-02 9.750000238418579102e-01
6.250000000000000000e-02 9.875000119209289551e-01
6.250000000000000000e-02 1.000000000000000000e+00
7.500000298023223877e-02 0.000000000000000000e+00
7.500000298023223877e-02 1.250000018626451492e-02
7.500000298023223877e-02 2.500000037252902985e-02
7.500000298023223877e-02 3.750000149011611938e-02
7.500000298023223877e-02 5.000000074505805969e-02
7.500000298023223877e-02 6.250000000000000000e-02
7.500000298023223877e-02 7.500000298023223877e-02
7.500000298023223877e-02 8.749999850988388062e-02
7.500000298023223877e-02 1.000000014901161194e-01
7.500000298023223877e-02 1.124999970197677612e-01
7.500000298023223877e-02 1.250000000000000000e-01
7.500000298023223877e-02 1.375000029802322388e-01
7.500000298023223877e-02 1.500000059604644775e-01
7.500000298023223877e-02 1.624999940395355225e-01
7.500000298023223877e-02 1.749999970197677612e-01
7.500000298023223877e-02 1.875000000000000000e-01
7.500000298023223877e-02 2.000000029802322388e-01
7.500000298023223877e-02 2.125000059604644775e-01
7.500000298023223877e-02 2.249999940395355225e-01
7.500000298023223877e-02 2.374999970197677612e-01
7.500000298023223877e-02 2.500000000000000000e-01
7.500000298023223877e-02 2.624999880790710449e-01
7.500000298023223877e-02 2.750000059604644775e-01
7.500000298023223877e-02 2.874999940395355225e-01
7.500000298023223877e-02 3.000000119209289551e-01
7.500000298023223877e-02 3.125000000000000000e-01
7.500000298023223877e-02 3.249999880790710449e-01
7.500000298023223877e-02 3.375000059604644775e-01
7.500000298023223877e-02 3.499999940395355225e-01
7.500000298023223877e-02 3.625000119209289551e-01
7.500000298023223877e-02 3.750000000000000000e-01
7.500000298023223877e-02 3.874999880790710449e-01
7.500000298023223877e-02 4.000000059604644775e-01
7.500000298023223877e-02 4.124999940395355225e-01
7.500000298023223877e-02 4.250000119209289551e-01
7.500000298023223877e-02 4.375000000000000000e-01
7.500000298023223877e-02 4.499999880790710449e-01
7.500000298023223877e-02 4.625000059604644775e-01
7.500000298023223877e-02 4.749999940395355225e-01
7.500000298023223877e-02 4.875000119209289551e-01
7.500000298023223877e-02 5.000000000000000000e-01
7.500000298023223877e-02 5.124999880790710449e-01
7.500000298023223877e-02 5.249999761581420898e-01
7.500000298023223877e-02 5.375000238418579102e-01
7.500000298023223877e-02 5.500000119209289551e-01
7.500000298023223877e-02 5.625000000000000000e-01
7.500000298023223877e-02 5.749999880790710449e-01
7.500000298023223877e-02 5.874999761581420898e-01
7.500000298023223877e-02 6.000000238418579102e-01
7.500000298023223877e-02 6.125000119209289551e-01
7.500000298023223877e-02 6.250000000000000000e-01
7.500000298023223877e-02 6.374999880790710449e-01
7.500000298023223877e-02 6.499999761581420898e-01
7.500000298023223877e-02 6.625000238418579102e-01
7.500000298023223877e-02 6.750000119209289551e-01
7.500000298023223877e-02 6.875000000000000000e-01
7.500000298023223877e-02 6.999999880790710449e-01
7.500000298023223877e-02 7.124999761581420898e-01
7.500000298023223877e-02 7.250000238418579102e-01
7.500000298023223877e-02 7.375000119209289551e-01
7.500000298023223877e-02 7.500000000000000000e-01
7.500000298023223877e-02 7.624999880790710449e-01
7.500000298023223877e-02 7.749999761581420898e-01
7.500000298023223877e-02 7.875000238418579102e-01
7.500000298023223877e-02 8.000000119209289551e-01
7.500000298023223877e-02 8.125000000000000000e-01
7.500000298023223877e-02 8.249999880790710449e-01
7.500000298023223877e-02 8.374999761581420898e-01
7.500000298023223877e-02 8.500000238418579102e-01
7.500000298023223877e-02 8.625000119209289551e-01
7.500000298023223877e-02 8.750000000000000000e-01
7.500000298023223877e-02 8.874999880790710449e-01
7.500000298023223877e-02 8.999999761581420898e-01
7.500000298023223877e-02 9.125000238418579102e-01
7.500000298023223877e-02 9.250000119209289551e-01
7.500000298023223877e-02 9.375000000000000000e-01
7.500000298023223877e-02 9.499999880790710449e-01
7.500000298023223877e-02 9.624999761581420898e-01
7.500000298023223877e-02 9.750000238418579102e-01
7.500000298023223877e-02 9.875000119209289551e-01
7.500000298023223877e-02 1.000000000000000000e+00
8.749999850988388062e-02 0.000000000000000000e+00
8.749999850988388062e-02 1.250000018626451492e-02
8.749999850988388062e-02 2.500000037252902985e-02
8.749999850988388062e-02 3.750000149011611938e-02
8.749999850988388062e-02 5.000000074505805969e-02
8.749999850988388062e-02 6.250000000000000000e-02
8.749999850988388062e-02 7.500000298023223877e-02
8.749999850988388062e-02 8.749999850988388062e-02
8.749999850988388062e-02 1.000000014901161194e-01
8.749999850988388062e-02 1.124999970197677612e-01
8.749999850988388062e-02 1.250000000000000000e-01
8.749999850988388062e-02 1.375000029802322388e-01
8.749999850988388062e-02 1.500000059604644775e-01
8.749999850988388062e-02 1.624999940395355225e-01
8.749999850988388062e-02 1.749999970197677612e-01
8.749999850988388062e-02 1.875000000000000000e-01
8.749999850988388062e-02 2.000000029802322388e-01
8.749999850988388062e-02 2.125000059604644775e-01
8.749999850988388062e-02 2.249999940395355225e-01
8.749999850988388062e-02 2.374999970197677612e-01
8.749999850988388062e-02 2.500000000000000000e-01
8.749999850988388062e-02 2.624999880790710449e-01
8.749999850988388062e-02 2.750000059604644775e-01
8.749999850988388062e-02 2.874999940395355225e-01
8.749999850988388062e-02 3.000000119209289551e-01
8.749999850988388062e-02 3.125000000000000000e-01
8.749999850988388062e-02 3.249999880790710449e-01
8.749999850988388062e-02 3.375000059604644775e-01
8.749999850988388062e-02 3.499999940395355225e-01
8.749999850988388062e-02 3.625000119209289551e-01
8.749999850988388062e-02 3.750000000000000000e-01
8.749999850988388062e-02 3.874999880790710449e-01
8.749999850988388062e-02 4.000000059604644775e-01
8.749999850988388062e-02 4.124999940395355225e-01
8.749999850988388062e-02 4.250000119209289551e-01
8.749999850988388062e-02 4.375000000000000000e-01
8.749999850988388062e-02 4.499999880790710449e-01
8.749999850988388062e-02 4.625000059604644775e-01
8.749999850988388062e-02 4.749999940395355225e-01
8.749999850988388062e-02 4.875000119209289551e-01
8.749999850988388062e-02 5.000000000000000000e-01
8.749999850988388062e-02 5.124999880790710449e-01
8.749999850988388062e-02 5.249999761581420898e-01
8.749999850988388062e-02 5.375000238418579102e-01
8.749999850988388062e-02 5.500000119209289551e-01
8.749999850988388062e-02 5.625000000000000000e-01
8.749999850988388062e-02 5.749999880790710449e-01
8.749999850988388062e-02 5.874999761581420898e-01
8.749999850988388062e-02 6.000000238418579102e-01
8.749999850988388062e-02 6.125000119209289551e-01
8.749999850988388062e-02 6.250000000000000000e-01
8.749999850988388062e-02 6.374999880790710449e-01
8.749999850988388062e-02 6.499999761581420898e-01
8.749999850988388062e-02 6.625000238418579102e-01
8.749999850988388062e-02 6.750000119209289551e-01
8.749999850988388062e-02 6.875000000000000000e-01
8.749999850988388062e-02 6.999999880790710449e-01
8.749999850988388062e-02 7.124999761581420898e-01
8.749999850988388062e-02 7.250000238418579102e-01
8.749999850988388062e-02 7.375000119209289551e-01
8.749999850988388062e-02 7.500000000000000000e-01
8.749999850988388062e-02 7.624999880790710449e-01
8.749999850988388062e-02 7.749999761581420898e-01
8.749999850988388062e-02 7.875000238418579102e-01
8.749999850988388062e-02 8.000000119209289551e-01
8.749999850988388062e-02 8.125000000000000000e-01
8.749999850988388062e-02 8.249999880790710449e-01
8.749999850988388062e-02 8.374999761581420898e-01
8.749999850988388062e-02 8.500000238418579102e-01
8.749999850988388062e-02 8.625000119209289551e-01
8.749999850988388062e-02 8.750000000000000000e-01
8.749999850988388062e-02 8.874999880790710449e-01
8.749999850988388062e-02 8.999999761581420898e-01
8.749999850988388062e-02 9.125000238418579102e-01
8.749999850988388062e-02 9.250000119209289551e-01
8.749999850988388062e-02 9.375000000000000000e-01
8.749999850988388062e-02 9.499999880790710449e-01
8.749999850988388062e-02 9.624999761581420898e-01
8.749999850988388062e-02 9.750000238418579102e-01
8.749999850988388062e-02 9.875000119209289551e-01
8.749999850988388062e-02 1.000000000000000000e+00
1.000000014901161194e-01 0.000000000000000000e+00
1.000000014901161194e-01 1.250000018626451492e-02
1.000000014901161194e-01 2.500000037252902985e-02
1.000000014901161194e-01 3.750000149011611938e-02
1.000000014901161194e-01 5.000000074505805969e-02
1.000000014901161194e-01 6.250000000000000000e-02
1.000000014901161194e-01 7.500000298023223877e-02
1.000000014901161194e-01 8.749999850988388062e-02
1.000000014901161194e-01 1.000000014901161194e-01
1.000000014901161194e-01 1.124999970197677612e-01
1.000000014901161194e-01 1.250000000000000000e-01
1.000000014901161194e-01 1.375000029802322388e-01
1.000000014901161194e-01 1.500000059604644775e-01
1.000000014901161194e-01 1.624999940395355225e-01
1.000000014901161194e-01 1.749999970197677612e-01
1.000000014901161194e-01 1.875000000000000000e-01
1.000000014901161194e-01 2.000000029802322388e-01
1.000000014901161194e-01 2.125000059604644775e-01
1.000000014901161194e-01 2.249999940395355225e-01
1.000000014901161194e-01 2.374999970197677612e-01
1.000000014901161194e-01 2.500000000000000000e-01
1.000000014901161194e-01 2.624999880790710449e-01
1.000000014901161194e-01 2.750000059604644775e-01
1.000000014901161194e-01 2.874999940395355225e-01
1.000000014901161194e-01 3.000000119209289551e-01
1.000000014901161194e-01 3.125000000000000000e-01
1.000000014901161194e-01 3.249999880790710449e-01
1.000000014901161194e-01 3.375000059604644775e-01
1.000000014901161194e-01 3.499999940395355225e-01
1.000000014901161194e-01 3.625000119209289551e-01
1.000000014901161194e-01 3.750000000000000000e-01
1.000000014901161194e-01 3.874999880790710449e-01
1.000000014901161194e-01 4.000000059604644775e-01
1.000000014901161194e-01 4.124999940395355225e-01
1.000000014901161194e-01 4.250000119209289551e-01
1.000000014901161194e-01 4.375000000000000000e-01
1.000000014901161194e-01 4.499999880790710449e-01
1.000000014901161194e-01 4.625000059604644775e-01
1.000000014901161194e-01 4.749999940395355225e-01
1.000000014901161194e-01 4.875000119209289551e-01
1.000000014901161194e-01 5.000000000000000000e-01
1.000000014901161194e-01 5.124999880790710449e-01
1.000000014901161194e-01 5.249999761581420898e-01
1.000000014901161194e-01 5.375000238418579102e-01
1.000000014901161194e-01 5.500000119209289551e-01
1.000000014901161194e-01 5.625000000000000000e-01
1.000000014901161194e-01 5.749999880790710449e-01
1.000000014901161194e-01 5.874999761581420898e-01
1.000000014901161194e-01 6.000000238418579102e-01
1.000000014901161194e-01 6.125000119209289551e-01
1.000000014901161194e-01 6.250000000000000000e-01
1.000000014901161194e-01 6.374999880790710449e-01
1.000000014901161194e-01 6.499999761581420898e-01
1.000000014901161194e-01 6.625000238418579102e-01
1.000000014901161194e-01 6.750000119209289551e-01
1.000000014901161194e-01 6.875000000000000000e-01
1.000000014901161194e-01 6.999999880790710449e-01
1.000000014901161194e-01 7.124999761581420898e-01
1.000000014901161194e-01 7.250000238418579102e-01
1.000000014901161194e-01 7.375000119209289551e-01
1.000000014901161194e-01 7.500000000000000000e-01
1.000000014901161194e-01 7.624999880790710449e-01
1.000000014901161194e-01 7.749999761581420898e-01
1.000000014901161194e-01 7.875000238418579102e-01
1.000000014901161194e-01 8.000000119209289551e-01
1.000000014901161194e-01 8.125000000000000000e-01
1.000000014901161194e-01 8.249999880790710449e-01
1.000000014901161194e-01 8.374999761581420898e-01
1.000000014901161194e-01 8.500000238418579102e-01
1.000000014901161194e-01 8.625000119209289551e-01
1.000000014901161194e-01 8.750000000000000000e-01
1.000000014901161194e-01 8.874999880790710449e-01
1.000000014901161194e-01 8.999999761581420898e-01
1.000000014901161194e-01 9.125000238418579102e-01
1.000000014901161194e-01 9.250000119209289551e-01
1.000000014901161194e-01 9.375000000000000000e-01
1.000000014901161194e-01 9.499999880790710449e-01
1.000000014901161194e-01 9.624999761581420898e-01
1.000000014901161194e-01 9.750000238418579102e-01
1.000000014901161194e-01 9.875000119209289551e-01
1.000000014901161194e-01 1.000000000000000000e+00
1.124999970197677612e-01 0.000000000000000000e+00
1.124999970197677612e-01 1.250000018626451492e-02
1.124999970197677612e-01 2.500000037252902985e-02
1.124999970197677612e-01 3.750000149011611938e-02
1.124999970197677612e-01 5.000000074505805969e-02
1.124999970197677612e-01 6.250000000000000000e-02
1.124999970197677612e-01 7.500000298023223877e-02
1.124999970197677612e-01 8.749999850988388062e-02
1.124999970197677612e-01 1.000000014901161194e-01
1.124999970197677612e-01 1.124999970197677612e-01
1.124999970197677612e-01 1.250000000000000000e-01
1.124999970197677612e-01 1.375000029802322388e-01
1.124999970197677612e-01 1.500000059604644775e-01
1.124999970197677612e-01 1.624999940395355225e-01
1.124999970197677612e-01 1.749999970197677612e-01
1.124999970197677612e-01 1.875000000000000000e-01
1.124999970197677612e-01 2.000000029802322388e-01
1.124999970197677612e-01 2.125000059604644775e-01
1.124999970197677612e-01 2.249999940395355225e-01
1.124999970197677612e-01 2.374999970197677612e-01
1.124999970197677612e-01 2.500000000000000000e-01
1.124999970197677612e-01 2.624999880790710449e-01
1.124999970197677612e-01 2.750000059604644775e-01
1.124999970197677612e-01 2.874999940395355225e-01
1.124999970197677612e-01 3.000000119209289551e-01
1.124999970197677612e-01 3.125000000000000000e-01
1.124999970197677612e-01 3.249999880790710449e-01
1.124999970197677612e-01 3.375000059604644775e-01
1.124999970197677612e-01 3.499999940395355225e-01
1.124999970197677612e-01 3.625000119209289551e-01
1.124999970197677612e-01 3.750000000000000000e-01
1.124999970197677612e-01 3.874999880790710449e-01
1.124999970197677612e-01 4.000000059604644775e-01
1.124999970197677612e-01 4.124999940395355225e-01
1.124999970197677612e-01 4.250000119209289551e-01
1.124999970197677612e-01 4.375000000000000000e-01
1.124999970197677612e-01 4.499999880790710449e-01
1.124999970197677612e-01 4.625000059604644775e-01
1.124999970197677612e-01 4.749999940395355225e-01
1.124999970197677612e-01 4.875000119209289551e-01
1.124999970197677612e-01 5.000000000000000000e-01
1.124999970197677612e-01 5.124999880790710449e-01
1.124999970197677612e-01 5.249999761581420898e-01
1.124999970197677612e-01 5.375000238418579102e-01
1.124999970197677612e-01 5.500000119209289551e-01
1.124999970197677612e-01 5.625000000000000000e-01
1.124999970197677612e-01 5.749999880790710449e-01
1.124999970197677612e-01 5.874999761581420898e-01
1.124999970197677612e-01 6.000000238418579102e-01
1.124999970197677612e-01 6.125000119209289551e-01
1.124999970197677612e-01 6.250000000000000000e-01
1.124999970197677612e-01 6.374999880790710449e-01
1.124999970197677612e-01 6.499999761581420898e-01
1.124999970197677612e-01 6.625000238418579102e-01
1.124999970197677612e-01 6.750000119209289551e-01
1.124999970197677612e-01 6.875000000000000000e-01
1.124999970197677612e-01 6.999999880790710449e-01
1.124999970197677612e-01 7.124999761581420898e-01
1.124999970197677612e-01 7.250000238418579102e-01
1.124999970197677612e-01 7.375000119209289551e-01
1.124999970197677612e-01 7.500000000000000000e-01
1.124999970197677612e-01 7.624999880790710449e-01
1.124999970197677612e-01 7.749999761581420898e-01
1.124999970197677612e-01 7.875000238418579102e-01
1.124999970197677612e-01 8.000000119209289551e-01
1.124999970197677612e-01 8.125000000000000000e-01
1.124999970197677612e-01 8.249999880790710449e-01
1.124999970197677612e-01 8.374999761581420898e-01
1.124999970197677612e-01 8.500000238418579102e-01
1.124999970197677612e-01 8.625000119209289551e-01
1.124999970197677612e-01 8.750000000000000000e-01
1.124999970197677612e-01 8.874999880790710449e-01
1.124999970197677612e-01 8.999999761581420898e-01
1.124999970197677612e-01 9.125000238418579102e-01
1.124999970197677612e-01 9.250000119209289551e-01
1.124999970197677612e-01 9.375000000000000000e-01
1.124999970197677612e-01 9.499999880790710449e-01
1.124999970197677612e-01 9.624999761581420898e-01
1.124999970197677612e-01 9.750000238418579102e-01
1.124999970197677612e-01 9.875000119209289551e-01
1.124999970197677612e-01 1.000000000000000000e+00
1.250000000000000000e-01 0.000000000000000000e+00
1.250000000000000000e-01 1.250000018626451492e-02
1.250000000000000000e-01 2.500000037252902985e-02
1.250000000000000000e-01 3.750000149011611938e-02
1.250000000000000000e-01 5.000000074505805969e-02
1.250000000000000000e-01 6.250000000000000000e-02
1.250000000000000000e-01 7.500000298023223877e-02
1.250000000000000000e-01 8.749999850988388062e-02
1.250000000000000000e-01 1.000000014901161194e-01
1.250000000000000000e-01 1.124999970197677612e-01
1.250000000000000000e-01 1.250000000000000000e-01
1.250000000000000000e-01 1.375000029802322388e-01
1.250000000000000000e-01 1.500000059604644775e-01
1.250000000000000000e-01 1.624999940395355225e-01
1.250000000000000000e-01 1.749999970197677612e-01
1.250000000000000000e-01 1.875000000000000000e-01
1.250000000000000000e-01 2.000000029802322388e-01
1.250000000000000000e-01 2.125000059604644775e-01
1.250000000000000000e-01 2.249999940395355225e-01
1.250000000000000000e-01 2.374999970197677612e-01
1.250000000000000000e-01 2.500000000000000000e-01
1.250000000000000000e-01 2.624999880790710449e-01
1.250000000000000000e-01 2.750000059604644775e-01
1.250000000000000000e-01 2.874999940395355225e-01
1.250000000000000000e-01 3.000000119209289551e-01
1.250000000000000000e-01 3.125000000000000000e-01
1.250000000000000000e-01 3.249999880790710449e-01
1.250000000000000000e-01 3.375000059604644775e-01
1.250000000000000000e-01 3.499999940395355225e-01
1.250000000000000000e-01 3.625000119209289551e-01
1.250000000000000000e-01 3.750000000000000000e-01
1.250000000000000000e-01 3.874999880790710449e-01
1.250000000000000000e-01 4.000000059604644775e-01
1.250000000000000000e-01 4.124999940395355225e-01
1.250000000000000000e-01 4.250000119209289551e-01
1.250000000000000000e-01 4.375000000000000000e-01
1.250000000000000000e-01 4.499999880790710449e-01
1.250000000000000000e-01 4.625000059604644775e-01
1.250000000000000000e-01 4.749999940395355225e-01
1.250000000000000000e-01 4.875000119209289551e-01
1.250000000000000000e-01 5.000000000000000000e-01
1.250000000000000000e-01 5.124999880790710449e-01
1.250000000000000000e-01 5.249999761581420898e-01
1.250000000000000000e-01 5.375000238418579102e-01
1.250000000000000000e-01 5.500000119209289551e-01
1.250000000000000000e-01 5.625000000000000000e-01
1.250000000000000000e-01 5.749999880790710449e-01
1.250000000000000000e-01 5.874999761581420898e-01
1.250000000000000000e-01 6.000000238418579102e-01
1.250000000000000000e-01 6.125000119209289551e-01
1.250000000000000000e-01 6.250000000000000000e-01
1.250000000000000000e-01 6.374999880790710449e-01
1.250000000000000000e-01 6.499999761581420898e-01
1.250000000000000000e-01 6.625000238418579102e-01
1.250000000000000000e-01 6.750000119209289551e-01
1.250000000000000000e-01 6.875000000000000000e-01
1.250000000000000000e-01 6.999999880790710449e-01
1.250000000000000000e-01 7.124999761581420898e-01
1.250000000000000000e-01 7.250000238418579102e-01
1.250000000000000000e-01 7.375000119209289551e-01
1.250000000000000000e-01 7.500000000000000000e-01
1.250000000000000000e-01 7.624999880790710449e-01
1.250000000000000000e-01 7.749999761581420898e-01
1.250000000000000000e-01 7.875000238418579102e-01
1.250000000000000000e-01 8.000000119209289551e-01
1.250000000000000000e-01 8.125000000000000000e-01
1.250000000000000000e-01 8.249999880790710449e-01
1.250000000000000000e-01 8.374999761581420898e-01
1.250000000000000000e-01 8.500000238418579102e-01
1.250000000000000000e-01 8.625000119209289551e-01
1.250000000000000000e-01 8.750000000000000000e-01
1.250000000000000000e-01 8.874999880790710449e-01
1.250000000000000000e-01 8.999999761581420898e-01
1.250000000000000000e-01 9.125000238418579102e-01
1.250000000000000000e-01 9.250000119209289551e-01
1.250000000000000000e-01 9.375000000000000000e-01
1.250000000000000000e-01 9.499999880790710449e-01
1.250000000000000000e-01 9.624999761581420898e-01
1.250000000000000000e-01 9.750000238418579102e-01
1.250000000000000000e-01 9.875000119209289551e-01
1.250000000000000000e-01 1.000000000000000000e+00
1.375000029802322388e-01 0.000000000000000000e+00
1.375000029802322388e-01 1.250000018626451492e-02
1.375000029802322388e-01 2.500000037252902985e-02
1.375000029802322388e-01 3.750000149011611938e-02
1.375000029802322388e-01 5.000000074505805969e-02
1.375000029802322388e-01 6.250000000000000000e-02
1.375000029802322388e-01 7.500000298023223877e-02
1.375000029802322388e-01 8.749999850988388062e-02
1.375000029802322388e-01 1.000000014901161194e-01
1.375000029802322388e-01 1.124999970197677612e-01
1.375000029802322388e-01 1.250000000000000000e-01
1.375000029802322388e-01 1.375000029802322388e-01
1.375000029802322388e-01 1.500000059604644775e-01
1.375000029802322388e-01 1.624999940395355225e-01
1.375000029802322388e-01 1.749999970197677612e-01
1.375000029802322388e-01 1.875000000000000000e-01
1.375000029802322388e-01 2.000000029802322388e-01
1.375000029802322388e-01 2.125000059604644775e-01
1.375000029802322388e-01 2.249999940395355225e-01
1.375000029802322388e-01 2.374999970197677612e-01
1.375000029802322388e-01 2.500000000000000000e-01
1.375000029802322388e-01 2.624999880790710449e-01
1.375000029802322388e-01 2.750000059604644775e-01
1.375000029802322388e-01 2.874999940395355225e-01
1.375000029802322388e-01 3.000000119209289551e-01
1.375000029802322388e-01 3.125000000000000000e-01
1.375000029802322388e-01 3.249999880790710449e-01
1.375000029802322388e-01 3.375000059604644775e-01
1.375000029802322388e-01 3.499999940395355225e-01
1.375000029802322388e-01 3.625000119209289551e-01
1.375000029802322388e-01 3.750000000000000000e-01
1.375000029802322388e-01 3.874999880790710449e-01
1.375000029802322388e-01 4.000000059604644775e-01
1.375000029802322388e-01 4.124999940395355225e-01
1.375000029802322388e-01 4.250000119209289551e-01
1.375000029802322388e-01 4.375000000000000000e-01
1.375000029802322388e-01 4.499999880790710449e-01
1.375000029802322388e-01 4.625000059604644775e-01
1.375000029802322388e-01 4.749999940395355225e-01
1.375000029802322388e-01 4.875000119209289551e-01
1.375000029802322388e-01 5.000000000000000000e-01
1.375000029802322388e-01 5.124999880790710449e-01
1.375000029802322388e-01 5.249999761581420898e-01
1.375000029802322388e-01 5.375000238418579102e-01
1.375000029802322388e-01 5.500000119209289551e-01
1.375000029802322388e-01 5.625000000000000000e-01
1.375000029802322388e-01 5.749999880790710449e-01
1.375000029802322388e-01 5.874999761581420898e-01
1.375000029802322388e-01 6.000000238418579102e-01
1.375000029802322388e-01 6.125000119209289551e-01
1.375000029802322388e-01 6.250000000000000000e-01
1.375000029802322388e-01 6.374999880790710449e-01
1.375000029802322388e-01 6.499999761581420898e-01
1.375000029802322388e-01 6.625000238418579102e-01
1.375000029802322388e-01 6.750000119209289551e-01
1.375000029802322388e-01 6.875000000000000000e-01
1.375000029802322388e-01 6.999999880790710449e-01
1.375000029802322388e-01 7.124999761581420898e-01
1.375000029802322388e-01 7.250000238418579102e-01
1.375000029802322388e-01 7.375000119209289551e-01
1.375000029802322388e-01 7.500000000000000000e-01
1.375000029802322388e-01 7.624999880790710449e-01
1.375000029802322388e-01 7.749999761581420898e-01
1.375000029802322388e-01 7.875000238418579102e-01
1.375000029802322388e-01 8.000000119209289551e-01
1.375000029802322388e-01 8.125000000000000000e-01
1.375000029802322388e-01 8.249999880790710449e-01
1.375000029802322388e-01 8.374999761581420898e-01
1.375000029802322388e-01 8.500000238418579102e-01
1.375000029802322388e-01 8.625000119209289551e-01
1.375000029802322388e-01 8.750000000000000000e-01
1.375000029802322388e-01 8.874999880790710449e-01
1.375000029802322388e-01 8.999999761581420898e-01
1.375000029802322388e-01 9.125000238418579102e-01
1.375000029802322388e-01 9.250000119209289551e-01
1.375000029802322388e-01 9.375000000000000000e-01
1.375000029802322388e-01 9.499999880790710449e-01
1.375000029802322388e-01 9.624999761581420898e-01
1.375000029802322388e-01 9.750000238418579102e-01
1.375000029802322388e-01 9.875000119209289551e-01
1.375000029802322388e-01 1.000000000000000000e+00
1.500000059604644775e-01 0.000000000000000000e+00
1.500000059604644775e-01 1.250000018626451492e-02
1.500000059604644775e-01 2.500000037252902985e-02
1.500000059604644775e-01 3.750000149011611938e-02
1.500000059604644775e-01 5.000000074505805969e-02
1.500000059604644775e-01 6.250000000000000000e-02
1.500000059604644775e-01 7.500000298023223877e-02
1.500000059604644775e-01 8.749999850988388062e-02
1.500000059604644775e-01 1.000000014901161194e-01
1.500000059604644775e-01 1.124999970197677612e-01
1.500000059604644775e-01 1.250000000000000000e-01
1.500000059604644775e-01 1.375000029802322388e-01
1.500000059604644775e-01 1.500000059604644775e-01
1.500000059604644775e-01 1.624999940395355225e-01
1.500000059604644775e-01 1.749999970197677612e-01
1.500000059604644775e-01 1.875000000000000000e-01
1.500000059604644775e-01 2.000000029802322388e-01
1.500000059604644775e-01 2.125000059604644775e-01
1.500000059604644775e-01 2.249999940395355225e-01
1.500000059604644775e-01 2.374999970197677612e-01
1.500000059604644775e-01 2.500000000000000000e-01
1.500000059604644775e-01 2.624999880790710449e-01
1.500000059604644775e-01 2.750000059604644775e-01
1.500000059604644775e-01 2.874999940395355225e-01
1.500000059604644775e-01 3.000000119209289551e-01
1.500000059604644775e-01 3.125000000000000000e-01
1.500000059604644775e-01 3.249999880790710449e-01
1.500000059604644775e-01 3.375000059604644775e-01
1.500000059604644775e-01 3.499999940395355225e-01
1.500000059604644775e-01 3.625000119209289551e-01
1.500000059604644775e-01 3.750000000000000000e-01
1.500000059604644775e-01 3.874999880790710449e-01
1.500000059604644775e-01 4.000000059604644775e-01
1.500000059604644775e-01 4.124999940395355225e-01
1.500000059604644775e-01 4.250000119209289551e-01
1.500000059604644775e-01 4.375000000000000000e-01
1.500000059604644775e-01 4.499999880790710449e-01
1.500000059604644775e-01 4.625000059604644775e-01
1.500000059604644775e-01 4.749999940395355225e-01
1.500000059604644775e-01 4.875000119209289551e-01
1.500000059604644775e-01 5.000000000000000000e-01
1.500000059604644775e-01 5.124999880790710449e-01
1.500000059604644775e-01 5.249999761581420898e-01
1.500000059604644775e-01 5.375000238418579102e-01
1.500000059604644775e-01 5.500000119209289551e-01
1.500000059604644775e-01 5.625000000000000000e-01
1.500000059604644775e-01 5.749999880790710449e-01
1.500000059604644775e-01 5.874999761581420898e-01
1.500000059604644775e-01 6.000000238418579102e-01
1.500000059604644775e-01 6.125000119209289551e-01
1.500000059604644775e-01 6.250000000000000000e-01
1.500000059604644775e-01 6.374999880790710449e-01
1.500000059604644775e-01 6.499999761581420898e-01
1.500000059604644775e-01 6.625000238418579102e-01
1.500000059604644775e-01 6.750000119209289551e-01
1.500000059604644775e-01 6.875000000000000000e-01
1.500000059604644775e-01 6.999999880790710449e-01
1.500000059604644775e-01 7.124999761581420898e-01
1.500000059604644775e-01 7.250000238418579102e-01
1.500000059604644775e-01 7.375000119209289551e-01
1.500000059604644775e-01 7.500000000000000000e-01
1.500000059604644775e-01 7.624999880790710449e-01
1.500000059604644775e-01 7.749999761581420898e-01
1.500000059604644775e-01 7.875000238418579102e-01
1.500000059604644775e-01 8.000000119209289551e-01
1.500000059604644775e-01 8.125000000000000000e-01
1.500000059604644775e-01 8.249999880790710449e-01
1.500000059604644775e-01 8.374999761581420898e-01
1.500000059604644775e-01 8.500000238418579102e-01
1.500000059604644775e-01 8.625000119209289551e-01
1.500000059604644775e-01 8.750000000000000000e-01
1.500000059604644775e-01 8.874999880790710449e-01
1.500000059604644775e-01 8.999999761581420898e-01
1.500000059604644775e-01 9.125000238418579102e-01
1.500000059604644775e-01 9.250000119209289551e-01
1.500000059604644775e-01 9.375000000000000000e-01
1.500000059604644775e-01 9.499999880790710449e-01
1.500000059604644775e-01 9.624999761581420898e-01
1.500000059604644775e-01 9.750000238418579102e-01
1.500000059604644775e-01 9.875000119209289551e-01
1.500000059604644775e-01 1.000000000000000000e+00
1.624999940395355225e-01 0.000000000000000000e+00
1.624999940395355225e-01 1.250000018626451492e-02
1.624999940395355225e-01 2.500000037252902985e-02
1.624999940395355225e-01 3.750000149011611938e-02
1.624999940395355225e-01 5.000000074505805969e-02
1.624999940395355225e-01 6.250000000000000000e-02
1.624999940395355225e-01 7.500000298023223877e-02
1.624999940395355225e-01 8.749999850988388062e-02
1.624999940395355225e-01 1.000000014901161194e-01
1.624999940395355225e-01 1.124999970197677612e-01
1.624999940395355225e-01 1.250000000000000000e-01
1.624999940395355225e-01 1.375000029802322388e-01
1.624999940395355225e-01 1.500000059604644775e-01
1.624999940395355225e-01 1.624999940395355225e-01
1.624999940395355225e-01 1.749999970197677612e-01
1.624999940395355225e-01 1.875000000000000000e-01
1.624999940395355225e-01 2.000000029802322388e-01
1.624999940395355225e-01 2.125000059604644775e-01
1.624999940395355225e-01 2.249999940395355225e-01
1.624999940395355225e-01 2.374999970197677612e-01
1.624999940395355225e-01 2.500000000000000000e-01
1.624999940395355225e-01 2.624999880790710449e-01
1.624999940395355225e-01 2.750000059604644775e-01
1.624999940395355225e-01 2.874999940395355225e-01
1.624999940395355225e-01 3.000000119209289551e-01
1.624999940395355225e-01 3.125000000000000000e-01
1.624999940395355225e-01 3.249999880790710449e-01
1.624999940395355225e-01 3.375000059604644775e-01
1.624999940395355225e-01 3.499999940395355225e-01
1.624999940395355225e-01 3.625000119209289551e-01
1.624999940395355225e-01 3.750000000000000000e-01
1.624999940395355225e-01 3.874999880790710449e-01
1.624999940395355225e-01 4.000000059604644775e-01
1.624999940395355225e-01 4.124999940395355225e-01
1.624999940395355225e-01 4.250000119209289551e-01
1.624999940395355225e-01 4.375000000000000000e-01
1.624999940395355225e-01 4.499999880790710449e-01
1.624999940395355225e-01 4.625000059604644775e-01
1.624999940395355225e-01 4.749999940395355225e-01
1.624999940395355225e-01 4.875000119209289551e-01
1.624999940395355225e-01 5.000000000000000000e-01
1.624999940395355225e-01 5.124999880790710449e-01
1.624999940395355225e-01 5.249999761581420898e-01
1.624999940395355225e-01 5.375000238418579102e-01
1.624999940395355225e-01 5.500000119209289551e-01
1.624999940395355225e-01 5.625000000000000000e-01
1.624999940395355225e-01 5.749999880790710449e-01
1.624999940395355225e-01 5.874999761581420898e-01
1.624999940395355225e-01 6.000000238418579102e-01
1.624999940395355225e-01 6.125000119209289551e-01
1.624999940395355225e-01 6.250000000000000000e-01
1.624999940395355225e-01 6.374999880790710449e-01
1.624999940395355225e-01 6.499999761581420898e-01
1.624999940395355225e-01 6.625000238418579102e-01
1.624999940395355225e-01 6.750000119209289551e-01
1.624999940395355225e-01 6.875000000000000000e-01
1.624999940395355225e-01 6.999999880790710449e-01
1.624999940395355225e-01 7.124999761581420898e-01
1.624999940395355225e-01 7.250000238418579102e-01
1.624999940395355225e-01 7.375000119209289551e-01
1.624999940395355225e-01 7.500000000000000000e-01
1.624999940395355225e-01 7.624999880790710449e-01
1.624999940395355225e-01 7.749999761581420898e-01
1.624999940395355225e-01 7.875000238418579102e-01
1.624999940395355225e-01 8.000000119209289551e-01
1.624999940395355225e-01 8.125000000000000000e-01
1.624999940395355225e-01 8.249999880790710449e-01
1.624999940395355225e-01 8.374999761581420898e-01
1.624999940395355225e-01 8.500000238418579102e-01
1.624999940395355225e-01 8.625000119209289551e-01
1.624999940395355225e-01 8.750000000000000000e-01
1.624999940395355225e-01 8.874999880790710449e-01
1.624999940395355225e-01 8.999999761581420898e-01
1.624999940395355225e-01 9.125000238418579102e-01
1.624999940395355225e-01 9.250000119209289551e-01
1.624999940395355225e-01 9.375000000000000000e-01
1.624999940395355225e-01 9.499999880790710449e-01
1.624999940395355225e-01 9.624999761581420898e-01
1.624999940395355225e-01 9.750000238418579102e-01
1.624999940395355225e-01 9.875000119209289551e-01
1.624999940395355225e-01 1.000000000000000000e+00
1.749999970197677612e-01 0.000000000000000000e+00
1.749999970197677612e-01 1.250000018626451492e-02
1.749999970197677612e-01 2.500000037252902985e-02
1.749999970197677612e-01 3.750000149011611938e-02
1.749999970197677612e-01 5.000000074505805969e-02
1.749999970197677612e-01 6.250000000000000000e-02
1.749999970197677612e-01 7.500000298023223877e-02
1.749999970197677612e-01 8.749999850988388062e-02
1.749999970197677612e-01 1.000000014901161194e-01
1.749999970197677612e-01 1.124999970197677612e-01
1.749999970197677612e-01 1.250000000000000000e-01
1.749999970197677612e-01 1.375000029802322388e-01
1.749999970197677612e-01 1.500000059604644775e-01
1.749999970197677612e-01 1.624999940395355225e-01
1.749999970197677612e-01 1.749999970197677612e-01
1.749999970197677612e-01 1.875000000000000000e-01
1.749999970197677612e-01 2.000000029802322388e-01
1.749999970197677612e-01 2.125000059604644775e-01
1.749999970197677612e-01 2.249999940395355225e-01
1.749999970197677612e-01 2.374999970197677612e-01
1.749999970197677612e-01 2.500000000000000000e-01
1.749999970197677612e-01 2.624999880790710449e-01
1.749999970197677612e-01 2.750000059604644775e-01
1.749999970197677612e-01 2.874999940395355225e-01
1.749999970197677612e-01 3.000000119209289551e-01
1.749999970197677612e-01 3.125000000000000000e-01
1.749999970197677612e-01 3.249999880790710449e-01
1.749999970197677612e-01 3.375000059604644775e-01
1.749999970197677612e-01 3.499999940395355225e-01
1.749999970197677612e-01 3.625000119209289551e-01
1.749999970197677612e-01 3.750000000000000000e-01
1.749999970197677612e-01 3.874999880790710449e-01
1.749999970197677612e-01 4.000000059604644775e-01
1.749999970197677612e-01 4.124999940395355225e-01
1.749999970197677612e-01 4.250000119209289551e-01
1.749999970197677612e-01 4.375000000000000000e-01
1.749999970197677612e-01 4.499999880790710449e-01
1.749999970197677612e-01 4.625000059604644775e-01
1.749999970197677612e-01 4.749999940395355225e-01
1.749999970197677612e-01 4.875000119209289551e-01
1.749999970197677612e-01 5.000000000000000000e-01
1.749999970197677612e-01 5.124999880790710449e-01
1.749999970197677612e-01 5.249999761581420898e-01
1.749999970197677612e-01 5.375000238418579102e-01
1.749999970197677612e-01 5.500000119209289551e-01
1.749999970197677612e-01 5.625000000000000000e-01
1.749999970197677612e-01 5.749999880790710449e-01
1.749999970197677612e-01 5.874999761581420898e-01
1.749999970197677612e-01 6.000000238418579102e-01
1.749999970197677612e-01 6.125000119209289551e-01
1.749999970197677612e-01 6.250000000000000000e-01
1.749999970197677612e-01 6.374999880790710449e-01
1.749999970197677612e-01 6.499999761581420898e-01
1.749999970197677612e-01 6.625000238418579102e-01
1.749999970197677612e-01 6.750000119209289551e-01
1.749999970197677612e-01 6.875000000000000000e-01
1.749999970197677612e-01 6.999999880790710449e-01
1.749999970197677612e-01 7.124999761581420898e-01
1.749999970197677612e-01 7.250000238418579102e-01
1.749999970197677612e-01 7.375000119209289551e-01
1.749999970197677612e-01 7.500000000000000000e-01
1.749999970197677612e-01 7.624999880790710449e-01
1.749999970197677612e-01 7.749999761581420898e-01
1.749999970197677612e-01 7.875000238418579102e-01
1.749999970197677612e-01 8.000000119209289551e-01
1.749999970197677612e-01 8.125000000000000000e-01
1.749999970197677612e-01 8.249999880790710449e-01
1.749999970197677612e-01 8.374999761581420898e-01
1.749999970197677612e-01 8.500000238418579102e-01
1.749999970197677612e-01 8.625000119209289551e-01
1.749999970197677612e-01 8.750000000000000000e-01
1.749999970197677612e-01 8.874999880790710449e-01
1.749999970197677612e-01 8.999999761581420898e-01
1.749999970197677612e-01 9.125000238418579102e-01
1.749999970197677612e-01 9.250000119209289551e-01
1.749999970197677612e-01 9.375000000000000000e-01
1.749999970197677612e-01 9.499999880790710449e-01
1.749999970197677612e-01 9.624999761581420898e-01
1.749999970197677612e-01 9.750000238418579102e-01
1.749999970197677612e-01 9.875000119209289551e-01
1.749999970197677612e-01 1.000000000000000000e+00
1.875000000000000000e-01 0.000000000000000000e+00
1.875000000000000000e-01 1.250000018626451492e-02
1.875000000000000000e-01 2.500000037252902985e-02
1.875000000000000000e-01 3.750000149011611938e-02
1.875000000000000000e-01 5.000000074505805969e-02
1.875000000000000000e-01 6.250000000000000000e-02
1.875000000000000000e-01 7.500000298023223877e-02
1.875000000000000000e-01 8.749999850988388062e-02
1.875000000000000000e-01 1.000000014901161194e-01
1.875000000000000000e-01 1.124999970197677612e-01
1.875000000000000000e-01 1.250000000000000000e-01
1.875000000000000000e-01 1.375000029802322388e-01
1.875000000000000000e-01 1.500000059604644775e-01
1.875000000000000000e-01 1.624999940395355225e-01
1.875000000000000000e-01 1.749999970197677612e-01
1.875000000000000000e-01 1.875000000000000000e-01
1.875000000000000000e-01 2.000000029802322388e-01
1.875000000000000000e-01 2.125000059604644775e-01
1.875000000000000000e-01 2.249999940395355225e-01
1.875000000000000000e-01 2.374999970197677612e-01
1.875000000000000000e-01 2.500000000000000000e-01
1.875000000000000000e-01 2.624999880790710449e-01
1.875000000000000000e-01 2.750000059604644775e-01
1.875000000000000000e-01 2.874999940395355225e-01
1.875000000000000000e-01 3.000000119209289551e-01
1.875000000000000000e-01 3.125000000000000000e-01
1.875000000000000000e-01 3.249999880790710449e-01
1.875000000000000000e-01 3.375000059604644775e-01
1.875000000000000000e-01 3.499999940395355225e-01
1.875000000000000000e-01 3.625000119209289551e-01
1.875000000000000000e-01 3.750000000000000000e-01
1.875000000000000000e-01 3.874999880790710449e-01
1.875000000000000000e-01 4.000000059604644775e-01
1.875000000000000000e-01 4.124999940395355225e-01
1.875000000000000000e-01 4.250000119209289551e-01
1.875000000000000000e-01 4.375000000000000000e-01
1.875000000000000000e-01 4.499999880790710449e-01
1.875000000000000000e-01 4.625000059604644775e-01
1.875000000000000000e-01 4.749999940395355225e-01
1.875000000000000000e-01 4.875000119209289551e-01
1.875000000000000000e-01 5.000000000000000000e-01
1.875000000000000000e-01 5.124999880790710449e-01
1.875000000000000000e-01 5.249999761581420898e-01
1.875000000000000000e-01 5.375000238418579102e-01
1.875000000000000000e-01 5.500000119209289551e-01
1.875000000000000000e-01 5.625000000000000000e-01
1.875000000000000000e-01 5.749999880790710449e-01
1.875000000000000000e-01 5.874999761581420898e-01
1.875000000000000000e-01 6.000000238418579102e-01
1.875000000000000000e-01 6.125000119209289551e-01
1.875000000000000000e-01 6.250000000000000000e-01
1.875000000000000000e-01 6.374999880790710449e-01
1.875000000000000000e-01 6.499999761581420898e-01
1.875000000000000000e-01 6.625000238418579102e-01
1.875000000000000000e-01 6.750000119209289551e-01
1.875000000000000000e-01 6.875000000000000000e-01
1.875000000000000000e-01 6.999999880790710449e-01
1.875000000000000000e-01 7.124999761581420898e-01
1.875000000000000000e-01 7.250000238418579102e-01
1.875000000000000000e-01 7.375000119209289551e-01
1.875000000000000000e-01 7.500000000000000000e-01
1.875000000000000000e-01 7.624999880790710449e-01
1.875000000000000000e-01 7.749999761581420898e-01
1.875000000000000000e-01 7.875000238418579102e-01
1.875000000000000000e-01 8.000000119209289551e-01
1.875000000000000000e-01 8.125000000000000000e-01
1.875000000000000000e-01 8.249999880790710449e-01
1.875000000000000000e-01 8.374999761581420898e-01
1.875000000000000000e-01 8.500000238418579102e-01
1.875000000000000000e-01 8.625000119209289551e-01
1.875000000000000000e-01 8.750000000000000000e-01
1.875000000000000000e-01 8.874999880790710449e-01
1.875000000000000000e-01 8.999999761581420898e-01
1.875000000000000000e-01 9.125000238418579102e-01
1.875000000000000000e-01 9.250000119209289551e-01
1.875000000000000000e-01 9.375000000000000000e-01
1.875000000000000000e-01 9.499999880790710449e-01
1.875000000000000000e-01 9.624999761581420898e-01
1.875000000000000000e-01 9.750000238418579102e-01
1.875000000000000000e-01 9.875000119209289551e-01
1.875000000000000000e-01 1.000000000000000000e+00
2.000000029802322388e-01 0.000000000000000000e+00
2.000000029802322388e-01 1.250000018626451492e-02
2.000000029802322388e-01 2.500000037252902985e-02
2.000000029802322388e-01 3.750000149011611938e-02
2.000000029802322388e-01 5.000000074505805969e-02
2.000000029802322388e-01 6.250000000000000000e-02
2.000000029802322388e-01 7.500000298023223877e-02
2.000000029802322388e-01 8.749999850988388062e-02
2.000000029802322388e-01 1.000000014901161194e-01
2.000000029802322388e-01 1.124999970197677612e-01
2.000000029802322388e-01 1.250000000000000000e-01
2.000000029802322388e-01 1.375000029802322388e-01
2.000000029802322388e-01 1.500000059604644775e-01
2.000000029802322388e-01 1.624999940395355225e-01
2.000000029802322388e-01 1.749999970197677612e-01
2.000000029802322388e-01 1.875000000000000000e-01
2.000000029802322388e-01 2.000000029802322388e-01
2.000000029802322388e-01 2.125000059604644775e-01
2.000000029802322388e-01 2.249999940395355225e-01
2.000000029802322388e-01 2.374999970197677612e-01
2.000000029802322388e-01 2.500000000000000000e-01
2.000000029802322388e-01 2.624999880790710449e-01
2.000000029802322388e-01 2.750000059604644775e-01
2.000000029802322388e-01 2.874999940395355225e-01
2.000000029802322388e-01 3.000000119209289551e-01
2.000000029802322388e-01 3.125000000000000000e-01
2.000000029802322388e-01 3.249999880790710449e-01
2.000000029802322388e-01 3.375000059604644775e-01
2.000000029802322388e-01 3.499999940395355225e-01
2.000000029802322388e-01 3.625000119209289551e-01
2.000000029802322388e-01 3.750000000000000000e-01
2.000000029802322388e-01 3.874999880790710449e-01
2.000000029802322388e-01 4.000000059604644775e-01
2.000000029802322388e-01 4.124999940395355225e-01
2.000000029802322388e-01 4.250000119209289551e-01
2.000000029802322388e-01 4.375000000000000000e-01
2.000000029802322388e-01 4.499999880790710449e-01
2.000000029802322388e-01 4.625000059604644775e-01
2.000000029802322388e-01 4.749999940395355225e-01
2.000000029802322388e-01 4.875000119209289551e-01
2.000000029802322388e-01 5.000000000000000000e-01
2.000000029802322388e-01 5.124999880790710449e-01
2.000000029802322388e-01 5.249999761581420898e-01
2.000000029802322388e-01 5.375000238418579102e-01
2.000000029802322388e-01 5.500000119209289551e-01
2.000000029802322388e-01 5.625000000000000000e-01
2.000000029802322388e-01 5.749999880790710449e-01
2.000000029802322388e-01 5.874999761581420898e-01
2.000000029802322388e-01 6.000000238418579102e-01
2.000000029802322388e-01 6.125000119209289551e-01
2.000000029802322388e-01 6.250000000000000000e-01
2.000000029802322388e-01 6.374999880790710449e-01
2.000000029802322388e-01 6.499999761581420898e-01
2.000000029802322388e-01 6.625000238418579102e-01
2.000000029802322388e-01 6.750000119209289551e-01
2.000000029802322388e-01 6.875000000000000000e-01
2.000000029802322388e-01 6.999999880790710449e-01
2.000000029802322388e-01 7.124999761581420898e-01
2.000000029802322388e-01 7.250000238418579102e-01
2.000000029802322388e-01 7.375000119209289551e-01
2.000000029802322388e-01 7.500000000000000000e-01
2.000000029802322388e-01 7.624999880790710449e-01
2.000000029802322388e-01 7.749999761581420898e-01
2.000000029802322388e-01 7.875000238418579102e-01
2.000000029802322388e-01 8.000000119209289551e-01
2.000000029802322388e-01 8.125000000000000000e-01
2.000000029802322388e-01 8.249999880790710449e-01
2.000000029802322388e-01 8.374999761581420898e-01
2.000000029802322388e-01 8.500000238418579102e-01
2.000000029802322388e-01 8.625000119209289551e-01
2.000000029802322388e-01 8.750000000000000000e-01
2.000000029802322388e-01 8.874999880790710449e-01
2.000000029802322388e-01 8.999999761581420898e-01
2.000000029802322388e-01 9.125000238418579102e-01
2.000000029802322388e-01 9.250000119209289551e-01
2.000000029802322388e-01 9.375000000000000000e-01
2.000000029802322388e-01 9.499999880790710449e-01
2.000000029802322388e-01 9.624999761581420898e-01
2.000000029802322388e-01 9.750000238418579102e-01
2.000000029802322388e-01 9.875000119209289551e-01
2.000000029802322388e-01 1.000000000000000000e+00
2.125000059604644775e-01 0.000000000000000000e+00
2.125000059604644775e-01 1.250000018626451492e-02
2.125000059604644775e-01 2.500000037252902985e-02
2.125000059604644775e-01 3.750000149011611938e-02
2.125000059604644775e-01 5.000000074505805969e-02
2.125000059604644775e-01 6.250000000000000000e-02
2.125000059604644775e-01 7.500000298023223877e-02
2.125000059604644775e-01 8.749999850988388062e-02
2.125000059604644775e-01 1.000000014901161194e-01
2.125000059604644775e-01 1.124999970197677612e-01
2.125000059604644775e-01 1.250000000000000000e-01
2.125000059604644775e-01 1.375000029802322388e-01
2.125000059604644775e-01 1.500000059604644775e-01
2.125000059604644775e-01 1.624999940395355225e-01
2.125000059604644775e-01 1.749999970197677612e-01
2.125000059604644775e-01 1.875000000000000000e-01
2.125000059604644775e-01 2.000000029802322388e-01
2.125000059604644775e-01 2.125000059604644775e-01
2.125000059604644775e-01 2.249999940395355225e-01
2.125000059604644775e-01 2.374999970197677612e-01
2.125000059604644775e-01 2.500000000000000000e-01
2.125000059604644775e-01 2.624999880790710449e-01
2.125000059604644775e-01 2.750000059604644775e-01
2.125000059604644775e-01 2.874999940395355225e-01
2.125000059604644775e-01 3.000000119209289551e-01
2.125000059604644775e-01 3.125000000000000000e-01
2.125000059604644775e-01 3.249999880790710449e-01
2.125000059604644775e-01 3.375000059604644775e-01
2.125000059604644775e-01 3.499999940395355225e-01
2.125000059604644775e-01 3.625000119209289551e-01
2.125000059604644775e-01 3.750000000000000000e-01
2.125000059604644775e-01 3.874999880790710449e-01
2.125000059604644775e-01 4.000000059604644775e-01
2.125000059604644775e-01 4.124999940395355225e-01
2.125000059604644775e-01 4.250000119209289551e-01
2.125000059604644775e-01 4.375000000000000000e-01
2.125000059604644775e-01 4.499999880790710449e-01
2.125000059604644775e-01 4.625000059604644775e-01
2.125000059604644775e-01 4.749999940395355225e-01
2.125000059604644775e-01 4.875000119209289551e-01
2.125000059604644775e-01 5.000000000000000000e-01
2.125000059604644775e-01 5.124999880790710449e-01
2.125000059604644775e-01 5.249999761581420898e-01
2.125000059604644775e-01 5.375000238418579102e-01
2.125000059604644775e-01 5.500000119209289551e-01
2.125000059604644775e-01 5.625000000000000000e-01
2.125000059604644775e-01 5.749999880790710449e-01
2.125000059604644775e-01 5.874999761581420898e-01
2.125000059604644775e-01 6.000000238418579102e-01
2.125000059604644775e-01 6.125000119209289551e-01
2.125000059604644775e-01 6.250000000000000000e-01
2.125000059604644775e-01 6.374999880790710449e-01
2.125000059604644775e-01 6.499999761581420898e-01
2.125000059604644775e-01 6.625000238418579102e-01
2.125000059604644775e-01 6.750000119209289551e-01
2.125000059604644775e-01 6.875000000000000000e-01
2.125000059604644775e-01 6.999999880790710449e-01
2.125000059604644775e-01 7.124999761581420898e-01
2.125000059604644775e-01 7.250000238418579102e-01
2.125000059604644775e-01 7.375000119209289551e-01
2.125000059604644775e-01 7.500000000000000000e-01
2.125000059604644775e-01 7.624999880790710449e-01
2.125000059604644775e-01 7.749999761581420898e-01
2.125000059604644775e-01 7.875000238418579102e-01
2.125000059604644775e-01 8.000000119209289551e-01
2.125000059604644775e-01 8.125000000000000000e-01
2.125000059604644775e-01 8.249999880790710449e-01
2.125000059604644775e-01 8.374999761581420898e-01
2.125000059604644775e-01 8.500000238418579102e-01
2.125000059604644775e-01 8.625000119209289551e-01
2.125000059604644775e-01 8.750000000000000000e-01
2.125000059604644775e-01 8.874999880790710449e-01
2.125000059604644775e-01 8.999999761581420898e-01
2.125000059604644775e-01 9.125000238418579102e-01
2.125000059604644775e-01 9.250000119209289551e-01
2.125000059604644775e-01 9.375000000000000000e-01
2.125000059604644775e-01 9.499999880790710449e-01
2.125000059604644775e-01 9.624999761581420898e-01
2.125000059604644775e-01 9.750000238418579102e-01
2.125000059604644775e-01 9.875000119209289551e-01
2.125000059604644775e-01 1.000000000000000000e+00
2.249999940395355225e-01 0.000000000000000000e+00
2.249999940395355225e-01 1.250000018626451492e-02
2.249999940395355225e-01 2.500000037252902985e-02
2.249999940395355225e-01 3.750000149011611938e-02
2.249999940395355225e-01 5.000000074505805969e-02
2.249999940395355225e-01 6.250000000000000000e-02
2.249999940395355225e-01 7.500000298023223877e-02
2.249999940395355225e-01 8.749999850988388062e-02
2.249999940395355225e-01 1.000000014901161194e-01
2.249999940395355225e-01 1.124999970197677612e-01
2.249999940395355225e-01 1.250000000000000000e-01
2.249999940395355225e-01 1.375000029802322388e-01
2.249999940395355225e-01 1.500000059604644775e-01
2.249999940395355225e-01 1.624999940395355225e-01
2.249999940395355225e-01 1.749999970197677612e-01
2.249999940395355225e-01 1.875000000000000000e-01
2.249999940395355225e-01 2.000000029802322388e-01
2.249999940395355225e-01 2.125000059604644775e-01
2.249999940395355225e-01 2.249999940395355225e-01
2.249999940395355225e-01 2.374999970197677612e-01
2.249999940395355225e-01 2.500000000000000000e-01
2.249999940395355225e-01 2.624999880790710449e-01
2.249999940395355225e-01 2.750000059604644775e-01
2.249999940395355225e-01 2.874999940395355225e-01
2.249999940395355225e-01 3.000000119209289551e-01
2.249999940395355225e-01 3.125000000000000000e-01
2.249999940395355225e-01 3.249999880790710449e-01
2.249999940395355225e-01 3.375000059604644775e-01
2.249999940395355225e-01 3.499999940395355225e-01
2.249999940395355225e-01 3.625000119209289551e-01
2.249999940395355225e-01 3.750000000000000000e-01
2.249999940395355225e-01 3.874999880790710449e-01
2.249999940395355225e-01 4.000000059604644775e-01
2.249999940395355225e-01 4.124999940395355225e-01
2.249999940395355225e-01 4.250000119209289551e-01
2.249999940395355225e-01 4.375000000000000000e-01
2.249999940395355225e-01 4.499999880790710449e-01
2.249999940395355225e-01 4.625000059604644775e-01
2.249999940395355225e-01 4.749999940395355225e-01
2.249999940395355225e-01 4.875000119209289551e-01
2.249999940395355225e-01 5.000000000000000000e-01
2.249999940395355225e-01 5.124999880790710449e-01
2.249999940395355225e-01 5.249999761581420898e-01
2.249999940395355225e-01 5.375000238418579102e-01
2.249999940395355225e-01 5.500000119209289551e-01
2.249999940395355225e-01 5.625000000000000000e-01
2.249999940395355225e-01 5.749999880790710449e-01
2.249999940395355225e-01 5.874999761581420898e-01
2.249999940395355225e-01 6.000000238418579102e-01
2.249999940395355225e-01 6.125000119209289551e-01
2.249999940395355225e-01 6.250000000000000000e-01
2.249999940395355225e-01 6.374999880790710449e-01
2.249999940395355225e-01 6.499999761581420898e-01
2.249999940395355225e-01 6.625000238418579102e-01
2.249999940395355225e-01 6.750000119209289551e-01
2.249999940395355225e-01 6.875000000000000000e-01
2.249999940395355225e-01 6.999999880790710449e-01
2.249999940395355225e-01 7.124999761581420898e-01
2.249999940395355225e-01 7.250000238418579102e-01
2.249999940395355225e-01 7.375000119209289551e-01
2.249999940395355225e-01 7.500000000000000000e-01
2.249999940395355225e-01 7.624999880790710449e-01
2.249999940395355225e-01 7.749999761581420898e-01
2.249999940395355225e-01 7.875000238418579102e-01
2.249999940395355225e-01 8.000000119209289551e-01
2.249999940395355225e-01 8.125000000000000000e-01
2.249999940395355225e-01 8.249999880790710449e-01
2.249999940395355225e-01 8.374999761581420898e-01
2.249999940395355225e-01 8.500000238418579102e-01
2.249999940395355225e-01 8.625000119209289551e-01
2.249999940395355225e-01 8.750000000000000000e-01
2.249999940395355225e-01 8.874999880790710449e-01
2.249999940395355225e-01 8.999999761581420898e-01
2.249999940395355225e-01 9.125000238418579102e-01
2.249999940395355225e-01 9.250000119209289551e-01
2.249999940395355225e-01 9.375000000000000000e-01
2.249999940395355225e-01 9.499999880790710449e-01
2.249999940395355225e-01 9.624999761581420898e-01
2.249999940395355225e-01 9.750000238418579102e-01
2.249999940395355225e-01 9.875000119209289551e-01
2.249999940395355225e-01 1.000000000000000000e+00
2.374999970197677612e-01 0.000000000000000000e+00
2.374999970197677612e-01 1.250000018626451492e-02
2.374999970197677612e-01 2.500000037252902985e-02
2.374999970197677612e-01 3.750000149011611938e-02
2.374999970197677612e-01 5.000000074505805969e-02
2.374999970197677612e-01 6.250000000000000000e-02
2.374999970197677612e-01 7.500000298023223877e-02
2.374999970197677612e-01 8.749999850988388062e-02
2.374999970197677612e-01 1.000000014901161194e-01
2.374999970197677612e-01 1.124999970197677612e-01
2.374999970197677612e-01 1.250000000000000000e-01
2.374999970197677612e-01 1.375000029802322388e-01
2.374999970197677612e-01 1.500000059604644775e-01
2.374999970197677612e-01 1.624999940395355225e-01
2.374999970197677612e-01 1.749999970197677612e-01
2.374999970197677612e-01 1.875000000000000000e-01
2.374999970197677612e-01 2.000000029802322388e-01
2.374999970197677612e-01 2.125000059604644775e-01
2.374999970197677612e-01 2.249999940395355225e-01
2.374999970197677612e-01 2.374999970197677612e-01
2.374999970197677612e-01 2.500000000000000000e-01
2.374999970197677612e-01 2.624999880790710449e-01
2.374999970197677612e-01 2.750000059604644775e-01
2.374999970197677612e-01 2.874999940395355225e-01
2.374999970197677612e-01 3.000000119209289551e-01
2.374999970197677612e-01 3.125000000000000000e-01
2.374999970197677612e-01 3.249999880790710449e-01
2.374999970197677612e-01 3.375000059604644775e-01
2.374999970197677612e-01 3.499999940395355225e-01
2.374999970197677612e-01 3.625000119209289551e-01
2.374999970197677612e-01 3.750000000000000000e-01
2.374999970197677612e-01 3.874999880790710449e-01
2.374999970197677612e-01 4.000000059604644775e-01
2.374999970197677612e-01 4.124999940395355225e-01
2.374999970197677612e-01 4.250000119209289551e-01
2.374999970197677612e-01 4.375000000000000000e-01
2.374999970197677612e-01 4.499999880790710449e-01
2.374999970197677612e-01 4.625000059604644775e-01
2.374999970197677612e-01 4.749999940395355225e-01
2.374999970197677612e-01 4.875000119209289551e-01
2.374999970197677612e-01 5.000000000000000000e-01
2.374999970197677612e-01 5.124999880790710449e-01
2.374999970197677612e-01 5.249999761581420898e-01
2.374999970197677612e-01 5.375000238418579102e-01
2.374999970197677612e-01 5.500000119209289551e-01
2.374999970197677612e-01 5.625000000000000000e-01
2.374999970197677612e-01 5.749999880790710449e-01
2.374999970197677612e-01 5.874999761581420898e-01
2.374999970197677612e-01 6.000000238418579102e-01
2.374999970197677612e-01 6.125000119209289551e-01
2.374999970197677612e-01 6.250000000000000000e-01
2.374999970197677612e-01 6.374999880790710449e-01
2.374999970197677612e-01 6.499999761581420898e-01
2.374999970197677612e-01 6.625000238418579102e-01
2.374999970197677612e-01 6.750000119209289551e-01
2.374999970197677612e-01 6.875000000000000000e-01
2.374999970197677612e-01 6.999999880790710449e-01
2.374999970197677612e-01 7.124999761581420898e-01
2.374999970197677612e-01 7.250000238418579102e-01
2.374999970197677612e-01 7.375000119209289551e-01
2.374999970197677612e-01 7.500000000000000000e-01
2.374999970197677612e-01 7.624999880790710449e-01
2.374999970197677612e-01 7.749999761581420898e-01
2.374999970197677612e-01 7.875000238418579102e-01
2.374999970197677612e-01 8.000000119209289551e-01
2.374999970197677612e-01 8.125000000000000000e-01
2.374999970197677612e-01 8.249999880790710449e-01
2.374999970197677612e-01 8.374999761581420898e-01
2.374999970197677612e-01 8.500000238418579102e-01
2.374999970197677612e-01 8.625000119209289551e-01
2.374999970197677612e-01 8.750000000000000000e-01
2.374999970197677612e-01 8.874999880790710449e-01
2.374999970197677612e-01 8.999999761581420898e-01
2.374999970197677612e-01 9.125000238418579102e-01
2.374999970197677612e-01 9.250000119209289551e-01
2.374999970197677612e-01 9.375000000000000000e-01
2.374999970197677612e-01 9.499999880790710449e-01
2.374999970197677612e-01 9.624999761581420898e-01
2.374999970197677612e-01 9.750000238418579102e-01
2.374999970197677612e-01 9.875000119209289551e-01
2.374999970197677612e-01 1.000000000000000000e+00
2.500000000000000000e-01 0.000000000000000000e+00
2.500000000000000000e-01 1.250000018626451492e-02
2.500000000000000000e-01 2.500000037252902985e-02
2.500000000000000000e-01 3.750000149011611938e-02
2.500000000000000000e-01 5.000000074505805969e-02
2.500000000000000000e-01 6.250000000000000000e-02
2.500000000000000000e-01 7.500000298023223877e-02
2.500000000000000000e-01 8.749999850988388062e-02
2.500000000000000000e-01 1.000000014901161194e-01
2.500000000000000000e-01 1.124999970197677612e-01
2.500000000000000000e-01 1.250000000000000000e-01
2.500000000000000000e-01 1.375000029802322388e-01
2.500000000000000000e-01 1.500000059604644775e-01
2.500000000000000000e-01 1.624999940395355225e-01
2.500000000000000000e-01 1.749999970197677612e-01
2.500000000000000000e-01 1.875000000000000000e-01
2.500000000000000000e-01 2.000000029802322388e-01
2.500000000000000000e-01 2.125000059604644775e-01
2.500000000000000000e-01 2.249999940395355225e-01
2.500000000000000000e-01 2.374999970197677612e-01
2.500000000000000000e-01 2.500000000000000000e-01
2.500000000000000000e-01 2.624999880790710449e-01
2.500000000000000000e-01 2.750000059604644775e-01
2.500000000000000000e-01 2.874999940395355225e-01
2.500000000000000000e-01 3.000000119209289551e-01
2.500000000000000000e-01 3.125000000000000000e-01
2.500000000000000000e-01 3.249999880790710449e-01
2.500000000000000000e-01 3.375000059604644775e-01
2.500000000000000000e-01 3.499999940395355225e-01
2.500000000000000000e-01 3.625000119209289551e-01
2.500000000000000000e-01 3.750000000000000000e-01
2.500000000000000000e-01 3.874999880790710449e-01
2.500000000000000000e-01 4.000000059604644775e-01
2.500000000000000000e-01 4.124999940395355225e-01
2.500000000000000000e-01 4.250000119209289551e-01
2.500000000000000000e-01 4.375000000000000000e-01
2.500000000000000000e-01 4.499999880790710449e-01
2.500000000000000000e-01 4.625000059604644775e-01
2.500000000000000000e-01 4.749999940395355225e-01
2.500000000000000000e-01 4.875000119209289551e-01
2.500000000000000000e-01 5.000000000000000000e-01
2.500000000000000000e-01 5.124999880790710449e-01
2.500000000000000000e-01 5.249999761581420898e-01
2.500000000000000000e-01 5.375000238418579102e-01
2.500000000000000000e-01 5.500000119209289551e-01
2.500000000000000000e-01 5.625000000000000000e-01
2.500000000000000000e-01 5.749999880790710449e-01
2.500000000000000000e-01 5.874999761581420898e-01
2.500000000000000000e-01 6.000000238418579102e-01
2.500000000000000000e-01 6.125000119209289551e-01
2.500000000000000000e-01 6.250000000000000000e-01
2.500000000000000000e-01 6.374999880790710449e-01
2.500000000000000000e-01 6.499999761581420898e-01
2.500000000000000000e-01 6.625000238418579102e-01
2.500000000000000000e-01 6.750000119209289551e-01
2.500000000000000000e-01 6.875000000000000000e-01
2.500000000000000000e-01 6.999999880790710449e-01
2.500000000000000000e-01 7.124999761581420898e-01
2.500000000000000000e-01 7.250000238418579102e-01
2.500000000000000000e-01 7.375000119209289551e-01
2.500000000000000000e-01 7.500000000000000000e-01
2.500000000000000000e-01 7.624999880790710449e-01
2.500000000000000000e-01 7.749999761581420898e-01
2.500000000000000000e-01 7.875000238418579102e-01
2.500000000000000000e-01 8.000000119209289551e-01
2.500000000000000000e-01 8.125000000000000000e-01
2.500000000000000000e-01 8.249999880790710449e-01
2.500000000000000000e-01 8.374999761581420898e-01
2.500000000000000000e-01 8.500000238418579102e-01
2.500000000000000000e-01 8.625000119209289551e-01
2.500000000000000000e-01 8.750000000000000000e-01
2.500000000000000000e-01 8.874999880790710449e-01
2.500000000000000000e-01 8.999999761581420898e-01
2.500000000000000000e-01 9.125000238418579102e-01
2.500000000000000000e-01 9.250000119209289551e-01
2.500000000000000000e-01 9.375000000000000000e-01
2.500000000000000000e-01 9.499999880790710449e-01
2.500000000000000000e-01 9.624999761581420898e-01
2.500000000000000000e-01 9.750000238418579102e-01
2.500000000000000000e-01 9.875000119209289551e-01
2.500000000000000000e-01 1.000000000000000000e+00
2.624999880790710449e-01 0.000000000000000000e+00
2.624999880790710449e-01 1.250000018626451492e-02
2.624999880790710449e-01 2.500000037252902985e-02
2.624999880790710449e-01 3.750000149011611938e-02
2.624999880790710449e-01 5.000000074505805969e-02
2.624999880790710449e-01 6.250000000000000000e-02
2.624999880790710449e-01 7.500000298023223877e-02
2.624999880790710449e-01 8.749999850988388062e-02
2.624999880790710449e-01 1.000000014901161194e-01
2.624999880790710449e-01 1.124999970197677612e-01
2.624999880790710449e-01 1.250000000000000000e-01
2.624999880790710449e-01 1.375000029802322388e-01
2.624999880790710449e-01 1.500000059604644775e-01
2.624999880790710449e-01 1.624999940395355225e-01
2.624999880790710449e-01 1.749999970197677612e-01
2.624999880790710449e-01 1.875000000000000000e-01
2.624999880790710449e-01 2.000000029802322388e-01
2.624999880790710449e-01 2.125000059604644775e-01
2.624999880790710449e-01 2.249999940395355225e-01
2.624999880790710449e-01 2.374999970197677612e-01
2.624999880790710449e-01 2.500000000000000000e-01
2.624999880790710449e-01 2.624999880790710449e-01
2.624999880790710449e-01 2.750000059604644775e-01
2.624999880790710449e-01 2.874999940395355225e-01
2.624999880790710449e-01 3.000000119209289551e-01
2.624999880790710449e-01 3.125000000000000000e-01
2.624999880790710449e-01 3.249999880790710449e-01
2.624999880790710449e-01 3.375000059604644775e-01
2.624999880790710449e-01 3.499999940395355225e-01
2.624999880790710449e-01 3.625000119209289551e-01
2.624999880790710449e-01 3.750000000000000000e-01
2.624999880790710449e-01 3.874999880790710449e-01
2.624999880790710449e-01 4.000000059604644775e-01
2.624999880790710449e-01 4.124999940395355225e-01
2.624999880790710449e-01 4.250000119209289551e-01
2.624999880790710449e-01 4.375000000000000000e-01
2.624999880790710449e-01 4.499999880790710449e-01
2.624999880790710449e-01 4.625000059604644775e-01
2.624999880790710449e-01 4.749999940395355225e-01
2.624999880790710449e-01 4.875000119209289551e-01
2.624999880790710449e-01 5.000000000000000000e-01
2.624999880790710449e-01 5.124999880790710449e-01
2.624999880790710449e-01 5.249999761581420898e-01
2.624999880790710449e-01 5.375000238418579102e-01
2.624999880790710449e-01 5.500000119209289551e-01
2.624999880790710449e-01 5.625000000000000000e-01
2.624999880790710449e-01 5.749999880790710449e-01
2.624999880790710449e-01 5.874999761581420898e-01
2.624999880790710449e-01 6.000000238418579102e-01
2.624999880790710449e-01 6.125000119209289551e-01
2.624999880790710449e-01 6.250000000000000000e-01
2.624999880790710449e-01 6.374999880790710449e-01
2.624999880790710449e-01 6.499999761581420898e-01
2.624999880790710449e-01 6.625000238418579102e-01
2.624999880790710449e-01 6.750000119209289551e-01
2.624999880790710449e-01 6.875000000000000000e-01
2.624999880790710449e-01 6.999999880790710449e-01
2.624999880790710449e-01 7.124999761581420898e-01
2.624999880790710449e-01 7.250000238418579102e-01
2.624999880790710449e-01 7.375000119209289551e-01
2.624999880790710449e-01 7.500000000000000000e-01
2.624999880790710449e-01 7.624999880790710449e-01
2.624999880790710449e-01 7.749999761581420898e-01
2.624999880790710449e-01 7.875000238418579102e-01
2.624999880790710449e-01 8.000000119209289551e-01
2.624999880790710449e-01 8.125000000000000000e-01
2.624999880790710449e-01 8.249999880790710449e-01
2.624999880790710449e-01 8.374999761581420898e-01
2.624999880790710449e-01 8.500000238418579102e-01
2.624999880790710449e-01 8.625000119209289551e-01
2.624999880790710449e-01 8.750000000000000000e-01
2.624999880790710449e-01 8.874999880790710449e-01
2.624999880790710449e-01 8.999999761581420898e-01
2.624999880790710449e-01 9.125000238418579102e-01
2.624999880790710449e-01 9.250000119209289551e-01
2.624999880790710449e-01 9.375000000000000000e-01
2.624999880790710449e-01 9.499999880790710449e-01
2.624999880790710449e-01 9.624999761581420898e-01
2.624999880790710449e-01 9.750000238418579102e-01
2.624999880790710449e-01 9.875000119209289551e-01
2.624999880790710449e-01 1.000000000000000000e+00
2.750000059604644775e-01 0.000000000000000000e+00
2.750000059604644775e-01 1.250000018626451492e-02
2.750000059604644775e-01 2.500000037252902985e-02
2.750000059604644775e-01 3.750000149011611938e-02
2.750000059604644775e-01 5.000000074505805969e-02
2.750000059604644775e-01 6.250000000000000000e-02
2.750000059604644775e-01 7.500000298023223877e-02
2.750000059604644775e-01 8.749999850988388062e-02
2.750000059604644775e-01 1.000000014901161194e-01
2.750000059604644775e-01 1.124999970197677612e-01
2.750000059604644775e-01 1.250000000000000000e-01
2.750000059604644775e-01 1.375000029802322388e-01
2.750000059604644775e-01 1.500000059604644775e-01
2.750000059604644775e-01 1.624999940395355225e-01
2.750000059604644775e-01 1.749999970197677612e-01
2.750000059604644775e-01 1.875000000000000000e-01
2.750000059604644775e-01 2.000000029802322388e-01
2.750000059604644775e-01 2.125000059604644775e-01
2.750000059604644775e-01 2.249999940395355225e-01
2.750000059604644775e-01 2.374999970197677612e-01
2.750000059604644775e-01 2.500000000000000000e-01
2.750000059604644775e-01 2.624999880790710449e-01
2.750000059604644775e-01 2.750000059604644775e-01
2.750000059604644775e-01 2.874999940395355225e-01
2.750000059604644775e-01 3.000000119209289551e-01
2.750000059604644775e-01 3.125000000000000000e-01
2.750000059604644775e-01 3.249999880790710449e-01
2.750000059604644775e-01 3.375000059604644775e-01
2.750000059604644775e-01 3.499999940395355225e-01
2.750000059604644775e-01 3.625000119209289551e-01
2.750000059604644775e-01 3.750000000000000000e-01
2.750000059604644775e-01 3.874999880790710449e-01
2.750000059604644775e-01 4.000000059604644775e-01
2.750000059604644775e-01 4.124999940395355225e-01
2.750000059604644775e-01 4.250000119209289551e-01
2.750000059604644775e-01 4.375000000000000000e-01
2.750000059604644775e-01 4.499999880790710449e-01
2.750000059604644775e-01 4.625000059604644775e-01
2.750000059604644775e-01 4.749999940395355225e-01
2.750000059604644775e-01 4.875000119209289551e-01
2.750000059604644775e-01 5.000000000000000000e-01
2.750000059604644775e-01 5.124999880790710449e-01
2.750000059604644775e-01 5.249999761581420898e-01
2.750000059604644775e-01 5.375000238418579102e-01
2.750000059604644775e-01 5.500000119209289551e-01
2.750000059604644775e-01 5.625000000000000000e-01
2.750000059604644775e-01 5.749999880790710449e-01
2.750000059604644775e-01 5.874999761581420898e-01
2.750000059604644775e-01 6.000000238418579102e-01
2.750000059604644775e-01 6.125000119209289551e-01
2.750000059604644775e-01 6.250000000000000000e-01
2.750000059604644775e-01 6.374999880790710449e-01
2.750000059604644775e-01 6.499999761581420898e-01
2.750000059604644775e-01 6.625000238418579102e-01
2.750000059604644775e-01 6.750000119209289551e-01
2.750000059604644775e-01 6.875000000000000000e-01
2.750000059604644775e-01 6.999999880790710449e-01
2.750000059604644775e-01 7.124999761581420898e-01
2.750000059604644775e-01 7.250000238418579102e-01
2.750000059604644775e-01 7.375000119209289551e-01
2.750000059604644775e-01 7.500000000000000000e-01
2.750000059604644775e-01 7.624999880790710449e-01
2.750000059604644775e-01 7.749999761581420898e-01
2.750000059604644775e-01 7.875000238418579102e-01
2.750000059604644775e-01 8.000000119209289551e-01
2.750000059604644775e-01 8.125000000000000000e-01
2.750000059604644775e-01 8.249999880790710449e-01
2.750000059604644775e-01 8.374999761581420898e-01
2.750000059604644775e-01 8.500000238418579102e-01
2.750000059604644775e-01 8.625000119209289551e-01
2.750000059604644775e-01 8.750000000000000000e-01
2.750000059604644775e-01 8.874999880790710449e-01
2.750000059604644775e-01 8.999999761581420898e-01
2.750000059604644775e-01 9.125000238418579102e-01
2.750000059604644775e-01 9.250000119209289551e-01
2.750000059604644775e-01 9.375000000000000000e-01
2.750000059604644775e-01 9.499999880790710449e-01
2.750000059604644775e-01 9.624999761581420898e-01
2.750000059604644775e-01 9.750000238418579102e-01
2.750000059604644775e-01 9.875000119209289551e-01
2.750000059604644775e-01 1.000000000000000000e+00
2.874999940395355225e-01 0.000000000000000000e+00
2.874999940395355225e-01 1.250000018626451492e-02
2.874999940395355225e-01 2.500000037252902985e-02
2.874999940395355225e-01 3.750000149011611938e-02
2.874999940395355225e-01 5.000000074505805969e-02
2.874999940395355225e-01 6.250000000000000000e-02
2.874999940395355225e-01 7.500000298023223877e-02
2.874999940395355225e-01 8.749999850988388062e-02
2.874999940395355225e-01 1.000000014901161194e-01
2.874999940395355225e-01 1.124999970197677612e-01
2.874999940395355225e-01 1.250000000000000000e-01
2.874999940395355225e-01 1.375000029802322388e-01
2.874999940395355225e-01 1.500000059604644775e-01
2.874999940395355225e-01 1.624999940395355225e-01
2.874999940395355225e-01 1.749999970197677612e-01
2.874999940395355225e-01 1.875000000000000000e-01
2.874999940395355225e-01 2.000000029802322388e-01
2.874999940395355225e-01 2.125000059604644775e-01
2.874999940395355225e-01 2.249999940395355225e-01
2.874999940395355225e-01 2.374999970197677612e-01
2.874999940395355225e-01 2.500000000000000000e-01
2.874999940395355225e-01 2.624999880790710449e-01
2.874999940395355225e-01 2.750000059604644775e-01
2.874999940395355225e-01 2.874999940395355225e-01
2.874999940395355225e-01 3.000000119209289551e-01
2.874999940395355225e-01 3.125000000000000000e-01
2.874999940395355225e-01 3.249999880790710449e-01
2.874999940395355225e-01 3.375000059604644775e-01
2.874999940395355225e-01 3.499999940395355225e-01
2.874999940395355225e-01 3.625000119209289551e-01
2.874999940395355225e-01 3.750000000000000000e-01
2.874999940395355225e-01 3.874999880790710449e-01
2.874999940395355225e-01 4.000000059604644775e-01
2.874999940395355225e-01 4.124999940395355225e-01
2.874999940395355225e-01 4.250000119209289551e-01
2.874999940395355225e-01 4.375000000000000000e-01
2.874999940395355225e-01 4.499999880790710449e-01
2.874999940395355225e-01 4.625000059604644775e-01
2.874999940395355225e-01 4.749999940395355225e-01
2.874999940395355225e-01 4.875000119209289551e-01
2.874999940395355225e-01 5.000000000000000000e-01
2.874999940395355225e-01 5.124999880790710449e-01
2.874999940395355225e-01 5.249999761581420898e-01
2.874999940395355225e-01 5.375000238418579102e-01
2.874999940395355225e-01 5.500000119209289551e-01
2.874999940395355225e-01 5.625000000000000000e-01
2.874999940395355225e-01 5.749999880790710449e-01
2.874999940395355225e-01 5.874999761581420898e-01
2.874999940395355225e-01 6.000000238418579102e-01
2.874999940395355225e-01 6.125000119209289551e-01
2.874999940395355225e-01 6.250000000000000000e-01
2.874999940395355225e-01 6.374999880790710449e-01
2.874999940395355225e-01 6.499999761581420898e-01
2.874999940395355225e-01 6.625000238418579102e-01
2.874999940395355225e-01 6.750000119209289551e-01
2.874999940395355225e-01 6.875000000000000000e-01
2.874999940395355225e-01 6.999999880790710449e-01
2.874999940395355225e-01 7.124999761581420898e-01
2.874999940395355225e-01 7.250000238418579102e-01
2.874999940395355225e-01 7.375000119209289551e-01
2.874999940395355225e-01 7.500000000000000000e-01
2.874999940395355225e-01 7.624999880790710449e-01
2.874999940395355225e-01 7.749999761581420898e-01
2.874999940395355225e-01 7.875000238418579102e-01
2.874999940395355225e-01 8.000000119209289551e-01
2.874999940395355225e-01 8.125000000000000000e-01
2.874999940395355225e-01 8.249999880790710449e-01
2.874999940395355225e-01 8.374999761581420898e-01
2.874999940395355225e-01 8.500000238418579102e-01
2.874999940395355225e-01 8.625000119209289551e-01
2.874999940395355225e-01 8.750000000000000000e-01
2.874999940395355225e-01 8.874999880790710449e-01
2.874999940395355225e-01 8.999999761581420898e-01
2.874999940395355225e-01 9.125000238418579102e-01
2.874999940395355225e-01 9.250000119209289551e-01
2.874999940395355225e-01 9.375000000000000000e-01
2.874999940395355225e-01 9.499999880790710449e-01
2.874999940395355225e-01 9.624999761581420898e-01
2.874999940395355225e-01 9.750000238418579102e-01
2.874999940395355225e-01 9.875000119209289551e-01
2.874999940395355225e-01 1.000000000000000000e+00
3.000000119209289551e-01 0.000000000000000000e+00
3.000000119209289551e-01 1.250000018626451492e-02
3.000000119209289551e-01 2.500000037252902985e-02
3.000000119209289551e-01 3.750000149011611938e-02
3.000000119209289551e-01 5.000000074505805969e-02
3.000000119209289551e-01 6.250000000000000000e-02
3.000000119209289551e-01 7.500000298023223877e-02
3.000000119209289551e-01 8.749999850988388062e-02
3.000000119209289551e-01 1.000000014901161194e-01
3.000000119209289551e-01 1.124999970197677612e-01
3.000000119209289551e-01 1.250000000000000000e-01
3.000000119209289551e-01 1.375000029802322388e-01
3.000000119209289551e-01 1.500000059604644775e-01
3.000000119209289551e-01 1.624999940395355225e-01
3.000000119209289551e-01 1.749999970197677612e-01
3.000000119209289551e-01 1.875000000000000000e-01
3.000000119209289551e-01 2.000000029802322388e-01
3.000000119209289551e-01 2.125000059604644775e-01
3.000000119209289551e-01 2.249999940395355225e-01
3.000000119209289551e-01 2.374999970197677612e-01
3.000000119209289551e-01 2.500000000000000000e-01
3.000000119209289551e-01 2.624999880790710449e-01
3.000000119209289551e-01 2.750000059604644775e-01
3.000000119209289551e-01 2.874999940395355225e-01
3.000000119209289551e-01 3.000000119209289551e-01
3.000000119209289551e-01 3.125000000000000000e-01
3.000000119209289551e-01 3.249999880790710449e-01
3.000000119209289551e-01 3.375000059604644775e-01
3.000000119209289551e-01 3.499999940395355225e-01
3.000000119209289551e-01 3.625000119209289551e-01
3.000000119209289551e-01 3.750000000000000000e-01
3.000000119209289551e-01 3.874999880790710449e-01
3.000000119209289551e-01 4.000000059604644775e-01
3.000000119209289551e-01 4.124999940395355225e-01
3.000000119209289551e-01 4.250000119209289551e-01
3.000000119209289551e-01 4.375000000000000000e-01
3.000000119209289551e-01 4.499999880790710449e-01
3.000000119209289551e-01 4.625000059604644775e-01
3.000000119209289551e-01 4.749999940395355225e-01
3.000000119209289551e-01 4.875000119209289551e-01
3.000000119209289551e-01 5.000000000000000000e-01
3.000000119209289551e-01 5.124999880790710449e-01
3.000000119209289551e-01 5.249999761581420898e-01
3.000000119209289551e-01 5.375000238418579102e-01
3.000000119209289551e-01 5.500000119209289551e-01
3.000000119209289551e-01 5.625000000000000000e-01
3.000000119209289551e-01 5.749999880790710449e-01
3.000000119209289551e-01 5.874999761581420898e-01
3.000000119209289551e-01 6.000000238418579102e-01
3.000000119209289551e-01 6.125000119209289551e-01
3.000000119209289551e-01 6.250000000000000000e-01
3.000000119209289551e-01 6.374999880790710449e-01
3.000000119209289551e-01 6.499999761581420898e-01
3.000000119209289551e-01 6.625000238418579102e-01
3.000000119209289551e-01 6.750000119209289551e-01
3.000000119209289551e-01 6.875000000000000000e-01
3.000000119209289551e-01 6.999999880790710449e-01
3.000000119209289551e-01 7.124999761581420898e-01
3.000000119209289551e-01 7.250000238418579102e-01
3.000000119209289551e-01 7.375000119209289551e-01
3.000000119209289551e-01 7.500000000000000000e-01
3.000000119209289551e-01 7.624999880790710449e-01
3.000000119209289551e-01 7.749999761581420898e-01
3.000000119209289551e-01 7.875000238418579102e-01
3.000000119209289551e-01 8.000000119209289551e-01
3.000000119209289551e-01 8.125000000000000000e-01
3.000000119209289551e-01 8.249999880790710449e-01
3.000000119209289551e-01 8.374999761581420898e-01
3.000000119209289551e-01 8.500000238418579102e-01
3.000000119209289551e-01 8.625000119209289551e-01
3.000000119209289551e-01 8.750000000000000000e-01
3.000000119209289551e-01 8.874999880790710449e-01
3.000000119209289551e-01 8.999999761581420898e-01
3.000000119209289551e-01 9.125000238418579102e-01
3.000000119209289551e-01 9.250000119209289551e-01
3.000000119209289551e-01 9.375000000000000000e-01
3.000000119209289551e-01 9.499999880790710449e-01
3.000000119209289551e-01 9.624999761581420898e-01
3.000000119209289551e-01 9.750000238418579102e-01
3.000000119209289551e-01 9.875000119209289551e-01
3.000000119209289551e-01 1.000000000000000000e+00
3.125000000000000000e-01 0.000000000000000000e+00
3.125000000000000000e-01 1.250000018626451492e-02
3.125000000000000000e-01 2.500000037252902985e-02
3.125000000000000000e-01 3.750000149011611938e-02
3.125000000000000000e-01 5.000000074505805969e-02
3.125000000000000000e-01 6.250000000000000000e-02
3.125000000000000000e-01 7.500000298023223877e-02
3.125000000000000000e-01 8.749999850988388062e-02
3.125000000000000000e-01 1.000000014901161194e-01
3.125000000000000000e-01 1.124999970197677612e-01
3.125000000000000000e-01 1.250000000000000000e-01
3.125000000000000000e-01 1.375000029802322388e-01
3.125000000000000000e-01 1.500000059604644775e-01
3.125000000000000000e-01 1.624999940395355225e-01
3.125000000000000000e-01 1.749999970197677612e-01
3.125000000000000000e-01 1.875000000000000000e-01
3.125000000000000000e-01 2.000000029802322388e-01
3.125000000000000000e-01 2.125000059604644775e-01
3.125000000000000000e-01 2.249999940395355225e-01
3.125000000000000000e-01 2.374999970197677612e-01
3.125000000000000000e-01 2.500000000000000000e-01
3.125000000000000000e-01 2.624999880790710449e-01
3.125000000000000000e-01 2.750000059604644775e-01
3.125000000000000000e-01 2.874999940395355225e-01
3.125000000000000000e-01 3.000000119209289551e-01
3.125000000000000000e-01 3.125000000000000000e-01
3.125000000000000000e-01 3.249999880790710449e-01
3.125000000000000000e-01 3.375000059604644775e-01
3.125000000000000000e-01 3.499999940395355225e-01
3.125000000000000000e-01 3.625000119209289551e-01
3.125000000000000000e-01 3.750000000000000000e-01
3.125000000000000000e-01 3.874999880790710449e-01
3.125000000000000000e-01 4.000000059604644775e-01
3.125000000000000000e-01 4.124999940395355225e-01
3.125000000000000000e-01 4.250000119209289551e-01
3.125000000000000000e-01 4.375000000000000000e-01
3.125000000000000000e-01 4.499999880790710449e-01
3.125000000000000000e-01 4.625000059604644775e-01
3.125000000000000000e-01 4.749999940395355225e-01
3.125000000000000000e-01 4.875000119209289551e-01
3.125000000000000000e-01 5.000000000000000000e-01
3.125000000000000000e-01 5.124999880790710449e-01
3.125000000000000000e-01 5.249999761581420898e-01
3.125000000000000000e-01 5.375000238418579102e-01
3.125000000000000000e-01 5.500000119209289551e-01
3.125000000000000000e-01 5.625000000000000000e-01
3.125000000000000000e-01 5.749999880790710449e-01
3.125000000000000000e-01 5.874999761581420898e-01
3.125000000000000000e-01 6.000000238418579102e-01
3.125000000000000000e-01 6.125000119209289551e-01
3.125000000000000000e-01 6.250000000000000000e-01
3.125000000000000000e-01 6.374999880790710449e-01
3.125000000000000000e-01 6.499999761581420898e-01
3.125000000000000000e-01 6.625000238418579102e-01
3.125000000000000000e-01 6.750000119209289551e-01
3.125000000000000000e-01 6.875000000000000000e-01
3.125000000000000000e-01 6.999999880790710449e-01
3.125000000000000000e-01 7.124999761581420898e-01
3.125000000000000000e-01 7.250000238418579102e-01
3.125000000000000000e-01 7.375000119209289551e-01
3.125000000000000000e-01 7.500000000000000000e-01
3.125000000000000000e-01 7.624999880790710449e-01
3.125000000000000000e-01 7.749999761581420898e-01
3.125000000000000000e-01 7.875000238418579102e-01
3.125000000000000000e-01 8.000000119209289551e-01
3.125000000000000000e-01 8.125000000000000000e-01
3.125000000000000000e-01 8.249999880790710449e-01
3.125000000000000000e-01 8.374999761581420898e-01
3.125000000000000000e-01 8.500000238418579102e-01
3.125000000000000000e-01 8.625000119209289551e-01
3.125000000000000000e-01 8.750000000000000000e-01
3.125000000000000000e-01 8.874999880790710449e-01
3.125000000000000000e-01 8.999999761581420898e-01
3.125000000000000000e-01 9.125000238418579102e-01
3.125000000000000000e-01 9.250000119209289551e-01
3.125000000000000000e-01 9.375000000000000000e-01
3.125000000000000000e-01 9.499999880790710449e-01
3.125000000000000000e-01 9.624999761581420898e-01
3.125000000000000000e-01 9.750000238418579102e-01
3.125000000000000000e-01 9.875000119209289551e-01
3.125000000000000000e-01 1.000000000000000000e+00
3.249999880790710449e-01 0.000000000000000000e+00
3.249999880790710449e-01 1.250000018626451492e-02
3.249999880790710449e-01 2.500000037252902985e-02
3.249999880790710449e-01 3.750000149011611938e-02
3.249999880790710449e-01 5.000000074505805969e-02
3.249999880790710449e-01 6.250000000000000000e-02
3.249999880790710449e-01 7.500000298023223877e-02
3.249999880790710449e-01 8.749999850988388062e-02
3.249999880790710449e-01 1.000000014901161194e-01
3.249999880790710449e-01 1.124999970197677612e-01
3.249999880790710449e-01 1.250000000000000000e-01
3.249999880790710449e-01 1.375000029802322388e-01
3.249999880790710449e-01 1.500000059604644775e-01
3.249999880790710449e-01 1.624999940395355225e-01
3.249999880790710449e-01 1.749999970197677612e-01
3.249999880790710449e-01 1.875000000000000000e-01
3.249999880790710449e-01 2.000000029802322388e-01
3.249999880790710449e-01 2.125000059604644775e-01
3.249999880790710449e-01 2.249999940395355225e-01
3.249999880790710449e-01 2.374999970197677612e-01
3.249999880790710449e-01 2.500000000000000000e-01
3.249999880790710449e-01 2.624999880790710449e-01
3.249999880790710449e-01 2.750000059604644775e-01
3.249999880790710449e-01 2.874999940395355225e-01
3.249999880790710449e-01 3.000000119209289551e-01
3.249999880790710449e-01 3.125000000000000000e-01
3.249999880790710449e-01 3.249999880790710449e-01
3.249999880790710449e-01 3.375000059604644775e-01
3.249999880790710449e-01 3.499999940395355225e-01
3.249999880790710449e-01 3.625000119209289551e-01
3.249999880790710449e-01 3.750000000000000000e-01
3.249999880790710449e-01 3.874999880790710449e-01
3.249999880790710449e-01 4.000000059604644775e-01
3.249999880790710449e-01 4.124999940395355225e-01
3.249999880790710449e-01 4.250000119209289551e-01
3.249999880790710449e-01 4.375000000000000000e-01
3.249999880790710449e-01 4.499999880790710449e-01
3.249999880790710449e-01 4.625000059604644775e-01
3.249999880790710449e-01 4.749999940395355225e-01
3.249999880790710449e-01 4.875000119209289551e-01
3.249999880790710449e-01 5.000000000000000000e-01
3.249999880790710449e-01 5.124999880790710449e-01
3.249999880790710449e-01 5.249999761581420898e-01
3.249999880790710449e-01 5.375000238418579102e-01
3.249999880790710449e-01 5.500000119209289551e-01
3.249999880790710449e-01 5.625000000000000000e-01
3.249999880790710449e-01 5.749999880790710449e-01
3.249999880790710449e-01 5.874999761581420898e-01
3.249999880790710449e-01 6.000000238418579102e-01
3.249999880790710449e-01 6.125000119209289551e-01
3.249999880790710449e-01 6.250000000000000000e-01
3.249999880790710449e-01 6.374999880790710449e-01
3.249999880790710449e-01 6.499999761581420898e-01
3.249999880790710449e-01 6.625000238418579102e-01
3.249999880790710449e-01 6.750000119209289551e-01
3.249999880790710449e-01 6.875000000000000000e-01
3.249999880790710449e-01 6.999999880790710449e-01
3.249999880790710449e-01 7.124999761581420898e-01
3.249999880790710449e-01 7.250000238418579102e-01
3.249999880790710449e-01 7.375000119209289551e-01
3.249999880790710449e-01 7.500000000000000000e-01
3.249999880790710449e-01 7.624999880790710449e-01
3.249999880790710449e-01 7.749999761581420898e-01
3.249999880790710449e-01 7.875000238418579102e-01
3.249999880790710449e-01 8.000000119209289551e-01
3.249999880790710449e-01 8.125000000000000000e-01
3.249999880790710449e-01 8.249999880790710449e-01
3.249999880790710449e-01 8.374999761581420898e-01
3.249999880790710449e-01 8.500000238418579102e-01
3.249999880790710449e-01 8.625000119209289551e-01
3.249999880790710449e-01 8.750000000000000000e-01
3.249999880790710449e-01 8.874999880790710449e-01
3.249999880790710449e-01 8.999999761581420898e-01
3.249999880790710449e-01 9.125000238418579102e-01
3.249999880790710449e-01 9.250000119209289551e-01
3.249999880790710449e-01 9.375000000000000000e-01
3.249999880790710449e-01 9.499999880790710449e-01
3.249999880790710449e-01 9.624999761581420898e-01
3.249999880790710449e-01 9.750000238418579102e-01
3.249999880790710449e-01 9.875000119209289551e-01
3.249999880790710449e-01 1.000000000000000000e+00
3.375000059604644775e-01 0.000000000000000000e+00
3.375000059604644775e-01 1.250000018626451492e-02
3.375000059604644775e-01 2.500000037252902985e-02
3.375000059604644775e-01 3.750000149011611938e-02
3.375000059604644775e-01 5.000000074505805969e-02
3.375000059604644775e-01 6.250000000000000000e-02
3.375000059604644775e-01 7.500000298023223877e-02
3.375000059604644775e-01 8.749999850988388062e-02
3.375000059604644775e-01 1.000000014901161194e-01
3.375000059604644775e-01 1.124999970197677612e-01
3.375000059604644775e-01 1.250000000000000000e-01
3.375000059604644775e-01 1.375000029802322388e-01
3.375000059604644775e-01 1.500000059604644775e-01
3.375000059604644775e-01 1.624999940395355225e-01
3.375000059604644775e-01 1.749999970197677612e-01
3.375000059604644775e-01 1.875000000000000000e-01
3.375000059604644775e-01 2.000000029802322388e-01
3.375000059604644775e-01 2.125000059604644775e-01
3.375000059604644775e-01 2.249999940395355225e-01
3.375000059604644775e-01 2.374999970197677612e-01
3.375000059604644775e-01 2.500000000000000000e-01
3.375000059604644775e-01 2.624999880790710449e-01
3.375000059604644775e-01 2.750000059604644775e-01
3.375000059604644775e-01 2.874999940395355225e-01
3.375000059604644775e-01 3.000000119209289551e-01
3.375000059604644775e-01 3.125000000000000000e-01
3.375000059604644775e-01 3.249999880790710449e-01
3.375000059604644775e-01 3.375000059604644775e-01
3.375000059604644775e-01 3.499999940395355225e-01
3.375000059604644775e-01 3.625000119209289551e-01
3.375000059604644775e-01 3.750000000000000000e-01
3.375000059604644775e-01 3.874999880790710449e-01
3.375000059604644775e-01 4.000000059604644775e-01
3.375000059604644775e-01 4.124999940395355225e-01
3.375000059604644775e-01 4.250000119209289551e-01
3.375000059604644775e-01 4.375000000000000000e-01
3.375000059604644775e-01 4.499999880790710449e-01
3.375000059604644775e-01 4.625000059604644775e-01
3.375000059604644775e-01 4.749999940395355225e-01
3.375000059604644775e-01 4.875000119209289551e-01
3.375000059604644775e-01 5.000000000000000000e-01
3.375000059604644775e-01 5.124999880790710449e-01
3.375000059604644775e-01 5.249999761581420898e-01
3.375000059604644775e-01 5.375000238418579102e-01
3.375000059604644775e-01 5.500000119209289551e-01
3.375000059604644775e-01 5.625000000000000000e-01
3.375000059604644775e-01 5.749999880790710449e-01
3.375000059604644775e-01 5.874999761581420898e-01
3.375000059604644775e-01 6.000000238418579102e-01
3.375000059604644775e-01 6.125000119209289551e-01
3.375000059604644775e-01 6.250000000000000000e-01
3.375000059604644775e-01 6.374999880790710449e-01
3.375000059604644775e-01 6.499999761581420898e-01
3.375000059604644775e-01 6.625000238418579102e-01
3.375000059604644775e-01 6.750000119209289551e-01
3.375000059604644775e-01 6.875000000000000000e-01
3.375000059604644775e-01 6.999999880790710449e-01
3.375000059604644775e-01 7.124999761581420898e-01
3.375000059604644775e-01 7.250000238418579102e-01
3.375000059604644775e-01 7.375000119209289551e-01
3.375000059604644775e-01 7.500000000000000000e-01
3.375000059604644775e-01 7.624999880790710449e-01
3.375000059604644775e-01 7.749999761581420898e-01
3.375000059604644775e-01 7.875000238418579102e-01
3.375000059604644775e-01 8.000000119209289551e-01
3.375000059604644775e-01 8.125000000000000000e-01
3.375000059604644775e-01 8.249999880790710449e-01
3.375000059604644775e-01 8.374999761581420898e-01
3.375000059604644775e-01 8.500000238418579102e-01
3.375000059604644775e-01 8.625000119209289551e-01
3.375000059604644775e-01 8.750000000000000000e-01
3.375000059604644775e-01 8.874999880790710449e-01
3.375000059604644775e-01 8.999999761581420898e-01
3.375000059604644775e-01 9.125000238418579102e-01
3.375000059604644775e-01 9.250000119209289551e-01
3.375000059604644775e-01 9.375000000000000000e-01
3.375000059604644775e-01 9.499999880790710449e-01
3.375000059604644775e-01 9.624999761581420898e-01
3.375000059604644775e-01 9.750000238418579102e-01
3.375000059604644775e-01 9.875000119209289551e-01
3.375000059604644775e-01 1.000000000000000000e+00
3.499999940395355225e-01 0.000000000000000000e+00
3.499999940395355225e-01 1.250000018626451492e-02
3.499999940395355225e-01 2.500000037252902985e-02
3.499999940395355225e-01 3.750000149011611938e-02
3.499999940395355225e-01 5.000000074505805969e-02
3.499999940395355225e-01 6.250000000000000000e-02
3.499999940395355225e-01 7.500000298023223877e-02
3.499999940395355225e-01 8.749999850988388062e-02
3.499999940395355225e-01 1.000000014901161194e-01
3.499999940395355225e-01 1.124999970197677612e-01
3.499999940395355225e-01 1.250000000000000000e-01
3.499999940395355225e-01 1.375000029802322388e-01
3.499999940395355225e-01 1.500000059604644775e-01
3.499999940395355225e-01 1.624999940395355225e-01
3.499999940395355225e-01 1.749999970197677612e-01
3.499999940395355225e-01 1.875000000000000000e-01
3.499999940395355225e-01 2.000000029802322388e-01
3.499999940395355225e-01 2.125000059604644775e-01
3.499999940395355225e-01 2.249999940395355225e-01
3.499999940395355225e-01 2.374999970197677612e-01
3.499999940395355225e-01 2.500000000000000000e-01
3.499999940395355225e-01 2.624999880790710449e-01
3.499999940395355225e-01 2.750000059604644775e-01
3.499999940395355225e-01 2.874999940395355225e-01
3.499999940395355225e-01 3.000000119209289551e-01
3.499999940395355225e-01 3.125000000000000000e-01
3.499999940395355225e-01 3.249999880790710449e-01
3.499999940395355225e-01 3.375000059604644775e-01
3.499999940395355225e-01 3.499999940395355225e-01
3.499999940395355225e-01 3.625000119209289551e-01
3.499999940395355225e-01 3.750000000000000000e-01
3.499999940395355225e-01 3.874999880790710449e-01
3.499999940395355225e-01 4.000000059604644775e-01
3.499999940395355225e-01 4.124999940395355225e-01
3.499999940395355225e-01 4.250000119209289551e-01
3.499999940395355225e-01 4.375000000000000000e-01
3.499999940395355225e-01 4.499999880790710449e-01
3.499999940395355225e-01 4.625000059604644775e-01
3.499999940395355225e-01 4.749999940395355225e-01
3.499999940395355225e-01 4.875000119209289551e-01
3.499999940395355225e-01 5.000000000000000000e-01
3.499999940395355225e-01 5.124999880790710449e-01
3.499999940395355225e-01 5.249999761581420898e-01
3.499999940395355225e-01 5.375000238418579102e-01
3.499999940395355225e-01 5.500000119209289551e-01
3.499999940395355225e-01 5.625000000000000000e-01
3.499999940395355225e-01 5.749999880790710449e-01
3.499999940395355225e-01 5.874999761581420898e-01
3.499999940395355225e-01 6.000000238418579102e-01
3.499999940395355225e-01 6.125000119209289551e-01
3.499999940395355225e-01 6.250000000000000000e-01
3.499999940395355225e-01 6.374999880790710449e-01
3.499999940395355225e-01 6.499999761581420898e-01
3.499999940395355225e-01 6.625000238418579102e-01
3.499999940395355225e-01 6.750000119209289551e-01
3.499999940395355225e-01 6.875000000000000000e-01
3.499999940395355225e-01 6.999999880790710449e-01
3.499999940395355225e-01 7.124999761581420898e-01
3.499999940395355225e-01 7.250000238418579102e-01
3.499999940395355225e-01 7.375000119209289551e-01
3.499999940395355225e-01 7.500000000000000000e-01
3.499999940395355225e-01 7.624999880790710449e-01
3.499999940395355225e-01 7.749999761581420898e-01
3.499999940395355225e-01 7.875000238418579102e-01
3.499999940395355225e-01 8.000000119209289551e-01
3.499999940395355225e-01 8.125000000000000000e-01
3.499999940395355225e-01 8.249999880790710449e-01
3.499999940395355225e-01 8.374999761581420898e-01
3.499999940395355225e-01 8.500000238418579102e-01
3.499999940395355225e-01 8.625000119209289551e-01
3.499999940395355225e-01 8.750000000000000000e-01
3.499999940395355225e-01 8.874999880790710449e-01
3.499999940395355225e-01 8.999999761581420898e-01
3.499999940395355225e-01 9.125000238418579102e-01
3.499999940395355225e-01 9.250000119209289551e-01
3.499999940395355225e-01 9.375000000000000000e-01
3.499999940395355225e-01 9.499999880790710449e-01
3.499999940395355225e-01 9.624999761581420898e-01
3.499999940395355225e-01 9.750000238418579102e-01
3.499999940395355225e-01 9.875000119209289551e-01
3.499999940395355225e-01 1.000000000000000000e+00
3.625000119209289551e-01 0.000000000000000000e+00
3.625000119209289551e-01 1.250000018626451492e-02
3.625000119209289551e-01 2.500000037252902985e-02
3.625000119209289551e-01 3.750000149011611938e-02
3.625000119209289551e-01 5.000000074505805969e-02
3.625000119209289551e-01 6.250000000000000000e-02
3.625000119209289551e-01 7.500000298023223877e-02
3.625000119209289551e-01 8.749999850988388062e-02
3.625000119209289551e-01 1.000000014901161194e-01
3.625000119209289551e-01 1.124999970197677612e-01
3.625000119209289551e-01 1.250000000000000000e-01
3.625000119209289551e-01 1.375000029802322388e-01
3.625000119209289551e-01 1.500000059604644775e-01
3.625000119209289551e-01 1.624999940395355225e-01
3.625000119209289551e-01 1.749999970197677612e-01
3.625000119209289551e-01 1.875000000000000000e-01
3.625000119209289551e-01 2.000000029802322388e-01
3.625000119209289551e-01 2.125000059604644775e-01
3.625000119209289551e-01 2.249999940395355225e-01
3.625000119209289551e-01 2.374999970197677612e-01
3.625000119209289551e-01 2.500000000000000000e-01
3.625000119209289551e-01 2.624999880790710449e-01
3.625000119209289551e-01 2.750000059604644775e-01
3.625000119209289551e-01 2.874999940395355225e-01
3.625000119209289551e-01 3.000000119209289551e-01
3.625000119209289551e-01 3.125000000000000000e-01
3.625000119209289551e-01 3.249999880790710449e-01
3.625000119209289551e-01 3.375000059604644775e-01
3.625000119209289551e-01 3.499999940395355225e-01
3.625000119209289551e-01 3.625000119209289551e-01
3.625000119209289551e-01 3.750000000000000000e-01
3.625000119209289551e-01 3.874999880790710449e-01
3.625000119209289551e-01 4.000000059604644775e-01
3.625000119209289551e-01 4.124999940395355225e-01
3.625000119209289551e-01 4.250000119209289551e-01
3.625000119209289551e-01 4.375000000000000000e-01
3.625000119209289551e-01 4.499999880790710449e-01
3.625000119209289551e-01 4.625000059604644775e-01
3.625000119209289551e-01 4.749999940395355225e-01
3.625000119209289551e-01 4.875000119209289551e-01
3.625000119209289551e-01 5.000000000000000000e-01
3.625000119209289551e-01 5.124999880790710449e-01
3.625000119209289551e-01 5.249999761581420898e-01
3.625000119209289551e-01 5.375000238418579102e-01
3.625000119209289551e-01 5.500000119209289551e-01
3.625000119209289551e-01 5.625000000000000000e-01
3.625000119209289551e-01 5.749999880790710449e-01
3.625000119209289551e-01 5.874999761581420898e-01
3.625000119209289551e-01 6.000000238418579102e-01
3.625000119209289551e-01 6.125000119209289551e-01
3.625000119209289551e-01 6.250000000000000000e-01
3.625000119209289551e-01 6.374999880790710449e-01
3.625000119209289551e-01 6.499999761581420898e-01
3.625000119209289551e-01 6.625000238418579102e-01
3.625000119209289551e-01 6.750000119209289551e-01
3.625000119209289551e-01 6.875000000000000000e-01
3.625000119209289551e-01 6.999999880790710449e-01
3.625000119209289551e-01 7.124999761581420898e-01
3.625000119209289551e-01 7.250000238418579102e-01
3.625000119209289551e-01 7.375000119209289551e-01
3.625000119209289551e-01 7.500000000000000000e-01
3.625000119209289551e-01 7.624999880790710449e-01
3.625000119209289551e-01 7.749999761581420898e-01
3.625000119209289551e-01 7.875000238418579102e-01
3.625000119209289551e-01 8.000000119209289551e-01
3.625000119209289551e-01 8.125000000000000000e-01
3.625000119209289551e-01 8.249999880790710449e-01
3.625000119209289551e-01 8.374999761581420898e-01
3.625000119209289551e-01 8.500000238418579102e-01
3.625000119209289551e-01 8.625000119209289551e-01
3.625000119209289551e-01 8.750000000000000000e-01
3.625000119209289551e-01 8.874999880790710449e-01
3.625000119209289551e-01 8.999999761581420898e-01
3.625000119209289551e-01 9.125000238418579102e-01
3.625000119209289551e-01 9.250000119209289551e-01
3.625000119209289551e-01 9.375000000000000000e-01
3.625000119209289551e-01 9.499999880790710449e-01
3.625000119209289551e-01 9.624999761581420898e-01
3.625000119209289551e-01 9.750000238418579102e-01
3.625000119209289551e-01 9.875000119209289551e-01
3.625000119209289551e-01 1.000000000000000000e+00
3.750000000000000000e-01 0.000000000000000000e+00
3.750000000000000000e-01 1.250000018626451492e-02
3.750000000000000000e-01 2.500000037252902985e-02
3.750000000000000000e-01 3.750000149011611938e-02
3.750000000000000000e-01 5.000000074505805969e-02
3.750000000000000000e-01 6.250000000000000000e-02
3.750000000000000000e-01 7.500000298023223877e-02
3.750000000000000000e-01 8.749999850988388062e-02
3.750000000000000000e-01 1.000000014901161194e-01
3.750000000000000000e-01 1.124999970197677612e-01
3.750000000000000000e-01 1.250000000000000000e-01
3.750000000000000000e-01 1.375000029802322388e-01
3.750000000000000000e-01 1.500000059604644775e-01
3.750000000000000000e-01 1.624999940395355225e-01
3.750000000000000000e-01 1.749999970197677612e-01
3.750000000000000000e-01 1.875000000000000000e-01
3.750000000000000000e-01 2.000000029802322388e-01
3.750000000000000000e-01 2.125000059604644775e-01
3.750000000000000000e-01 2.249999940395355225e-01
3.750000000000000000e-01 2.374999970197677612e-01
3.750000000000000000e-01 2.500000000000000000e-01
3.750000000000000000e-01 2.624999880790710449e-01
3.750000000000000000e-01 2.750000059604644775e-01
3.750000000000000000e-01 2.874999940395355225e-01
3.750000000000000000e-01 3.000000119209289551e-01
3.750000000000000000e-01 3.125000000000000000e-01
3.750000000000000000e-01 3.249999880790710449e-01
3.750000000000000000e-01 3.375000059604644775e-01
3.750000000000000000e-01 3.499999940395355225e-01
3.750000000000000000e-01 3.625000119209289551e-01
3.750000000000000000e-01 3.750000000000000000e-01
3.750000000000000000e-01 3.874999880790710449e-01
3.750000000000000000e-01 4.000000059604644775e-01
3.750000000000000000e-01 4.124999940395355225e-01
3.750000000000000000e-01 4.250000119209289551e-01
3.750000000000000000e-01 4.375000000000000000e-01
3.750000000000000000e-01 4.499999880790710449e-01
3.750000000000000000e-01 4.625000059604644775e-01
3.750000000000000000e-01 4.749999940395355225e-01
3.750000000000000000e-01 4.875000119209289551e-01
3.750000000000000000e-01 5.000000000000000000e-01
3.750000000000000000e-01 5.124999880790710449e-01
3.750000000000000000e-01 5.249999761581420898e-01
3.750000000000000000e-01 5.375000238418579102e-01
3.750000000000000000e-01 5.500000119209289551e-01
3.750000000000000000e-01 5.625000000000000000e-01
3.750000000000000000e-01 5.749999880790710449e-01
3.750000000000000000e-01 5.874999761581420898e-01
3.750000000000000000e-01 6.000000238418579102e-01
3.750000000000000000e-01 6.125000119209289551e-01
3.750000000000000000e-01 6.250000000000000000e-01
3.750000000000000000e-01 6.374999880790710449e-01
3.750000000000000000e-01 6.499999761581420898e-01
3.750000000000000000e-01 6.625000238418579102e-01
3.750000000000000000e-01 6.750000119209289551e-01
3.750000000000000000e-01 6.875000000000000000e-01
3.750000000000000000e-01 6.999999880790710449e-01
3.750000000000000000e-01 7.124999761581420898e-01
3.750000000000000000e-01 7.250000238418579102e-01
3.750000000000000000e-01 7.375000119209289551e-01
3.750000000000000000e-01 7.500000000000000000e-01
3.750000000000000000e-01 7.624999880790710449e-01
3.750000000000000000e-01 7.749999761581420898e-01
3.750000000000000000e-01 7.875000238418579102e-01
3.750000000000000000e-01 8.000000119209289551e-01
3.750000000000000000e-01 8.125000000000000000e-01
3.750000000000000000e-01 8.249999880790710449e-01
3.750000000000000000e-01 8.374999761581420898e-01
3.750000000000000000e-01 8.500000238418579102e-01
3.750000000000000000e-01 8.625000119209289551e-01
3.750000000000000000e-01 8.750000000000000000e-01
3.750000000000000000e-01 8.874999880790710449e-01
3.750000000000000000e-01 8.999999761581420898e-01
3.750000000000000000e-01 9.125000238418579102e-01
3.750000000000000000e-01 9.250000119209289551e-01
3.750000000000000000e-01 9.375000000000000000e-01
3.750000000000000000e-01 9.499999880790710449e-01
3.750000000000000000e-01 9.624999761581420898e-01
3.750000000000000000e-01 9.750000238418579102e-01
3.750000000000000000e-01 9.875000119209289551e-01
3.750000000000000000e-01 1.000000000000000000e+00
3.874999880790710449e-01 0.000000000000000000e+00
3.874999880790710449e-01 1.250000018626451492e-02
3.874999880790710449e-01 2.500000037252902985e-02
3.874999880790710449e-01 3.750000149011611938e-02
3.874999880790710449e-01 5.000000074505805969e-02
3.874999880790710449e-01 6.250000000000000000e-02
3.874999880790710449e-01 7.500000298023223877e-02
3.874999880790710449e-01 8.749999850988388062e-02
3.874999880790710449e-01 1.000000014901161194e-01
3.874999880790710449e-01 1.124999970197677612e-01
3.874999880790710449e-01 1.250000000000000000e-01
3.874999880790710449e-01 1.375000029802322388e-01
3.874999880790710449e-01 1.500000059604644775e-01
3.874999880790710449e-01 1.624999940395355225e-01
3.874999880790710449e-01 1.749999970197677612e-01
3.874999880790710449e-01 1.875000000000000000e-01
3.874999880790710449e-01 2.000000029802322388e-01
3.874999880790710449e-01 2.125000059604644775e-01
3.874999880790710449e-01 2.249999940395355225e-01
3.874999880790710449e-01 2.374999970197677612e-01
3.874999880790710449e-01 2.500000000000000000e-01
3.874999880790710449e-01 2.624999880790710449e-01
3.874999880790710449e-01 2.750000059604644775e-01
3.874999880790710449e-01 2.874999940395355225e-01
3.874999880790710449e-01 3.000000119209289551e-01
3.874999880790710449e-01 3.125000000000000000e-01
3.874999880790710449e-01 3.249999880790710449e-01
3.874999880790710449e-01 3.375000059604644775e-01
3.874999880790710449e-01 3.499999940395355225e-01
3.874999880790710449e-01 3.625000119209289551e-01
3.874999880790710449e-01 3.750000000000000000e-01
3.874999880790710449e-01 3.874999880790710449e-01
3.874999880790710449e-01 4.000000059604644775e-01
3.874999880790710449e-01 4.124999940395355225e-01
3.874999880790710449e-01 4.250000119209289551e-01
3.874999880790710449e-01 4.375000000000000000e-01
3.874999880790710449e-01 4.499999880790710449e-01
3.874999880790710449e-01 4.625000059604644775e-01
3.874999880790710449e-01 4.749999940395355225e-01
3.874999880790710449e-01 4.875000119209289551e-01
3.874999880790710449e-01 5.000000000000000000e-01
3.874999880790710449e-01 5.124999880790710449e-01
3.874999880790710449e-01 5.249999761581420898e-01
3.874999880790710449e-01 5.375000238418579102e-01
3.874999880790710449e-01 5.500000119209289551e-01
3.874999880790710449e-01 5.625000000000000000e-01
3.874999880790710449e-01 5.749999880790710449e-01
3.874999880790710449e-01 5.874999761581420898e-01
3.874999880790710449e-01 6.000000238418579102e-01
3.874999880790710449e-01 6.125000119209289551e-01
3.874999880790710449e-01 6.250000000000000000e-01
3.874999880790710449e-01 6.374999880790710449e-01
3.874999880790710449e-01 6.499999761581420898e-01
3.874999880790710449e-01 6.625000238418579102e-01
3.874999880790710449e-01 6.750000119209289551e-01
3.874999880790710449e-01 6.875000000000000000e-01
3.874999880790710449e-01 6.999999880790710449e-01
3.874999880790710449e-01 7.124999761581420898e-01
3.874999880790710449e-01 7.250000238418579102e-01
3.874999880790710449e-01 7.375000119209289551e-01
3.874999880790710449e-01 7.500000000000000000e-01
3.874999880790710449e-01 7.624999880790710449e-01
3.874999880790710449e-01 7.749999761581420898e-01
3.874999880790710449e-01 7.875000238418579102e-01
3.874999880790710449e-01 8.000000119209289551e-01
3.874999880790710449e-01 8.125000000000000000e-01
3.874999880790710449e-01 8.249999880790710449e-01
3.874999880790710449e-01 8.374999761581420898e-01
3.874999880790710449e-01 8.500000238418579102e-01
3.874999880790710449e-01 8.625000119209289551e-01
3.874999880790710449e-01 8.750000000000000000e-01
3.874999880790710449e-01 8.874999880790710449e-01
3.874999880790710449e-01 8.999999761581420898e-01
3.874999880790710449e-01 9.125000238418579102e-01
3.874999880790710449e-01 9.250000119209289551e-01
3.874999880790710449e-01 9.375000000000000000e-01
3.874999880790710449e-01 9.499999880790710449e-01
3.874999880790710449e-01 9.624999761581420898e-01
3.874999880790710449e-01 9.750000238418579102e-01
3.874999880790710449e-01 9.875000119209289551e-01
3.874999880790710449e-01 1.000000000000000000e+00
4.000000059604644775e-01 0.000000000000000000e+00
4.000000059604644775e-01 1.250000018626451492e-02
4.000000059604644775e-01 2.500000037252902985e-02
4.000000059604644775e-01 3.750000149011611938e-02
4.000000059604644775e-01 5.000000074505805969e-02
4.000000059604644775e-01 6.250000000000000000e-02
4.000000059604644775e-01 7.500000298023223877e-02
4.000000059604644775e-01 8.749999850988388062e-02
4.000000059604644775e-01 1.000000014901161194e-01
4.000000059604644775e-01 1.124999970197677612e-01
4.000000059604644775e-01 1.250000000000000000e-01
4.000000059604644775e-01 1.375000029802322388e-01
4.000000059604644775e-01 1.500000059604644775e-01
4.000000059604644775e-01 1.624999940395355225e-01
4.000000059604644775e-01 1.749999970197677612e-01
4.000000059604644775e-01 1.875000000000000000e-01
4.000000059604644775e-01 2.000000029802322388e-01
4.000000059604644775e-01 2.125000059604644775e-01
4.000000059604644775e-01 2.249999940395355225e-01
4.000000059604644775e-01 2.374999970197677612e-01
4.000000059604644775e-01 2.500000000000000000e-01
4.000000059604644775e-01 2.624999880790710449e-01
4.000000059604644775e-01 2.750000059604644775e-01
4.000000059604644775e-01 2.874999940395355225e-01
4.000000059604644775e-01 3.000000119209289551e-01
4.000000059604644775e-01 3.125000000000000000e-01
4.000000059604644775e-01 3.249999880790710449e-01
4.000000059604644775e-01 3.375000059604644775e-01
4.000000059604644775e-01 3.499999940395355225e-01
4.000000059604644775e-01 3.625000119209289551e-01
4.000000059604644775e-01 3.750000000000000000e-01
4.000000059604644775e-01 3.874999880790710449e-01
4.000000059604644775e-01 4.000000059604644775e-01
4.000000059604644775e-01 4.124999940395355225e-01
4.000000059604644775e-01 4.250000119209289551e-01
4.000000059604644775e-01 4.375000000000000000e-01
4.000000059604644775e-01 4.499999880790710449e-01
4.000000059604644775e-01 4.625000059604644775e-01
4.000000059604644775e-01 4.749999940395355225e-01
4.000000059604644775e-01 4.875000119209289551e-01
4.000000059604644775e-01 5.000000000000000000e-01
4.000000059604644775e-01 5.124999880790710449e-01
4.000000059604644775e-01 5.249999761581420898e-01
4.000000059604644775e-01 5.375000238418579102e-01
4.000000059604644775e-01 5.500000119209289551e-01
4.000000059604644775e-01 5.625000000000000000e-01
4.000000059604644775e-01 5.749999880790710449e-01
4.000000059604644775e-01 5.874999761581420898e-01
4.000000059604644775e-01 6.000000238418579102e-01
4.000000059604644775e-01 6.125000119209289551e-01
4.000000059604644775e-01 6.250000000000000000e-01
4.000000059604644775e-01 6.374999880790710449e-01
4.000000059604644775e-01 6.499999761581420898e-01
4.000000059604644775e-01 6.625000238418579102e-01
4.000000059604644775e-01 6.750000119209289551e-01
4.000000059604644775e-01 6.875000000000000000e-01
4.000000059604644775e-01 6.999999880790710449e-01
4.000000059604644775e-01 7.124999761581420898e-01
4.000000059604644775e-01 7.250000238418579102e-01
4.000000059604644775e-01 7.375000119209289551e-01
4.000000059604644775e-01 7.500000000000000000e-01
4.000000059604644775e-01 7.624999880790710449e-01
4.000000059604644775e-01 7.749999761581420898e-01
4.000000059604644775e-01 7.875000238418579102e-01
4.000000059604644775e-01 8.000000119209289551e-01
4.000000059604644775e-01 8.125000000000000000e-01
4.000000059604644775e-01 8.249999880790710449e-01
4.000000059604644775e-01 8.374999761581420898e-01
4.000000059604644775e-01 8.500000238418579102e-01
4.000000059604644775e-01 8.625000119209289551e-01
4.000000059604644775e-01 8.750000000000000000e-01
4.000000059604644775e-01 8.874999880790710449e-01
4.000000059604644775e-01 8.999999761581420898e-01
4.000000059604644775e-01 9.125000238418579102e-01
4.000000059604644775e-01 9.250000119209289551e-01
4.000000059604644775e-01 9.375000000000000000e-01
4.000000059604644775e-01 9.499999880790710449e-01
4.000000059604644775e-01 9.624999761581420898e-01
4.000000059604644775e-01 9.750000238418579102e-01
4.000000059604644775e-01 9.875000119209289551e-01
4.000000059604644775e-01 1.000000000000000000e+00
4.124999940395355225e-01 0.000000000000000000e+00
4.124999940395355225e-01 1.250000018626451492e-02
4.124999940395355225e-01 2.500000037252902985e-02
4.124999940395355225e-01 3.750000149011611938e-02
4.124999940395355225e-01 5.000000074505805969e-02
4.124999940395355225e-01 6.250000000000000000e-02
4.124999940395355225e-01 7.500000298023223877e-02
4.124999940395355225e-01 8.749999850988388062e-02
4.124999940395355225e-01 1.000000014901161194e-01
4.124999940395355225e-01 1.124999970197677612e-01
4.124999940395355225e-01 1.250000000000000000e-01
4.124999940395355225e-01 1.375000029802322388e-01
4.124999940395355225e-01 1.500000059604644775e-01
4.124999940395355225e-01 1.624999940395355225e-01
4.124999940395355225e-01 1.749999970197677612e-01
4.124999940395355225e-01 1.875000000000000000e-01
4.124999940395355225e-01 2.000000029802322388e-01
4.124999940395355225e-01 2.125000059604644775e-01
4.124999940395355225e-01 2.249999940395355225e-01
4.124999940395355225e-01 2.374999970197677612e-01
4.124999940395355225e-01 2.500000000000000000e-01
4.124999940395355225e-01 2.624999880790710449e-01
4.124999940395355225e-01 2.750000059604644775e-01
4.124999940395355225e-01 2.874999940395355225e-01
4.124999940395355225e-01 3.000000119209289551e-01
4.124999940395355225e-01 3.125000000000000000e-01
4.124999940395355225e-01 3.249999880790710449e-01
4.124999940395355225e-01 3.375000059604644775e-01
4.124999940395355225e-01 3.499999940395355225e-01
4.124999940395355225e-01 3.625000119209289551e-01
4.124999940395355225e-01 3.750000000000000000e-01
4.124999940395355225e-01 3.874999880790710449e-01
4.124999940395355225e-01 4.000000059604644775e-01
4.124999940395355225e-01 4.124999940395355225e-01
4.124999940395355225e-01 4.250000119209289551e-01
4.124999940395355225e-01 4.375000000000000000e-01
4.124999940395355225e-01 4.499999880790710449e-01
4.124999940395355225e-01 4.625000059604644775e-01
4.124999940395355225e-01 4.749999940395355225e-01
4.124999940395355225e-01 4.875000119209289551e-01
4.124999940395355225e-01 5.000000000000000000e-01
4.124999940395355225e-01 5.124999880790710449e-01
4.124999940395355225e-01 5.249999761581420898e-01
4.124999940395355225e-01 5.375000238418579102e-01
4.124999940395355225e-01 5.500000119209289551e-01
4.124999940395355225e-01 5.625000000000000000e-01
4.124999940395355225e-01 5.749999880790710449e-01
4.124999940395355225e-01 5.874999761581420898e-01
4.124999940395355225e-01 6.000000238418579102e-01
4.124999940395355225e-01 6.125000119209289551e-01
4.124999940395355225e-01 6.250000000000000000e-01
4.124999940395355225e-01 6.374999880790710449e-01
4.124999940395355225e-01 6.499999761581420898e-01
4.124999940395355225e-01 6.625000238418579102e-01
4.124999940395355225e-01 6.750000119209289551e-01
4.124999940395355225e-01 6.875000000000000000e-01
4.124999940395355225e-01 6.999999880790710449e-01
4.124999940395355225e-01 7.124999761581420898e-01
4.124999940395355225e-01 7.250000238418579102e-01
4.124999940395355225e-01 7.375000119209289551e-01
4.124999940395355225e-01 7.500000000000000000e-01
4.124999940395355225e-01 7.624999880790710449e-01
4.124999940395355225e-01 7.749999761581420898e-01
4.124999940395355225e-01 7.875000238418579102e-01
4.124999940395355225e-01 8.000000119209289551e-01
4.124999940395355225e-01 8.125000000000000000e-01
4.124999940395355225e-01 8.249999880790710449e-01
4.124999940395355225e-01 8.374999761581420898e-01
4.124999940395355225e-01 8.500000238418579102e-01
4.124999940395355225e-01 8.625000119209289551e-01
4.124999940395355225e-01 8.750000000000000000e-01
4.124999940395355225e-01 8.874999880790710449e-01
4.124999940395355225e-01 8.999999761581420898e-01
4.124999940395355225e-01 9.125000238418579102e-01
4.124999940395355225e-01 9.250000119209289551e-01
4.124999940395355225e-01 9.375000000000000000e-01
4.124999940395355225e-01 9.499999880790710449e-01
4.124999940395355225e-01 9.624999761581420898e-01
4.124999940395355225e-01 9.750000238418579102e-01
4.124999940395355225e-01 9.875000119209289551e-01
4.124999940395355225e-01 1.000000000000000000e+00
4.250000119209289551e-01 0.000000000000000000e+00
4.250000119209289551e-01 1.250000018626451492e-02
4.250000119209289551e-01 2.500000037252902985e-02
4.250000119209289551e-01 3.750000149011611938e-02
4.250000119209289551e-01 5.000000074505805969e-02
4.250000119209289551e-01 6.250000000000000000e-02
4.250000119209289551e-01 7.500000298023223877e-02
4.250000119209289551e-01 8.749999850988388062e-02
4.250000119209289551e-01 1.000000014901161194e-01
4.250000119209289551e-01 1.124999970197677612e-01
4.250000119209289551e-01 1.250000000000000000e-01
4.250000119209289551e-01 1.375000029802322388e-01
4.250000119209289551e-01 1.500000059604644775e-01
4.250000119209289551e-01 1.624999940395355225e-01
4.250000119209289551e-01 1.749999970197677612e-01
4.250000119209289551e-01 1.875000000000000000e-01
4.250000119209289551e-01 2.000000029802322388e-01
4.250000119209289551e-01 2.125000059604644775e-01
4.250000119209289551e-01 2.249999940395355225e-01
4.250000119209289551e-01 2.374999970197677612e-01
4.250000119209289551e-01 2.500000000000000000e-01
4.250000119209289551e-01 2.624999880790710449e-01
4.250000119209289551e-01 2.750000059604644775e-01
4.250000119209289551e-01 2.874999940395355225e-01
4.250000119209289551e-01 3.000000119209289551e-01
4.250000119209289551e-01 3.125000000000000000e-01
4.250000119209289551e-01 3.249999880790710449e-01
4.250000119209289551e-01 3.375000059604644775e-01
4.250000119209289551e-01 3.499999940395355225e-01
4.250000119209289551e-01 3.625000119209289551e-01
4.250000119209289551e-01 3.750000000000000000e-01
4.250000119209289551e-01 3.874999880790710449e-01
4.250000119209289551e-01 4.000000059604644775e-01
4.250000119209289551e-01 4.124999940395355225e-01
4.250000119209289551e-01 4.250000119209289551e-01
4.250000119209289551e-01 4.375000000000000000e-01
4.250000119209289551e-01 4.499999880790710449e-01
4.250000119209289551e-01 4.625000059604644775e-01
4.250000119209289551e-01 4.749999940395355225e-01
4.250000119209289551e-01 4.875000119209289551e-01
4.250000119209289551e-01 5.000000000000000000e-01
4.250000119209289551e-01 5.124999880790710449e-01
4.250000119209289551e-01 5.249999761581420898e-01
4.250000119209289551e-01 5.375000238418579102e-01
4.250000119209289551e-01 5.500000119209289551e-01
4.250000119209289551e-01 5.625000000000000000e-01
4.250000119209289551e-01 5.749999880790710449e-01
4.250000119209289551e-01 5.874999761581420898e-01
4.250000119209289551e-01 6.000000238418579102e-01
4.250000119209289551e-01 6.125000119209289551e-01
4.250000119209289551e-01 6.250000000000000000e-01
4.250000119209289551e-01 6.374999880790710449e-01
4.250000119209289551e-01 6.499999761581420898e-01
4.250000119209289551e-01 6.625000238418579102e-01
4.250000119209289551e-01 6.750000119209289551e-01
4.250000119209289551e-01 6.875000000000000000e-01
4.250000119209289551e-01 6.999999880790710449e-01
4.250000119209289551e-01 7.124999761581420898e-01
4.250000119209289551e-01 7.250000238418579102e-01
4.250000119209289551e-01 7.375000119209289551e-01
4.250000119209289551e-01 7.500000000000000000e-01
4.250000119209289551e-01 7.624999880790710449e-01
4.250000119209289551e-01 7.749999761581420898e-01
4.250000119209289551e-01 7.875000238418579102e-01
4.250000119209289551e-01 8.000000119209289551e-01
4.250000119209289551e-01 8.125000000000000000e-01
4.250000119209289551e-01 8.249999880790710449e-01
4.250000119209289551e-01 8.374999761581420898e-01
4.250000119209289551e-01 8.500000238418579102e-01
4.250000119209289551e-01 8.625000119209289551e-01
4.250000119209289551e-01 8.750000000000000000e-01
4.250000119209289551e-01 8.874999880790710449e-01
4.250000119209289551e-01 8.999999761581420898e-01
4.250000119209289551e-01 9.125000238418579102e-01
4.250000119209289551e-01 9.250000119209289551e-01
4.250000119209289551e-01 9.375000000000000000e-01
4.250000119209289551e-01 9.499999880790710449e-01
4.250000119209289551e-01 9.624999761581420898e-01
4.250000119209289551e-01 9.750000238418579102e-01
4.250000119209289551e-01 9.875000119209289551e-01
4.250000119209289551e-01 1.000000000000000000e+00
4.375000000000000000e-01 0.000000000000000000e+00
4.375000000000000000e-01 1.250000018626451492e-02
4.375000000000000000e-01 2.500000037252902985e-02
4.375000000000000000e-01 3.750000149011611938e-02
4.375000000000000000e-01 5.000000074505805969e-02
4.375000000000000000e-01 6.250000000000000000e-02
4.375000000000000000e-01 7.500000298023223877e-02
4.375000000000000000e-01 8.749999850988388062e-02
4.375000000000000000e-01 1.000000014901161194e-01
4.375000000000000000e-01 1.124999970197677612e-01
4.375000000000000000e-01 1.250000000000000000e-01
4.375000000000000000e-01 1.375000029802322388e-01
4.375000000000000000e-01 1.500000059604644775e-01
4.375000000000000000e-01 1.624999940395355225e-01
4.375000000000000000e-01 1.749999970197677612e-01
4.375000000000000000e-01 1.875000000000000000e-01
4.375000000000000000e-01 2.000000029802322388e-01
4.375000000000000000e-01 2.125000059604644775e-01
4.375000000000000000e-01 2.249999940395355225e-01
4.375000000000000000e-01 2.374999970197677612e-01
4.375000000000000000e-01 2.500000000000000000e-01
4.375000000000000000e-01 2.624999880790710449e-01
4.375000000000000000e-01 2.750000059604644775e-01
4.375000000000000000e-01 2.874999940395355225e-01
4.375000000000000000e-01 3.000000119209289551e-01
4.375000000000000000e-01 3.125000000000000000e-01
4.375000000000000000e-01 3.249999880790710449e-01
4.375000000000000000e-01 3.375000059604644775e-01
4.375000000000000000e-01 3.499999940395355225e-01
4.375000000000000000e-01 3.625000119209289551e-01
4.375000000000000000e-01 3.750000000000000000e-01
4.375000000000000000e-01 3.874999880790710449e-01
4.375000000000000000e-01 4.000000059604644775e-01
4.375000000000000000e-01 4.124999940395355225e-01
4.375000000000000000e-01 4.250000119209289551e-01
4.375000000000000000e-01 4.375000000000000000e-01
4.375000000000000000e-01 4.499999880790710449e-01
4.375000000000000000e-01 4.625000059604644775e-01
4.375000000000000000e-01 4.749999940395355225e-01
4.375000000000000000e-01 4.875000119209289551e-01
4.375000000000000000e-01 5.000000000000000000e-01
4.375000000000000000e-01 5.124999880790710449e-01
4.375000000000000000e-01 5.249999761581420898e-01
4.375000000000000000e-01 5.375000238418579102e-01
4.375000000000000000e-01 5.500000119209289551e-01
4.375000000000000000e-01 5.625000000000000000e-01
4.375000000000000000e-01 5.749999880790710449e-01
4.375000000000000000e-01 5.874999761581420898e-01
4.375000000000000000e-01 6.000000238418579102e-01
4.375000000000000000e-01 6.125000119209289551e-01
4.375000000000000000e-01 6.250000000000000000e-01
4.375000000000000000e-01 6.374999880790710449e-01
4.375000000000000000e-01 6.499999761581420898e-01
4.375000000000000000e-01 6.625000238418579102e-01
4.375000000000000000e-01 6.750000119209289551e-01
4.375000000000000000e-01 6.875000000000000000e-01
4.375000000000000000e-01 6.999999880790710449e-01
4.375000000000000000e-01 7.124999761581420898e-01
4.375000000000000000e-01 7.250000238418579102e-01
4.375000000000000000e-01 7.375000119209289551e-01
4.375000000000000000e-01 7.500000000000000000e-01
4.375000000000000000e-01 7.624999880790710449e-01
4.375000000000000000e-01 7.749999761581420898e-01
4.375000000000000000e-01 7.875000238418579102e-01
4.375000000000000000e-01 8.000000119209289551e-01
4.375000000000000000e-01 8.125000000000000000e-01
4.375000000000000000e-01 8.249999880790710449e-01
4.375000000000000000e-01 8.374999761581420898e-01
4.375000000000000000e-01 8.500000238418579102e-01
4.375000000000000000e-01 8.625000119209289551e-01
4.375000000000000000e-01 8.750000000000000000e-01
4.375000000000000000e-01 8.874999880790710449e-01
4.375000000000000000e-01 8.999999761581420898e-01
4.375000000000000000e-01 9.125000238418579102e-01
4.375000000000000000e-01 9.250000119209289551e-01
4.375000000000000000e-01 9.375000000000000000e-01
4.375000000000000000e-01 9.499999880790710449e-01
4.375000000000000000e-01 9.624999761581420898e-01
4.375000000000000000e-01 9.750000238418579102e-01
4.375000000000000000e-01 9.875000119209289551e-01
4.375000000000000000e-01 1.000000000000000000e+00
4.499999880790710449e-01 0.000000000000000000e+00
4.499999880790710449e-01 1.250000018626451492e-02
4.499999880790710449e-01 2.500000037252902985e-02
4.499999880790710449e-01 3.750000149011611938e-02
4.499999880790710449e-01 5.000000074505805969e-02
4.499999880790710449e-01 6.250000000000000000e-02
4.499999880790710449e-01 7.500000298023223877e-02
4.499999880790710449e-01 8.749999850988388062e-02
4.499999880790710449e-01 1.000000014901161194e-01
4.499999880790710449e-01 1.124999970197677612e-01
4.499999880790710449e-01 1.250000000000000000e-01
4.499999880790710449e-01 1.375000029802322388e-01
4.499999880790710449e-01 1.500000059604644775e-01
4.499999880790710449e-01 1.624999940395355225e-01
4.499999880790710449e-01 1.749999970197677612e-01
4.499999880790710449e-01 1.875000000000000000e-01
4.499999880790710449e-01 2.000000029802322388e-01
4.499999880790710449e-01 2.125000059604644775e-01
4.499999880790710449e-01 2.249999940395355225e-01
4.499999880790710449e-01 2.374999970197677612e-01
4.499999880790710449e-01 2.500000000000000000e-01
4.499999880790710449e-01 2.624999880790710449e-01
4.499999880790710449e-01 2.750000059604644775e-01
4.499999880790710449e-01 2.874999940395355225e-01
4.499999880790710449e-01 3.000000119209289551e-01
4.499999880790710449e-01 3.125000000000000000e-01
4.499999880790710449e-01 3.249999880790710449e-01
4.499999880790710449e-01 3.375000059604644775e-01
4.499999880790710449e-01 3.499999940395355225e-01
4.499999880790710449e-01 3.625000119209289551e-01
4.499999880790710449e-01 3.750000000000000000e-01
4.499999880790710449e-01 3.874999880790710449e-01
4.499999880790710449e-01 4.000000059604644775e-01
4.499999880790710449e-01 4.124999940395355225e-01
4.499999880790710449e-01 4.250000119209289551e-01
4.499999880790710449e-01 4.375000000000000000e-01
4.499999880790710449e-01 4.499999880790710449e-01
4.499999880790710449e-01 4.625000059604644775e-01
4.499999880790710449e-01 4.749999940395355225e-01
4.499999880790710449e-01 4.875000119209289551e-01
4.499999880790710449e-01 5.000000000000000000e-01
4.499999880790710449e-01 5.124999880790710449e-01
4.499999880790710449e-01 5.249999761581420898e-01
4.499999880790710449e-01 5.375000238418579102e-01
4.499999880790710449e-01 5.500000119209289551e-01
4.499999880790710449e-01 5.625000000000000000e-01
4.499999880790710449e-01 5.749999880790710449e-01
4.499999880790710449e-01 5.874999761581420898e-01
4.499999880790710449e-01 6.000000238418579102e-01
4.499999880790710449e-01 6.125000119209289551e-01
4.499999880790710449e-01 6.250000000000000000e-01
4.499999880790710449e-01 6.374999880790710449e-01
4.499999880790710449e-01 6.499999761581420898e-01
4.499999880790710449e-01 6.625000238418579102e-01
4.499999880790710449e-01 6.750000119209289551e-01
4.499999880790710449e-01 6.875000000000000000e-01
4.499999880790710449e-01 6.999999880790710449e-01
4.499999880790710449e-01 7.124999761581420898e-01
4.499999880790710449e-01 7.250000238418579102e-01
4.499999880790710449e-01 7.375000119209289551e-01
4.499999880790710449e-01 7.500000000000000000e-01
4.499999880790710449e-01 7.624999880790710449e-01
4.499999880790710449e-01 7.749999761581420898e-01
4.499999880790710449e-01 7.875000238418579102e-01
4.499999880790710449e-01 8.000000119209289551e-01
4.499999880790710449e-01 8.125000000000000000e-01
4.499999880790710449e-01 8.249999880790710449e-01
4.499999880790710449e-01 8.374999761581420898e-01
4.499999880790710449e-01 8.500000238418579102e-01
4.499999880790710449e-01 8.625000119209289551e-01
4.499999880790710449e-01 8.750000000000000000e-01
4.499999880790710449e-01 8.874999880790710449e-01
4.499999880790710449e-01 8.999999761581420898e-01
4.499999880790710449e-01 9.125000238418579102e-01
4.499999880790710449e-01 9.250000119209289551e-01
4.499999880790710449e-01 9.375000000000000000e-01
4.499999880790710449e-01 9.499999880790710449e-01
4.499999880790710449e-01 9.624999761581420898e-01
4.499999880790710449e-01 9.750000238418579102e-01
4.499999880790710449e-01 9.875000119209289551e-01
4.499999880790710449e-01 1.000000000000000000e+00
4.625000059604644775e-01 0.000000000000000000e+00
4.625000059604644775e-01 1.250000018626451492e-02
4.625000059604644775e-01 2.500000037252902985e-02
4.625000059604644775e-01 3.750000149011611938e-02
4.625000059604644775e-01 5.000000074505805969e-02
4.625000059604644775e-01 6.250000000000000000e-02
4.625000059604644775e-01 7.500000298023223877e-02
4.625000059604644775e-01 8.749999850988388062e-02
4.625000059604644775e-01 1.000000014901161194e-01
4.625000059604644775e-01 1.124999970197677612e-01
4.625000059604644775e-01 1.250000000000000000e-01
4.625000059604644775e-01 1.375000029802322388e-01
4.625000059604644775e-01 1.500000059604644775e-01
4.625000059604644775e-01 1.624999940395355225e-01
4.625000059604644775e-01 1.749999970197677612e-01
4.625000059604644775e-01 1.875000000000000000e-01
4.625000059604644775e-01 2.000000029802322388e-01
4.625000059604644775e-01 2.125000059604644775e-01
4.625000059604644775e-01 2.249999940395355225e-01
4.625000059604644775e-01 2.374999970197677612e-01
4.625000059604644775e-01 2.500000000000000000e-01
4.625000059604644775e-01 2.624999880790710449e-01
4.625000059604644775e-01 2.750000059604644775e-01
4.625000059604644775e-01 2.874999940395355225e-01
4.625000059604644775e-01 3.000000119209289551e-01
4.625000059604644775e-01 3.125000000000000000e-01
4.625000059604644775e-01 3.249999880790710449e-01
4.625000059604644775e-01 3.375000059604644775e-01
4.625000059604644775e-01 3.499999940395355225e-01
4.625000059604644775e-01 3.625000119209289551e-01
4.625000059604644775e-01 3.750000000000000000e-01
4.625000059604644775e-01 3.874999880790710449e-01
4.625000059604644775e-01 4.000000059604644775e-01
4.625000059604644775e-01 4.124999940395355225e-01
4.625000059604644775e-01 4.250000119209289551e-01
4.625000059604644775e-01 4.375000000000000000e-01
4.625000059604644775e-01 4.499999880790710449e-01
4.625000059604644775e-01 4.625000059604644775e-01
4.625000059604644775e-01 4.749999940395355225e-01
4.625000059604644775e-01 4.875000119209289551e-01
4.625000059604644775e-01 5.000000000000000000e-01
4.625000059604644775e-01 5.124999880790710449e-01
4.625000059604644775e-01 5.249999761581420898e-01
4.625000059604644775e-01 5.375000238418579102e-01
4.625000059604644775e-01 5.500000119209289551e-01
4.625000059604644775e-01 5.625000000000000000e-01
4.625000059604644775e-01 5.749999880790710449e-01
4.625000059604644775e-01 5.874999761581420898e-01
4.625000059604644775e-01 6.000000238418579102e-01
4.625000059604644775e-01 6.125000119209289551e-01
4.625000059604644775e-01 6.250000000000000000e-01
4.625000059604644775e-01 6.374999880790710449e-01
4.625000059604644775e-01 6.499999761581420898e-01
4.625000059604644775e-01 6.625000238418579102e-01
4.625000059604644775e-01 6.750000119209289551e-01
4.625000059604644775e-01 6.875000000000000000e-01
4.625000059604644775e-01 6.999999880790710449e-01
4.625000059604644775e-01 7.124999761581420898e-01
4.625000059604644775e-01 7.250000238418579102e-01
4.625000059604644775e-01 7.375000119209289551e-01
4.625000059604644775e-01 7.500000000000000000e-01
4.625000059604644775e-01 7.624999880790710449e-01
4.625000059604644775e-01 7.749999761581420898e-01
4.625000059604644775e-01 7.875000238418579102e-01
4.625000059604644775e-01 8.000000119209289551e-01
4.625000059604644775e-01 8.125000000000000000e-01
4.625000059604644775e-01 8.249999880790710449e-01
4.625000059604644775e-01 8.374999761581420898e-01
4.625000059604644775e-01 8.500000238418579102e-01
4.625000059604644775e-01 8.625000119209289551e-01
4.625000059604644775e-01 8.750000000000000000e-01
4.625000059604644775e-01 8.874999880790710449e-01
4.625000059604644775e-01 8.999999761581420898e-01
4.625000059604644775e-01 9.125000238418579102e-01
4.625000059604644775e-01 9.250000119209289551e-01
4.625000059604644775e-01 9.375000000000000000e-01
4.625000059604644775e-01 9.499999880790710449e-01
4.625000059604644775e-01 9.624999761581420898e-01
4.625000059604644775e-01 9.750000238418579102e-01
4.625000059604644775e-01 9.875000119209289551e-01
4.625000059604644775e-01 1.000000000000000000e+00
4.749999940395355225e-01 0.000000000000000000e+00
4.749999940395355225e-01 1.250000018626451492e-02
4.749999940395355225e-01 2.500000037252902985e-02
4.749999940395355225e-01 3.750000149011611938e-02
4.749999940395355225e-01 5.000000074505805969e-02
4.749999940395355225e-01 6.250000000000000000e-02
4.749999940395355225e-01 7.500000298023223877e-02
4.749999940395355225e-01 8.749999850988388062e-02
4.749999940395355225e-01 1.000000014901161194e-01
4.749999940395355225e-01 1.124999970197677612e-01
4.749999940395355225e-01 1.250000000000000000e-01
4.749999940395355225e-01 1.375000029802322388e-01
4.749999940395355225e-01 1.500000059604644775e-01
4.749999940395355225e-01 1.624999940395355225e-01
4.749999940395355225e-01 1.749999970197677612e-01
4.749999940395355225e-01 1.875000000000000000e-01
4.749999940395355225e-01 2.000000029802322388e-01
4.749999940395355225e-01 2.125000059604644775e-01
4.749999940395355225e-01 2.249999940395355225e-01
4.749999940395355225e-01 2.374999970197677612e-01
4.749999940395355225e-01 2.500000000000000000e-01
4.749999940395355225e-01 2.624999880790710449e-01
4.749999940395355225e-01 2.750000059604644775e-01
4.749999940395355225e-01 2.874999940395355225e-01
4.749999940395355225e-01 3.000000119209289551e-01
4.749999940395355225e-01 3.125000000000000000e-01
4.749999940395355225e-01 3.249999880790710449e-01
4.749999940395355225e-01 3.375000059604644775e-01
4.749999940395355225e-01 3.499999940395355225e-01
4.749999940395355225e-01 3.625000119209289551e-01
4.749999940395355225e-01 3.750000000000000000e-01
4.749999940395355225e-01 3.874999880790710449e-01
4.749999940395355225e-01 4.000000059604644775e-01
4.749999940395355225e-01 4.124999940395355225e-01
4.749999940395355225e-01 4.250000119209289551e-01
4.749999940395355225e-01 4.375000000000000000e-01
4.749999940395355225e-01 4.499999880790710449e-01
4.749999940395355225e-01 4.625000059604644775e-01
4.749999940395355225e-01 4.749999940395355225e-01
4.749999940395355225e-01 4.875000119209289551e-01
4.749999940395355225e-01 5.000000000000000000e-01
4.749999940395355225e-01 5.124999880790710449e-01
4.749999940395355225e-01 5.249999761581420898e-01
4.749999940395355225e-01 5.375000238418579102e-01
4.749999940395355225e-01 5.500000119209289551e-01
4.749999940395355225e-01 5.625000000000000000e-01
4.749999940395355225e-01 5.749999880790710449e-01
4.749999940395355225e-01 5.874999761581420898e-01
4.749999940395355225e-01 6.000000238418579102e-01
4.749999940395355225e-01 6.125000119209289551e-01
4.749999940395355225e-01 6.250000000000000000e-01
4.749999940395355225e-01 6.374999880790710449e-01
4.749999940395355225e-01 6.499999761581420898e-01
4.749999940395355225e-01 6.625000238418579102e-01
4.749999940395355225e-01 6.750000119209289551e-01
4.749999940395355225e-01 6.875000000000000000e-01
4.749999940395355225e-01 6.999999880790710449e-01
4.749999940395355225e-01 7.124999761581420898e-01
4.749999940395355225e-01 7.250000238418579102e-01
4.749999940395355225e-01 7.375000119209289551e-01
4.749999940395355225e-01 7.500000000000000000e-01
4.749999940395355225e-01 7.624999880790710449e-01
4.749999940395355225e-01 7.749999761581420898e-01
4.749999940395355225e-01 7.875000238418579102e-01
4.749999940395355225e-01 8.000000119209289551e-01
4.749999940395355225e-01 8.125000000000000000e-01
4.749999940395355225e-01 8.249999880790710449e-01
4.749999940395355225e-01 8.374999761581420898e-01
4.749999940395355225e-01 8.500000238418579102e-01
4.749999940395355225e-01 8.625000119209289551e-01
4.749999940395355225e-01 8.750000000000000000e-01
4.749999940395355225e-01 8.874999880790710449e-01
4.749999940395355225e-01 8.999999761581420898e-01
4.749999940395355225e-01 9.125000238418579102e-01
4.749999940395355225e-01 9.250000119209289551e-01
4.749999940395355225e-01 9.375000000000000000e-01
4.749999940395355225e-01 9.499999880790710449e-01
4.749999940395355225e-01 9.624999761581420898e-01
4.749999940395355225e-01 9.750000238418579102e-01
4.749999940395355225e-01 9.875000119209289551e-01
4.749999940395355225e-01 1.000000000000000000e+00
4.875000119209289551e-01 0.000000000000000000e+00
4.875000119209289551e-01 1.250000018626451492e-02
4.875000119209289551e-01 2.500000037252902985e-02
4.875000119209289551e-01 3.750000149011611938e-02
4.875000119209289551e-01 5.000000074505805969e-02
4.875000119209289551e-01 6.250000000000000000e-02
4.875000119209289551e-01 7.500000298023223877e-02
4.875000119209289551e-01 8.749999850988388062e-02
4.875000119209289551e-01 1.000000014901161194e-01
4.875000119209289551e-01 1.124999970197677612e-01
4.875000119209289551e-01 1.250000000000000000e-01
4.875000119209289551e-01 1.375000029802322388e-01
4.875000119209289551e-01 1.500000059604644775e-01
4.875000119209289551e-01 1.624999940395355225e-01
4.875000119209289551e-01 1.749999970197677612e-01
4.875000119209289551e-01 1.875000000000000000e-01
4.875000119209289551e-01 2.000000029802322388e-01
4.875000119209289551e-01 2.125000059604644775e-01
4.875000119209289551e-01 2.249999940395355225e-01
4.875000119209289551e-01 2.374999970197677612e-01
4.875000119209289551e-01 2.500000000000000000e-01
4.875000119209289551e-01 2.624999880790710449e-01
4.875000119209289551e-01 2.750000059604644775e-01
4.875000119209289551e-01 2.874999940395355225e-01
4.875000119209289551e-01 3.000000119209289551e-01
4.875000119209289551e-01 3.125000000000000000e-01
4.875000119209289551e-01 3.249999880790710449e-01
4.875000119209289551e-01 3.375000059604644775e-01
4.875000119209289551e-01 3.499999940395355225e-01
4.875000119209289551e-01 3.625000119209289551e-01
4.875000119209289551e-01 3.750000000000000000e-01
4.875000119209289551e-01 3.874999880790710449e-01
4.875000119209289551e-01 4.000000059604644775e-01
4.875000119209289551e-01 4.124999940395355225e-01
4.875000119209289551e-01 4.250000119209289551e-01
4.875000119209289551e-01 4.375000000000000000e-01
4.875000119209289551e-01 4.499999880790710449e-01
4.875000119209289551e-01 4.625000059604644775e-01
4.875000119209289551e-01 4.749999940395355225e-01
4.875000119209289551e-01 4.875000119209289551e-01
4.875000119209289551e-01 5.000000000000000000e-01
4.875000119209289551e-01 5.124999880790710449e-01
4.875000119209289551e-01 5.249999761581420898e-01
4.875000119209289551e-01 5.375000238418579102e-01
4.875000119209289551e-01 5.500000119209289551e-01
4.875000119209289551e-01 5.625000000000000000e-01
4.875000119209289551e-01 5.749999880790710449e-01
4.875000119209289551e-01 5.874999761581420898e-01
4.875000119209289551e-01 6.000000238418579102e-01
4.875000119209289551e-01 6.125000119209289551e-01
4.875000119209289551e-01 6.250000000000000000e-01
4.875000119209289551e-01 6.374999880790710449e-01
4.875000119209289551e-01 6.499999761581420898e-01
4.875000119209289551e-01 6.625000238418579102e-01
4.875000119209289551e-01 6.750000119209289551e-01
4.875000119209289551e-01 6.875000000000000000e-01
4.875000119209289551e-01 6.999999880790710449e-01
4.875000119209289551e-01 7.124999761581420898e-01
4.875000119209289551e-01 7.250000238418579102e-01
4.875000119209289551e-01 7.375000119209289551e-01
4.875000119209289551e-01 7.500000000000000000e-01
4.875000119209289551e-01 7.624999880790710449e-01
4.875000119209289551e-01 7.749999761581420898e-01
4.875000119209289551e-01 7.875000238418579102e-01
4.875000119209289551e-01 8.000000119209289551e-01
4.875000119209289551e-01 8.125000000000000000e-01
4.875000119209289551e-01 8.249999880790710449e-01
4.875000119209289551e-01 8.374999761581420898e-01
4.875000119209289551e-01 8.500000238418579102e-01
4.875000119209289551e-01 8.625000119209289551e-01
4.875000119209289551e-01 8.750000000000000000e-01
4.875000119209289551e-01 8.874999880790710449e-01
4.875000119209289551e-01 8.999999761581420898e-01
4.875000119209289551e-01 9.125000238418579102e-01
4.875000119209289551e-01 9.250000119209289551e-01
4.875000119209289551e-01 9.375000000000000000e-01
4.875000119209289551e-01 9.499999880790710449e-01
4.875000119209289551e-01 9.624999761581420898e-01
4.875000119209289551e-01 9.750000238418579102e-01
4.875000119209289551e-01 9.875000119209289551e-01
4.875000119209289551e-01 1.000000000000000000e+00
5.000000000000000000e-01 0.000000000000000000e+00
5.000000000000000000e-01 1.250000018626451492e-02
5.000000000000000000e-01 2.500000037252902985e-02
5.000000000000000000e-01 3.750000149011611938e-02
5.000000000000000000e-01 5.000000074505805969e-02
5.000000000000000000e-01 6.250000000000000000e-02
5.000000000000000000e-01 7.500000298023223877e-02
5.000000000000000000e-01 8.749999850988388062e-02
5.000000000000000000e-01 1.000000014901161194e-01
5.000000000000000000e-01 1.124999970197677612e-01
5.000000000000000000e-01 1.250000000000000000e-01
5.000000000000000000e-01 1.375000029802322388e-01
5.000000000000000000e-01 1.500000059604644775e-01
5.000000000000000000e-01 1.624999940395355225e-01
5.000000000000000000e-01 1.749999970197677612e-01
5.000000000000000000e-01 1.875000000000000000e-01
5.000000000000000000e-01 2.000000029802322388e-01
5.000000000000000000e-01 2.125000059604644775e-01
5.000000000000000000e-01 2.249999940395355225e-01
5.000000000000000000e-01 2.374999970197677612e-01
5.000000000000000000e-01 2.500000000000000000e-01
5.000000000000000000e-01 2.624999880790710449e-01
5.000000000000000000e-01 2.750000059604644775e-01
5.000000000000000000e-01 2.874999940395355225e-01
5.000000000000000000e-01 3.000000119209289551e-01
5.000000000000000000e-01 3.125000000000000000e-01
5.000000000000000000e-01 3.249999880790710449e-01
5.000000000000000000e-01 3.375000059604644775e-01
5.000000000000000000e-01 3.499999940395355225e-01
5.000000000000000000e-01 3.625000119209289551e-01
5.000000000000000000e-01 3.750000000000000000e-01
5.000000000000000000e-01 3.874999880790710449e-01
5.000000000000000000e-01 4.000000059604644775e-01
5.000000000000000000e-01 4.124999940395355225e-01
5.000000000000000000e-01 4.250000119209289551e-01
5.000000000000000000e-01 4.375000000000000000e-01
5.000000000000000000e-01 4.499999880790710449e-01
5.000000000000000000e-01 4.625000059604644775e-01
5.000000000000000000e-01 4.749999940395355225e-01
5.000000000000000000e-01 4.875000119209289551e-01
5.000000000000000000e-01 5.000000000000000000e-01
5.000000000000000000e-01 5.124999880790710449e-01
5.000000000000000000e-01 5.249999761581420898e-01
5.000000000000000000e-01 5.375000238418579102e-01
5.000000000000000000e-01 5.500000119209289551e-01
5.000000000000000000e-01 5.625000000000000000e-01
5.000000000000000000e-01 5.749999880790710449e-01
5.000000000000000000e-01 5.874999761581420898e-01
5.000000000000000000e-01 6.000000238418579102e-01
5.000000000000000000e-01 6.125000119209289551e-01
5.000000000000000000e-01 6.250000000000000000e-01
5.000000000000000000e-01 6.374999880790710449e-01
5.000000000000000000e-01 6.499999761581420898e-01
5.000000000000000000e-01 6.625000238418579102e-01
5.000000000000000000e-01 6.750000119209289551e-01
5.000000000000000000e-01 6.875000000000000000e-01
5.000000000000000000e-01 6.999999880790710449e-01
5.000000000000000000e-01 7.124999761581420898e-01
5.000000000000000000e-01 7.250000238418579102e-01
5.000000000000000000e-01 7.375000119209289551e-01
5.000000000000000000e-01 7.500000000000000000e-01
5.000000000000000000e-01 7.624999880790710449e-01
5.000000000000000000e-01 7.749999761581420898e-01
5.000000000000000000e-01 7.875000238418579102e-01
5.000000000000000000e-01 8.000000119209289551e-01
5.000000000000000000e-01 8.125000000000000000e-01
5.000000000000000000e-01 8.249999880790710449e-01
5.000000000000000000e-01 8.374999761581420898e-01
5.000000000000000000e-01 8.500000238418579102e-01
5.000000000000000000e-01 8.625000119209289551e-01
5.000000000000000000e-01 8.750000000000000000e-01
5.000000000000000000e-01 8.874999880790710449e-01
5.000000000000000000e-01 8.999999761581420898e-01
5.000000000000000000e-01 9.125000238418579102e-01
5.000000000000000000e-01 9.250000119209289551e-01
5.000000000000000000e-01 9.375000000000000000e-01
5.000000000000000000e-01 9.499999880790710449e-01
5.000000000000000000e-01 9.624999761581420898e-01
5.000000000000000000e-01 9.750000238418579102e-01
5.000000000000000000e-01 9.875000119209289551e-01
5.000000000000000000e-01 1.000000000000000000e+00
5.124999880790710449e-01 0.000000000000000000e+00
5.124999880790710449e-01 1.250000018626451492e-02
5.124999880790710449e-01 2.500000037252902985e-02
5.124999880790710449e-01 3.750000149011611938e-02
5.124999880790710449e-01 5.000000074505805969e-02
5.124999880790710449e-01 6.250000000000000000e-02
5.124999880790710449e-01 7.500000298023223877e-02
5.124999880790710449e-01 8.749999850988388062e-02
5.124999880790710449e-01 1.000000014901161194e-01
5.124999880790710449e-01 1.124999970197677612e-01
5.124999880790710449e-01 1.250000000000000000e-01
5.124999880790710449e-01 1.375000029802322388e-01
5.124999880790710449e-01 1.500000059604644775e-01
5.124999880790710449e-01 1.624999940395355225e-01
5.124999880790710449e-01 1.749999970197677612e-01
5.124999880790710449e-01 1.875000000000000000e-01
5.124999880790710449e-01 2.000000029802322388e-01
5.124999880790710449e-01 2.125000059604644775e-01
5.124999880790710449e-01 2.249999940395355225e-01
5.124999880790710449e-01 2.374999970197677612e-01
5.124999880790710449e-01 2.500000000000000000e-01
5.124999880790710449e-01 2.624999880790710449e-01
5.124999880790710449e-01 2.750000059604644775e-01
5.124999880790710449e-01 2.874999940395355225e-01
5.124999880790710449e-01 3.000000119209289551e-01
5.124999880790710449e-01 3.125000000000000000e-01
5.124999880790710449e-01 3.249999880790710449e-01
5.124999880790710449e-01 3.375000059604644775e-01
5.124999880790710449e-01 3.499999940395355225e-01
5.124999880790710449e-01 3.625000119209289551e-01
5.124999880790710449e-01 3.750000000000000000e-01
5.124999880790710449e-01 3.874999880790710449e-01
5.124999880790710449e-01 4.000000059604644775e-01
5.124999880790710449e-01 4.124999940395355225e-01
5.124999880790710449e-01 4.250000119209289551e-01
5.124999880790710449e-01 4.375000000000000000e-01
5.124999880790710449e-01 4.499999880790710449e-01
5.124999880790710449e-01 4.625000059604644775e-01
5.124999880790710449e-01 4.749999940395355225e-01
5.124999880790710449e-01 4.875000119209289551e-01
5.124999880790710449e-01 5.000000000000000000e-01
5.124999880790710449e-01 5.124999880790710449e-01
5.124999880790710449e-01 5.249999761581420898e-01
5.124999880790710449e-01 5.375000238418579102e-01
5.124999880790710449e-01 5.500000119209289551e-01
5.124999880790710449e-01 5.625000000000000000e-01
5.124999880790710449e-01 5.749999880790710449e-01
5.124999880790710449e-01 5.874999761581420898e-01
5.124999880790710449e-01 6.000000238418579102e-01
5.124999880790710449e-01 6.125000119209289551e-01
5.124999880790710449e-01 6.250000000000000000e-01
5.124999880790710449e-01 6.374999880790710449e-01
5.124999880790710449e-01 6.499999761581420898e-01
5.124999880790710449e-01 6.625000238418579102e-01
5.124999880790710449e-01 6.750000119209289551e-01
5.124999880790710449e-01 6.875000000000000000e-01
5.124999880790710449e-01 6.999999880790710449e-01
5.124999880790710449e-01 7.124999761581420898e-01
5.124999880790710449e-01 7.250000238418579102e-01
5.124999880790710449e-01 7.375000119209289551e-01
5.124999880790710449e-01 7.500000000000000000e-01
5.124999880790710449e-01 7.624999880790710449e-01
5.124999880790710449e-01 7.749999761581420898e-01
5.124999880790710449e-01 7.875000238418579102e-01
5.124999880790710449e-01 8.000000119209289551e-01
5.124999880790710449e-01 8.125000000000000000e-01
5.124999880790710449e-01 8.249999880790710449e-01
5.124999880790710449e-01 8.374999761581420898e-01
5.124999880790710449e-01 8.500000238418579102e-01
5.124999880790710449e-01 8.625000119209289551e-01
5.124999880790710449e-01 8.750000000000000000e-01
5.124999880790710449e-01 8.874999880790710449e-01
5.124999880790710449e-01 8.999999761581420898e-01
5.124999880790710449e-01 9.125000238418579102e-01
5.124999880790710449e-01 9.250000119209289551e-01
5.124999880790710449e-01 9.375000000000000000e-01
5.124999880790710449e-01 9.499999880790710449e-01
5.124999880790710449e-01 9.624999761581420898e-01
5.124999880790710449e-01 9.750000238418579102e-01
5.124999880790710449e-01 9.875000119209289551e-01
5.124999880790710449e-01 1.000000000000000000e+00
5.249999761581420898e-01 0.000000000000000000e+00
5.249999761581420898e-01 1.250000018626451492e-02
5.249999761581420898e-01 2.500000037252902985e-02
5.249999761581420898e-01 3.750000149011611938e-02
5.249999761581420898e-01 5.000000074505805969e-02
5.249999761581420898e-01 6.250000000000000000e-02
5.249999761581420898e-01 7.500000298023223877e-02
5.249999761581420898e-01 8.749999850988388062e-02
5.249999761581420898e-01 1.000000014901161194e-01
5.249999761581420898e-01 1.124999970197677612e-01
5.249999761581420898e-01 1.250000000000000000e-01
5.249999761581420898e-01 1.375000029802322388e-01
5.249999761581420898e-01 1.500000059604644775e-01
5.249999761581420898e-01 1.624999940395355225e-01
5.249999761581420898e-01 1.749999970197677612e-01
5.249999761581420898e-01 1.875000000000000000e-01
5.249999761581420898e-01 2.000000029802322388e-01
5.249999761581420898e-01 2.125000059604644775e-01
5.249999761581420898e-01 2.249999940395355225e-01
5.249999761581420898e-01 2.374999970197677612e-01
5.249999761581420898e-01 2.500000000000000000e-01
5.249999761581420898e-01 2.624999880790710449e-01
5.249999761581420898e-01 2.750000059604644775e-01
5.249999761581420898e-01 2.874999940395355225e-01
5.249999761581420898e-01 3.000000119209289551e-01
5.249999761581420898e-01 3.125000000000000000e-01
5.249999761581420898e-01 3.249999880790710449e-01
5.249999761581420898e-01 3.375000059604644775e-01
5.249999761581420898e-01 3.499999940395355225e-01
5.249999761581420898e-01 3.625000119209289551e-01
5.249999761581420898e-01 3.750000000000000000e-01
5.249999761581420898e-01 3.874999880790710449e-01
5.249999761581420898e-01 4.000000059604644775e-01
5.249999761581420898e-01 4.124999940395355225e-01
5.249999761581420898e-01 4.250000119209289551e-01
5.249999761581420898e-01 4.375000000000000000e-01
5.249999761581420898e-01 4.499999880790710449e-01
5.249999761581420898e-01 4.625000059604644775e-01
5.249999761581420898e-01 4.749999940395355225e-01
5.249999761581420898e-01 4.875000119209289551e-01
5.249999761581420898e-01 5.000000000000000000e-01
5.249999761581420898e-01 5.124999880790710449e-01
5.249999761581420898e-01 5.249999761581420898e-01
5.249999761581420898e-01 5.375000238418579102e-01
5.249999761581420898e-01 5.500000119209289551e-01
5.249999761581420898e-01 5.625000000000000000e-01
5.249999761581420898e-01 5.749999880790710449e-01
5.249999761581420898e-01 5.874999761581420898e-01
5.249999761581420898e-01 6.000000238418579102e-01
5.249999761581420898e-01 6.125000119209289551e-01
5.249999761581420898e-01 6.250000000000000000e-01
5.249999761581420898e-01 6.374999880790710449e-01
5.249999761581420898e-01 6.499999761581420898e-01
5.249999761581420898e-01 6.625000238418579102e-01
5.249999761581420898e-01 6.750000119209289551e-01
5.249999761581420898e-01 6.875000000000000000e-01
5.249999761581420898e-01 6.999999880790710449e-01
5.249999761581420898e-01 7.124999761581420898e-01
5.249999761581420898e-01 7.250000238418579102e-01
5.249999761581420898e-01 7.375000119209289551e-01
5.249999761581420898e-01 7.500000000000000000e-01
5.249999761581420898e-01 7.624999880790710449e-01
5.249999761581420898e-01 7.749999761581420898e-01
5.249999761581420898e-01 7.875000238418579102e-01
5.249999761581420898e-01 8.000000119209289551e-01
5.249999761581420898e-01 8.125000000000000000e-01
5.249999761581420898e-01 8.249999880790710449e-01
5.249999761581420898e-01 8.374999761581420898e-01
5.249999761581420898e-01 8.500000238418579102e-01
5.249999761581420898e-01 8.625000119209289551e-01
5.249999761581420898e-01 8.750000000000000000e-01
5.249999761581420898e-01 8.874999880790710449e-01
5.249999761581420898e-01 8.999999761581420898e-01
5.249999761581420898e-01 9.125000238418579102e-01
5.249999761581420898e-01 9.250000119209289551e-01
5.249999761581420898e-01 9.375000000000000000e-01
5.249999761581420898e-01 9.499999880790710449e-01
5.249999761581420898e-01 9.624999761581420898e-01
5.249999761581420898e-01 9.750000238418579102e-01
5.249999761581420898e-01 9.875000119209289551e-01
5.249999761581420898e-01 1.000000000000000000e+00
5.375000238418579102e-01 0.000000000000000000e+00
5.375000238418579102e-01 1.250000018626451492e-02
5.375000238418579102e-01 2.500000037252902985e-02
5.375000238418579102e-01 3.750000149011611938e-02
5.375000238418579102e-01 5.000000074505805969e-02
5.375000238418579102e-01 6.250000000000000000e-02
5.375000238418579102e-01 7.500000298023223877e-02
5.375000238418579102e-01 8.749999850988388062e-02
5.375000238418579102e-01 1.000000014901161194e-01
5.375000238418579102e-01 1.124999970197677612e-01
5.375000238418579102e-01 1.250000000000000000e-01
5.375000238418579102e-01 1.375000029802322388e-01
5.375000238418579102e-01 1.500000059604644775e-01
5.375000238418579102e-01 1.624999940395355225e-01
5.375000238418579102e-01 1.749999970197677612e-01
5.375000238418579102e-01 1.875000000000000000e-01
5.375000238418579102e-01 2.000000029802322388e-01
5.375000238418579102e-01 2.125000059604644775e-01
5.375000238418579102e-01 2.249999940395355225e-01
5.375000238418579102e-01 2.374999970197677612e-01
5.375000238418579102e-01 2.500000000000000000e-01
5.375000238418579102e-01 2.624999880790710449e-01
5.375000238418579102e-01 2.750000059604644775e-01
5.375000238418579102e-01 2.874999940395355225e-01
5.375000238418579102e-01 3.000000119209289551e-01
5.375000238418579102e-01 3.125000000000000000e-01
5.375000238418579102e-01 3.249999880790710449e-01
5.375000238418579102e-01 3.375000059604644775e-01
5.375000238418579102e-01 3.499999940395355225e-01
5.375000238418579102e-01 3.625000119209289551e-01
5.375000238418579102e-01 3.750000000000000000e-01
5.375000238418579102e-01 3.874999880790710449e-01
5.375000238418579102e-01 4.000000059604644775e-01
5.375000238418579102e-01 4.124999940395355225e-01
5.375000238418579102e-01 4.250000119209289551e-01
5.375000238418579102e-01 4.375000000000000000e-01
5.375000238418579102e-01 4.499999880790710449e-01
5.375000238418579102e-01 4.625000059604644775e-01
5.375000238418579102e-01 4.749999940395355225e-01
5.375000238418579102e-01 4.875000119209289551e-01
5.375000238418579102e-01 5.000000000000000000e-01
5.375000238418579102e-01 5.124999880790710449e-01
5.375000238418579102e-01 5.249999761581420898e-01
5.375000238418579102e-01 5.375000238418579102e-01
5.375000238418579102e-01 5.500000119209289551e-01
5.375000238418579102e-01 5.625000000000000000e-01
5.375000238418579102e-01 5.749999880790710449e-01
5.375000238418579102e-01 5.874999761581420898e-01
5.375000238418579102e-01 6.000000238418579102e-01
5.375000238418579102e-01 6.125000119209289551e-01
5.375000238418579102e-01 6.250000000000000000e-01
5.375000238418579102e-01 6.374999880790710449e-01
5.375000238418579102e-01 6.499999761581420898e-01
5.375000238418579102e-01 6.625000238418579102e-01
5.375000238418579102e-01 6.750000119209289551e-01
5.375000238418579102e-01 6.875000000000000000e-01
5.375000238418579102e-01 6.999999880790710449e-01
5.375000238418579102e-01 7.124999761581420898e-01
5.375000238418579102e-01 7.250000238418579102e-01
5.375000238418579102e-01 7.375000119209289551e-01
5.375000238418579102e-01 7.500000000000000000e-01
5.375000238418579102e-01 7.624999880790710449e-01
5.375000238418579102e-01 7.749999761581420898e-01
5.375000238418579102e-01 7.875000238418579102e-01
5.375000238418579102e-01 8.000000119209289551e-01
5.375000238418579102e-01 8.125000000000000000e-01
5.375000238418579102e-01 8.249999880790710449e-01
5.375000238418579102e-01 8.374999761581420898e-01
5.375000238418579102e-01 8.500000238418579102e-01
5.375000238418579102e-01 8.625000119209289551e-01
5.375000238418579102e-01 8.750000000000000000e-01
5.375000238418579102e-01 8.874999880790710449e-01
5.375000238418579102e-01 8.999999761581420898e-01
5.375000238418579102e-01 9.125000238418579102e-01
5.375000238418579102e-01 9.250000119209289551e-01
5.375000238418579102e-01 9.375000000000000000e-01
5.375000238418579102e-01 9.499999880790710449e-01
5.375000238418579102e-01 9.624999761581420898e-01
5.375000238418579102e-01 9.750000238418579102e-01
5.375000238418579102e-01 9.875000119209289551e-01
5.375000238418579102e-01 1.000000000000000000e+00
5.500000119209289551e-01 0.000000000000000000e+00
5.500000119209289551e-01 1.250000018626451492e-02
5.500000119209289551e-01 2.500000037252902985e-02
5.500000119209289551e-01 3.750000149011611938e-02
5.500000119209289551e-01 5.000000074505805969e-02
5.500000119209289551e-01 6.250000000000000000e-02
5.500000119209289551e-01 7.500000298023223877e-02
5.500000119209289551e-01 8.749999850988388062e-02
5.500000119209289551e-01 1.000000014901161194e-01
5.500000119209289551e-01 1.124999970197677612e-01
5.500000119209289551e-01 1.250000000000000000e-01
5.500000119209289551e-01 1.375000029802322388e-01
5.500000119209289551e-01 1.500000059604644775e-01
5.500000119209289551e-01 1.624999940395355225e-01
5.500000119209289551e-01 1.749999970197677612e-01
5.500000119209289551e-01 1.875000000000000000e-01
5.500000119209289551e-01 2.000000029802322388e-01
5.500000119209289551e-01 2.125000059604644775e-01
5.500000119209289551e-01 2.249999940395355225e-01
5.500000119209289551e-01 2.374999970197677612e-01
5.500000119209289551e-01 2.500000000000000000e-01
5.500000119209289551e-01 2.624999880790710449e-01
5.500000119209289551e-01 2.750000059604644775e-01
5.500000119209289551e-01 2.874999940395355225e-01
5.500000119209289551e-01 3.000000119209289551e-01
5.500000119209289551e-01 3.125000000000000000e-01
5.500000119209289551e-01 3.249999880790710449e-01
5.500000119209289551e-01 3.375000059604644775e-01
5.500000119209289551e-01 3.499999940395355225e-01
5.500000119209289551e-01 3.625000119209289551e-01
5.500000119209289551e-01 3.750000000000000000e-01
5.500000119209289551e-01 3.874999880790710449e-01
5.500000119209289551e-01 4.000000059604644775e-01
5.500000119209289551e-01 4.124999940395355225e-01
5.500000119209289551e-01 4.250000119209289551e-01
5.500000119209289551e-01 4.375000000000000000e-01
5.500000119209289551e-01 4.499999880790710449e-01
5.500000119209289551e-01 4.625000059604644775e-01
5.500000119209289551e-01 4.749999940395355225e-01
5.500000119209289551e-01 4.875000119209289551e-01
5.500000119209289551e-01 5.000000000000000000e-01
5.500000119209289551e-01 5.124999880790710449e-01
5.500000119209289551e-01 5.249999761581420898e-01
5.500000119209289551e-01 5.375000238418579102e-01
5.500000119209289551e-01 5.500000119209289551e-01
5.500000119209289551e-01 5.625000000000000000e-01
5.500000119209289551e-01 5.749999880790710449e-01
5.500000119209289551e-01 5.874999761581420898e-01
5.500000119209289551e-01 6.000000238418579102e-01
5.500000119209289551e-01 6.125000119209289551e-01
5.500000119209289551e-01 6.250000000000000000e-01
5.500000119209289551e-01 6.374999880790710449e-01
5.500000119209289551e-01 6.499999761581420898e-01
5.500000119209289551e-01 6.625000238418579102e-01
5.500000119209289551e-01 6.750000119209289551e-01
5.500000119209289551e-01 6.875000000000000000e-01
5.500000119209289551e-01 6.999999880790710449e-01
5.500000119209289551e-01 7.124999761581420898e-01
5.500000119209289551e-01 7.250000238418579102e-01
5.500000119209289551e-01 7.375000119209289551e-01
5.500000119209289551e-01 7.500000000000000000e-01
5.500000119209289551e-01 7.624999880790710449e-01
5.500000119209289551e-01 7.749999761581420898e-01
5.500000119209289551e-01 7.875000238418579102e-01
5.500000119209289551e-01 8.000000119209289551e-01
5.500000119209289551e-01 8.125000000000000000e-01
5.500000119209289551e-01 8.249999880790710449e-01
5.500000119209289551e-01 8.374999761581420898e-01
5.500000119209289551e-01 8.500000238418579102e-01
5.500000119209289551e-01 8.625000119209289551e-01
5.500000119209289551e-01 8.750000000000000000e-01
5.500000119209289551e-01 8.874999880790710449e-01
5.500000119209289551e-01 8.999999761581420898e-01
5.500000119209289551e-01 9.125000238418579102e-01
5.500000119209289551e-01 9.250000119209289551e-01
5.500000119209289551e-01 9.375000000000000000e-01
5.500000119209289551e-01 9.499999880790710449e-01
5.500000119209289551e-01 9.624999761581420898e-01
5.500000119209289551e-01 9.750000238418579102e-01
5.500000119209289551e-01 9.875000119209289551e-01
5.500000119209289551e-01 1.000000000000000000e+00
5.625000000000000000e-01 0.000000000000000000e+00
5.625000000000000000e-01 1.250000018626451492e-02
5.625000000000000000e-01 2.500000037252902985e-02
5.625000000000000000e-01 3.750000149011611938e-02
5.625000000000000000e-01 5.000000074505805969e-02
5.625000000000000000e-01 6.250000000000000000e-02
5.625000000000000000e-01 7.500000298023223877e-02
5.625000000000000000e-01 8.749999850988388062e-02
5.625000000000000000e-01 1.000000014901161194e-01
5.625000000000000000e-01 1.124999970197677612e-01
5.625000000000000000e-01 1.250000000000000000e-01
5.625000000000000000e-01 1.375000029802322388e-01
5.625000000000000000e-01 1.500000059604644775e-01
5.625000000000000000e-01 1.624999940395355225e-01
5.625000000000000000e-01 1.749999970197677612e-01
5.625000000000000000e-01 1.875000000000000000e-01
5.625000000000000000e-01 2.000000029802322388e-01
5.625000000000000000e-01 2.125000059604644775e-01
5.625000000000000000e-01 2.249999940395355225e-01
5.625000000000000000e-01 2.374999970197677612e-01
5.625000000000000000e-01 2.500000000000000000e-01
5.625000000000000000e-01 2.624999880790710449e-01
5.625000000000000000e-01 2.750000059604644775e-01
5.625000000000000000e-01 2.874999940395355225e-01
5.625000000000000000e-01 3.000000119209289551e-01
5.625000000000000000e-01 3.125000000000000000e-01
5.625000000000000000e-01 3.249999880790710449e-01
5.625000000000000000e-01 3.375000059604644775e-01
5.625000000000000000e-01 3.499999940395355225e-01
5.625000000000000000e-01 3.625000119209289551e-01
5.625000000000000000e-01 3.750000000000000000e-01
5.625000000000000000e-01 3.874999880790710449e-01
5.625000000000000000e-01 4.000000059604644775e-01
5.625000000000000000e-01 4.124999940395355225e-01
5.625000000000000000e-01 4.250000119209289551e-01
5.625000000000000000e-01 4.375000000000000000e-01
5.625000000000000000e-01 4.499999880790710449e-01
5.625000000000000000e-01 4.625000059604644775e-01
5.625000000000000000e-01 4.749999940395355225e-01
5.625000000000000000e-01 4.875000119209289551e-01
5.625000000000000000e-01 5.000000000000000000e-01
5.625000000000000000e-01 5.124999880790710449e-01
5.625000000000000000e-01 5.249999761581420898e-01
5.625000000000000000e-01 5.375000238418579102e-01
5.625000000000000000e-01 5.500000119209289551e-01
5.625000000000000000e-01 5.625000000000000000e-01
5.625000000000000000e-01 5.749999880790710449e-01
5.625000000000000000e-01 5.874999761581420898e-01
5.625000000000000000e-01 6.000000238418579102e-01
5.625000000000000000e-01 6.125000119209289551e-01
5.625000000000000000e-01 6.250000000000000000e-01
5.625000000000000000e-01 6.374999880790710449e-01
5.625000000000000000e-01 6.499999761581420898e-01
5.625000000000000000e-01 6.625000238418579102e-01
5.625000000000000000e-01 6.750000119209289551e-01
5.625000000000000000e-01 6.875000000000000000e-01
5.625000000000000000e-01 6.999999880790710449e-01
5.625000000000000000e-01 7.124999761581420898e-01
5.625000000000000000e-01 7.250000238418579102e-01
5.625000000000000000e-01 7.375000119209289551e-01
5.625000000000000000e-01 7.500000000000000000e-01
5.625000000000000000e-01 7.624999880790710449e-01
5.625000000000000000e-01 7.749999761581420898e-01
5.625000000000000000e-01 7.875000238418579102e-01
5.625000000000000000e-01 8.000000119209289551e-01
5.625000000000000000e-01 8.125000000000000000e-01
5.625000000000000000e-01 8.249999880790710449e-01
5.625000000000000000e-01 8.374999761581420898e-01
5.625000000000000000e-01 8.500000238418579102e-01
5.625000000000000000e-01 8.625000119209289551e-01
5.625000000000000000e-01 8.750000000000000000e-01
5.625000000000000000e-01 8.874999880790710449e-01
5.625000000000000000e-01 8.999999761581420898e-01
5.625000000000000000e-01 9.125000238418579102e-01
5.625000000000000000e-01 9.250000119209289551e-01
5.625000000000000000e-01 9.375000000000000000e-01
5.625000000000000000e-01 9.499999880790710449e-01
5.625000000000000000e-01 9.624999761581420898e-01
5.625000000000000000e-01 9.750000238418579102e-01
5.625000000000000000e-01 9.875000119209289551e-01
5.625000000000000000e-01 1.000000000000000000e+00
5.749999880790710449e-01 0.000000000000000000e+00
5.749999880790710449e-01 1.250000018626451492e-02
5.749999880790710449e-01 2.500000037252902985e-02
5.749999880790710449e-01 3.750000149011611938e-02
5.749999880790710449e-01 5.000000074505805969e-02
5.749999880790710449e-01 6.250000000000000000e-02
5.749999880790710449e-01 7.500000298023223877e-02
5.749999880790710449e-01 8.749999850988388062e-02
5.749999880790710449e-01 1.000000014901161194e-01
5.749999880790710449e-01 1.124999970197677612e-01
5.749999880790710449e-01 1.250000000000000000e-01
5.749999880790710449e-01 1.375000029802322388e-01
5.749999880790710449e-01 1.500000059604644775e-01
5.749999880790710449e-01 1.624999940395355225e-01
5.749999880790710449e-01 1.749999970197677612e-01
5.749999880790710449e-01 1.875000000000000000e-01
5.749999880790710449e-01 2.000000029802322388e-01
5.749999880790710449e-01 2.125000059604644775e-01
5.749999880790710449e-01 2.249999940395355225e-01
5.749999880790710449e-01 2.374999970197677612e-01
5.749999880790710449e-01 2.500000000000000000e-01
5.749999880790710449e-01 2.624999880790710449e-01
5.749999880790710449e-01 2.750000059604644775e-01
5.749999880790710449e-01 2.874999940395355225e-01
5.749999880790710449e-01 3.000000119209289551e-01
5.749999880790710449e-01 3.125000000000000000e-01
5.749999880790710449e-01 3.249999880790710449e-01
5.749999880790710449e-01 3.375000059604644775e-01
5.749999880790710449e-01 3.499999940395355225e-01
5.749999880790710449e-01 3.625000119209289551e-01
5.749999880790710449e-01 3.750000000000000000e-01
5.749999880790710449e-01 3.874999880790710449e-01
5.749999880790710449e-01 4.000000059604644775e-01
5.749999880790710449e-01 4.124999940395355225e-01
5.749999880790710449e-01 4.250000119209289551e-01
5.749999880790710449e-01 4.375000000000000000e-01
5.749999880790710449e-01 4.499999880790710449e-01
5.749999880790710449e-01 4.625000059604644775e-01
5.749999880790710449e-01 4.749999940395355225e-01
5.749999880790710449e-01 4.875000119209289551e-01
5.749999880790710449e-01 5.000000000000000000e-01
5.749999880790710449e-01 5.124999880790710449e-01
5.749999880790710449e-01 5.249999761581420898e-01
5.749999880790710449e-01 5.375000238418579102e-01
5.749999880790710449e-01 5.500000119209289551e-01
5.749999880790710449e-01 5.625000000000000000e-01
5.749999880790710449e-01 5.749999880790710449e-01
5.749999880790710449e-01 5.874999761581420898e-01
5.749999880790710449e-01 6.000000238418579102e-01
5.749999880790710449e-01 6.125000119209289551e-01
5.749999880790710449e-01 6.250000000000000000e-01
5.749999880790710449e-01 6.374999880790710449e-01
5.749999880790710449e-01 6.499999761581420898e-01
5.749999880790710449e-01 6.625000238418579102e-01
5.749999880790710449e-01 6.750000119209289551e-01
5.749999880790710449e-01 6.875000000000000000e-01
5.749999880790710449e-01 6.999999880790710449e-01
5.749999880790710449e-01 7.124999761581420898e-01
5.749999880790710449e-01 7.250000238418579102e-01
5.749999880790710449e-01 7.375000119209289551e-01
5.749999880790710449e-01 7.500000000000000000e-01
5.749999880790710449e-01 7.624999880790710449e-01
5.749999880790710449e-01 7.749999761581420898e-01
5.749999880790710449e-01 7.875000238418579102e-01
5.749999880790710449e-01 8.000000119209289551e-01
5.749999880790710449e-01 8.125000000000000000e-01
5.749999880790710449e-01 8.249999880790710449e-01
5.749999880790710449e-01 8.374999761581420898e-01
5.749999880790710449e-01 8.500000238418579102e-01
5.749999880790710449e-01 8.625000119209289551e-01
5.749999880790710449e-01 8.750000000000000000e-01
5.749999880790710449e-01 8.874999880790710449e-01
5.749999880790710449e-01 8.999999761581420898e-01
5.749999880790710449e-01 9.125000238418579102e-01
5.749999880790710449e-01 9.250000119209289551e-01
5.749999880790710449e-01 9.375000000000000000e-01
5.749999880790710449e-01 9.499999880790710449e-01
5.749999880790710449e-01 9.624999761581420898e-01
5.749999880790710449e-01 9.750000238418579102e-01
5.749999880790710449e-01 9.875000119209289551e-01
5.749999880790710449e-01 1.000000000000000000e+00
5.874999761581420898e-01 0.000000000000000000e+00
5.874999761581420898e-01 1.250000018626451492e-02
5.874999761581420898e-01 2.500000037252902985e-02
5.874999761581420898e-01 3.750000149011611938e-02
5.874999761581420898e-01 5.000000074505805969e-02
5.874999761581420898e-01 6.250000000000000000e-02
5.874999761581420898e-01 7.500000298023223877e-02
5.874999761581420898e-01 8.749999850988388062e-02
5.874999761581420898e-01 1.000000014901161194e-01
5.874999761581420898e-01 1.124999970197677612e-01
5.874999761581420898e-01 1.250000000000000000e-01
5.874999761581420898e-01 1.375000029802322388e-01
5.874999761581420898e-01 1.500000059604644775e-01
5.874999761581420898e-01 1.624999940395355225e-01
5.874999761581420898e-01 1.749999970197677612e-01
5.874999761581420898e-01 1.875000000000000000e-01
5.874999761581420898e-01 2.000000029802322388e-01
5.874999761581420898e-01 2.125000059604644775e-01
5.874999761581420898e-01 2.249999940395355225e-01
5.874999761581420898e-01 2.374999970197677612e-01
5.874999761581420898e-01 2.500000000000000000e-01
5.874999761581420898e-01 2.624999880790710449e-01
5.874999761581420898e-01 2.750000059604644775e-01
5.874999761581420898e-01 2.874999940395355225e-01
5.874999761581420898e-01 3.000000119209289551e-01
5.874999761581420898e-01 3.125000000000000000e-01
5.874999761581420898e-01 3.249999880790710449e-01
5.874999761581420898e-01 3.375000059604644775e-01
5.874999761581420898e-01 3.499999940395355225e-01
5.874999761581420898e-01 3.625000119209289551e-01
5.874999761581420898e-01 3.750000000000000000e-01
5.874999761581420898e-01 3.874999880790710449e-01
5.874999761581420898e-01 4.000000059604644775e-01
5.874999761581420898e-01 4.124999940395355225e-01
5.874999761581420898e-01 4.250000119209289551e-01
5.874999761581420898e-01 4.375000000000000000e-01
5.874999761581420898e-01 4.499999880790710449e-01
5.874999761581420898e-01 4.625000059604644775e-01
5.874999761581420898e-01 4.749999940395355225e-01
5.874999761581420898e-01 4.875000119209289551e-01
5.874999761581420898e-01 5.000000000000000000e-01
5.874999761581420898e-01 5.124999880790710449e-01
5.874999761581420898e-01 5.249999761581420898e-01
5.874999761581420898e-01 5.375000238418579102e-01
5.874999761581420898e-01 5.500000119209289551e-01
5.874999761581420898e-01 5.625000000000000000e-01
5.874999761581420898e-01 5.749999880790710449e-01
5.874999761581420898e-01 5.874999761581420898e-01
5.874999761581420898e-01 6.000000238418579102e-01
5.874999761581420898e-01 6.125000119209289551e-01
5.874999761581420898e-01 6.250000000000000000e-01
5.874999761581420898e-01 6.374999880790710449e-01
5.874999761581420898e-01 6.499999761581420898e-01
5.874999761581420898e-01 6.625000238418579102e-01
5.874999761581420898e-01 6.750000119209289551e-01
5.874999761581420898e-01 6.875000000000000000e-01
5.874999761581420898e-01 6.999999880790710449e-01
5.874999761581420898e-01 7.124999761581420898e-01
5.874999761581420898e-01 7.250000238418579102e-01
5.874999761581420898e-01 7.375000119209289551e-01
5.874999761581420898e-01 7.500000000000000000e-01
5.874999761581420898e-01 7.624999880790710449e-01
5.874999761581420898e-01 7.749999761581420898e-01
5.874999761581420898e-01 7.875000238418579102e-01
5.874999761581420898e-01 8.000000119209289551e-01
5.874999761581420898e-01 8.125000000000000000e-01
5.874999761581420898e-01 8.249999880790710449e-01
5.874999761581420898e-01 8.374999761581420898e-01
5.874999761581420898e-01 8.500000238418579102e-01
5.874999761581420898e-01 8.625000119209289551e-01
5.874999761581420898e-01 8.750000000000000000e-01
5.874999761581420898e-01 8.874999880790710449e-01
5.874999761581420898e-01 8.999999761581420898e-01
5.874999761581420898e-01 9.125000238418579102e-01
5.874999761581420898e-01 9.250000119209289551e-01
5.874999761581420898e-01 9.375000000000000000e-01
5.874999761581420898e-01 9.499999880790710449e-01
5.874999761581420898e-01 9.624999761581420898e-01
5.874999761581420898e-01 9.750000238418579102e-01
5.874999761581420898e-01 9.875000119209289551e-01
5.874999761581420898e-01 1.000000000000000000e+00
6.000000238418579102e-01 0.000000000000000000e+00
6.000000238418579102e-01 1.250000018626451492e-02
6.000000238418579102e-01 2.500000037252902985e-02
6.000000238418579102e-01 3.750000149011611938e-02
6.000000238418579102e-01 5.000000074505805969e-02
6.000000238418579102e-01 6.250000000000000000e-02
6.000000238418579102e-01 7.500000298023223877e-02
6.000000238418579102e-01 8.749999850988388062e-02
6.000000238418579102e-01 1.000000014901161194e-01
6.000000238418579102e-01 1.124999970197677612e-01
6.000000238418579102e-01 1.250000000000000000e-01
6.000000238418579102e-01 1.375000029802322388e-01
6.000000238418579102e-01 1.500000059604644775e-01
6.000000238418579102e-01 1.624999940395355225e-01
6.000000238418579102e-01 1.749999970197677612e-01
6.000000238418579102e-01 1.875000000000000000e-01
6.000000238418579102e-01 2.000000029802322388e-01
6.000000238418579102e-01 2.125000059604644775e-01
6.000000238418579102e-01 2.249999940395355225e-01
6.000000238418579102e-01 2.374999970197677612e-01
6.000000238418579102e-01 2.500000000000000000e-01
6.000000238418579102e-01 2.624999880790710449e-01
6.000000238418579102e-01 2.750000059604644775e-01
6.000000238418579102e-01 2.874999940395355225e-01
6.000000238418579102e-01 3.000000119209289551e-01
6.000000238418579102e-01 3.125000000000000000e-01
6.000000238418579102e-01 3.249999880790710449e-01
6.000000238418579102e-01 3.375000059604644775e-01
6.000000238418579102e-01 3.499999940395355225e-01
6.000000238418579102e-01 3.625000119209289551e-01
6.000000238418579102e-01 3.750000000000000000e-01
6.000000238418579102e-01 3.874999880790710449e-01
6.000000238418579102e-01 4.000000059604644775e-01
6.000000238418579102e-01 4.124999940395355225e-01
6.000000238418579102e-01 4.250000119209289551e-01
6.000000238418579102e-01 4.375000000000000000e-01
6.000000238418579102e-01 4.499999880790710449e-01
6.000000238418579102e-01 4.625000059604644775e-01
6.000000238418579102e-01 4.749999940395355225e-01
6.000000238418579102e-01 4.875000119209289551e-01
6.000000238418579102e-01 5.000000000000000000e-01
6.000000238418579102e-01 5.124999880790710449e-01
6.000000238418579102e-01 5.249999761581420898e-01
6.000000238418579102e-01 5.375000238418579102e-01
6.000000238418579102e-01 5.500000119209289551e-01
6.000000238418579102e-01 5.625000000000000000e-01
6.000000238418579102e-01 5.749999880790710449e-01
6.000000238418579102e-01 5.874999761581420898e-01
6.000000238418579102e-01 6.000000238418579102e-01
6.000000238418579102e-01 6.125000119209289551e-01
6.000000238418579102e-01 6.250000000000000000e-01
6.000000238418579102e-01 6.374999880790710449e-01
6.000000238418579102e-01 6.499999761581420898e-01
6.000000238418579102e-01 6.625000238418579102e-01
6.000000238418579102e-01 6.750000119209289551e-01
6.000000238418579102e-01 6.875000000000000000e-01
6.000000238418579102e-01 6.999999880790710449e-01
6.000000238418579102e-01 7.124999761581420898e-01
6.000000238418579102e-01 7.250000238418579102e-01
6.000000238418579102e-01 7.375000119209289551e-01
6.000000238418579102e-01 7.500000000000000000e-01
6.000000238418579102e-01 7.624999880790710449e-01
6.000000238418579102e-01 7.749999761581420898e-01
6.000000238418579102e-01 7.875000238418579102e-01
6.000000238418579102e-01 8.000000119209289551e-01
6.000000238418579102e-01 8.125000000000000000e-01
6.000000238418579102e-01 8.249999880790710449e-01
6.000000238418579102e-01 8.374999761581420898e-01
6.000000238418579102e-01 8.500000238418579102e-01
6.000000238418579102e-01 8.625000119209289551e-01
6.000000238418579102e-01 8.750000000000000000e-01
6.000000238418579102e-01 8.874999880790710449e-01
6.000000238418579102e-01 8.999999761581420898e-01
6.000000238418579102e-01 9.125000238418579102e-01
6.000000238418579102e-01 9.250000119209289551e-01
6.000000238418579102e-01 9.375000000000000000e-01
6.000000238418579102e-01 9.499999880790710449e-01
6.000000238418579102e-01 9.624999761581420898e-01
6.000000238418579102e-01 9.750000238418579102e-01
6.000000238418579102e-01 9.875000119209289551e-01
6.000000238418579102e-01 1.000000000000000000e+00
6.125000119209289551e-01 0.000000000000000000e+00
6.125000119209289551e-01 1.250000018626451492e-02
6.125000119209289551e-01 2.500000037252902985e-02
6.125000119209289551e-01 3.750000149011611938e-02
6.125000119209289551e-01 5.000000074505805969e-02
6.125000119209289551e-01 6.250000000000000000e-02
6.125000119209289551e-01 7.500000298023223877e-02
6.125000119209289551e-01 8.749999850988388062e-02
6.125000119209289551e-01 1.000000014901161194e-01
6.125000119209289551e-01 1.124999970197677612e-01
6.125000119209289551e-01 1.250000000000000000e-01
6.125000119209289551e-01 1.375000029802322388e-01
6.125000119209289551e-01 1.500000059604644775e-01
6.125000119209289551e-01 1.624999940395355225e-01
6.125000119209289551e-01 1.749999970197677612e-01
6.125000119209289551e-01 1.875000000000000000e-01
6.125000119209289551e-01 2.000000029802322388e-01
6.125000119209289551e-01 2.125000059604644775e-01
6.125000119209289551e-01 2.249999940395355225e-01
6.125000119209289551e-01 2.374999970197677612e-01
6.125000119209289551e-01 2.500000000000000000e-01
6.125000119209289551e-01 2.624999880790710449e-01
6.125000119209289551e-01 2.750000059604644775e-01
6.125000119209289551e-01 2.874999940395355225e-01
6.125000119209289551e-01 3.000000119209289551e-01
6.125000119209289551e-01 3.125000000000000000e-01
6.125000119209289551e-01 3.249999880790710449e-01
6.125000119209289551e-01 3.375000059604644775e-01
6.125000119209289551e-01 3.499999940395355225e-01
6.125000119209289551e-01 3.625000119209289551e-01
6.125000119209289551e-01 3.750000000000000000e-01
6.125000119209289551e-01 3.874999880790710449e-01
6.125000119209289551e-01 4.000000059604644775e-01
6.125000119209289551e-01 4.124999940395355225e-01
6.125000119209289551e-01 4.250000119209289551e-01
6.125000119209289551e-01 4.375000000000000000e-01
6.125000119209289551e-01 4.499999880790710449e-01
6.125000119209289551e-01 4.625000059604644775e-01
6.125000119209289551e-01 4.749999940395355225e-01
6.125000119209289551e-01 4.875000119209289551e-01
6.125000119209289551e-01 5.000000000000000000e-01
6.125000119209289551e-01 5.124999880790710449e-01
6.125000119209289551e-01 5.249999761581420898e-01
6.125000119209289551e-01 5.375000238418579102e-01
6.125000119209289551e-01 5.500000119209289551e-01
6.125000119209289551e-01 5.625000000000000000e-01
6.125000119209289551e-01 5.749999880790710449e-01
6.125000119209289551e-01 5.874999761581420898e-01
6.125000119209289551e-01 6.000000238418579102e-01
6.125000119209289551e-01 6.125000119209289551e-01
6.125000119209289551e-01 6.250000000000000000e-01
6.125000119209289551e-01 6.374999880790710449e-01
6.125000119209289551e-01 6.499999761581420898e-01
6.125000119209289551e-01 6.625000238418579102e-01
6.125000119209289551e-01 6.750000119209289551e-01
6.125000119209289551e-01 6.875000000000000000e-01
6.125000119209289551e-01 6.999999880790710449e-01
6.125000119209289551e-01 7.124999761581420898e-01
6.125000119209289551e-01 7.250000238418579102e-01
6.125000119209289551e-01 7.375000119209289551e-01
6.125000119209289551e-01 7.500000000000000000e-01
6.125000119209289551e-01 7.624999880790710449e-01
6.125000119209289551e-01 7.749999761581420898e-01
6.125000119209289551e-01 7.875000238418579102e-01
6.125000119209289551e-01 8.000000119209289551e-01
6.125000119209289551e-01 8.125000000000000000e-01
6.125000119209289551e-01 8.249999880790710449e-01
6.125000119209289551e-01 8.374999761581420898e-01
6.125000119209289551e-01 8.500000238418579102e-01
6.125000119209289551e-01 8.625000119209289551e-01
6.125000119209289551e-01 8.750000000000000000e-01
6.125000119209289551e-01 8.874999880790710449e-01
6.125000119209289551e-01 8.999999761581420898e-01
6.125000119209289551e-01 9.125000238418579102e-01
6.125000119209289551e-01 9.250000119209289551e-01
6.125000119209289551e-01 9.375000000000000000e-01
6.125000119209289551e-01 9.499999880790710449e-01
6.125000119209289551e-01 9.624999761581420898e-01
6.125000119209289551e-01 9.750000238418579102e-01
6.125000119209289551e-01 9.875000119209289551e-01
6.125000119209289551e-01 1.000000000000000000e+00
6.250000000000000000e-01 0.000000000000000000e+00
6.250000000000000000e-01 1.250000018626451492e-02
6.250000000000000000e-01 2.500000037252902985e-02
6.250000000000000000e-01 3.750000149011611938e-02
6.250000000000000000e-01 5.000000074505805969e-02
6.250000000000000000e-01 6.250000000000000000e-02
6.250000000000000000e-01 7.500000298023223877e-02
6.250000000000000000e-01 8.749999850988388062e-02
6.250000000000000000e-01 1.000000014901161194e-01
6.250000000000000000e-01 1.124999970197677612e-01
6.250000000000000000e-01 1.250000000000000000e-01
6.250000000000000000e-01 1.375000029802322388e-01
6.250000000000000000e-01 1.500000059604644775e-01
6.250000000000000000e-01 1.624999940395355225e-01
6.250000000000000000e-01 1.749999970197677612e-01
6.250000000000000000e-01 1.875000000000000000e-01
6.250000000000000000e-01 2.000000029802322388e-01
6.250000000000000000e-01 2.125000059604644775e-01
6.250000000000000000e-01 2.249999940395355225e-01
6.250000000000000000e-01 2.374999970197677612e-01
6.250000000000000000e-01 2.500000000000000000e-01
6.250000000000000000e-01 2.624999880790710449e-01
6.250000000000000000e-01 2.750000059604644775e-01
6.250000000000000000e-01 2.874999940395355225e-01
6.250000000000000000e-01 3.000000119209289551e-01
6.250000000000000000e-01 3.125000000000000000e-01
6.250000000000000000e-01 3.249999880790710449e-01
6.250000000000000000e-01 3.375000059604644775e-01
6.250000000000000000e-01 3.499999940395355225e-01
6.250000000000000000e-01 3.625000119209289551e-01
6.250000000000000000e-01 3.750000000000000000e-01
6.250000000000000000e-01 3.874999880790710449e-01
6.250000000000000000e-01 4.000000059604644775e-01
6.250000000000000000e-01 4.124999940395355225e-01
6.250000000000000000e-01 4.250000119209289551e-01
6.250000000000000000e-01 4.375000000000000000e-01
6.250000000000000000e-01 4.499999880790710449e-01
6.250000000000000000e-01 4.625000059604644775e-01
6.250000000000000000e-01 4.749999940395355225e-01
6.250000000000000000e-01 4.875000119209289551e-01
6.250000000000000000e-01 5.000000000000000000e-01
6.250000000000000000e-01 5.124999880790710449e-01
6.250000000000000000e-01 5.249999761581420898e-01
6.250000000000000000e-01 5.375000238418579102e-01
6.250000000000000000e-01 5.500000119209289551e-01
6.250000000000000000e-01 5.625000000000000000e-01
6.250000000000000000e-01 5.749999880790710449e-01
6.250000000000000000e-01 5.874999761581420898e-01
6.250000000000000000e-01 6.000000238418579102e-01
6.250000000000000000e-01 6.125000119209289551e-01
6.250000000000000000e-01 6.250000000000000000e-01
6.250000000000000000e-01 6.374999880790710449e-01
6.250000000000000000e-01 6.499999761581420898e-01
6.250000000000000000e-01 6.625000238418579102e-01
6.250000000000000000e-01 6.750000119209289551e-01
6.250000000000000000e-01 6.875000000000000000e-01
6.250000000000000000e-01 6.999999880790710449e-01
6.250000000000000000e-01 7.124999761581420898e-01
6.250000000000000000e-01 7.250000238418579102e-01
6.250000000000000000e-01 7.375000119209289551e-01
6.250000000000000000e-01 7.500000000000000000e-01
6.250000000000000000e-01 7.624999880790710449e-01
6.250000000000000000e-01 7.749999761581420898e-01
6.250000000000000000e-01 7.875000238418579102e-01
6.250000000000000000e-01 8.000000119209289551e-01
6.250000000000000000e-01 8.125000000000000000e-01
6.250000000000000000e-01 8.249999880790710449e-01
6.250000000000000000e-01 8.374999761581420898e-01
6.250000000000000000e-01 8.500000238418579102e-01
6.250000000000000000e-01 8.625000119209289551e-01
6.250000000000000000e-01 8.750000000000000000e-01
6.250000000000000000e-01 8.874999880790710449e-01
6.250000000000000000e-01 8.999999761581420898e-01
6.250000000000000000e-01 9.125000238418579102e-01
6.250000000000000000e-01 9.250000119209289551e-01
6.250000000000000000e-01 9.375000000000000000e-01
6.250000000000000000e-01 9.499999880790710449e-01
6.250000000000000000e-01 9.624999761581420898e-01
6.250000000000000000e-01 9.750000238418579102e-01
6.250000000000000000e-01 9.875000119209289551e-01
6.250000000000000000e-01 1.000000000000000000e+00
6.374999880790710449e-01 0.000000000000000000e+00
6.374999880790710449e-01 1.250000018626451492e-02
6.374999880790710449e-01 2.500000037252902985e-02
6.374999880790710449e-01 3.750000149011611938e-02
6.374999880790710449e-01 5.000000074505805969e-02
6.374999880790710449e-01 6.250000000000000000e-02
6.374999880790710449e-01 7.500000298023223877e-02
6.374999880790710449e-01 8.749999850988388062e-02
6.374999880790710449e-01 1.000000014901161194e-01
6.374999880790710449e-01 1.124999970197677612e-01
6.374999880790710449e-01 1.250000000000000000e-01
6.374999880790710449e-01 1.375000029802322388e-01
6.374999880790710449e-01 1.500000059604644775e-01
6.374999880790710449e-01 1.624999940395355225e-01
6.374999880790710449e-01 1.749999970197677612e-01
6.374999880790710449e-01 1.875000000000000000e-01
6.374999880790710449e-01 2.000000029802322388e-01
6.374999880790710449e-01 2.125000059604644775e-01
6.374999880790710449e-01 2.249999940395355225e-01
6.374999880790710449e-01 2.374999970197677612e-01
6.374999880790710449e-01 2.500000000000000000e-01
6.374999880790710449e-01 2.624999880790710449e-01
6.374999880790710449e-01 2.750000059604644775e-01
6.374999880790710449e-01 2.874999940395355225e-01
6.374999880790710449e-01 3.000000119209289551e-01
6.374999880790710449e-01 3.125000000000000000e-01
6.374999880790710449e-01 3.249999880790710449e-01
6.374999880790710449e-01 3.375000059604644775e-01
6.374999880790710449e-01 3.499999940395355225e-01
6.374999880790710449e-01 3.625000119209289551e-01
6.374999880790710449e-01 3.750000000000000000e-01
6.374999880790710449e-01 3.874999880790710449e-01
6.374999880790710449e-01 4.000000059604644775e-01
6.374999880790710449e-01 4.124999940395355225e-01
6.374999880790710449e-01 4.250000119209289551e-01
6.374999880790710449e-01 4.375000000000000000e-01
6.374999880790710449e-01 4.499999880790710449e-01
6.374999880790710449e-01 4.625000059604644775e-01
6.374999880790710449e-01 4.749999940395355225e-01
6.374999880790710449e-01 4.875000119209289551e-01
6.374999880790710449e-01 5.000000000000000000e-01
6.374999880790710449e-01 5.124999880790710449e-01
6.374999880790710449e-01 5.249999761581420898e-01
6.374999880790710449e-01 5.375000238418579102e-01
6.374999880790710449e-01 5.500000119209289551e-01
6.374999880790710449e-01 5.625000000000000000e-01
6.374999880790710449e-01 5.749999880790710449e-01
6.374999880790710449e-01 5.874999761581420898e-01
6.374999880790710449e-01 6.000000238418579102e-01
6.374999880790710449e-01 6.125000119209289551e-01
6.374999880790710449e-01 6.250000000000000000e-01
6.374999880790710449e-01 6.374999880790710449e-01
6.374999880790710449e-01 6.499999761581420898e-01
6.374999880790710449e-01 6.625000238418579102e-01
6.374999880790710449e-01 6.750000119209289551e-01
6.374999880790710449e-01 6.875000000000000000e-01
6.374999880790710449e-01 6.999999880790710449e-01
6.374999880790710449e-01 7.124999761581420898e-01
6.374999880790710449e-01 7.250000238418579102e-01
6.374999880790710449e-01 7.375000119209289551e-01
6.374999880790710449e-01 7.500000000000000000e-01
6.374999880790710449e-01 7.624999880790710449e-01
6.374999880790710449e-01 7.749999761581420898e-01
6.374999880790710449e-01 7.875000238418579102e-01
6.374999880790710449e-01 8.000000119209289551e-01
6.374999880790710449e-01 8.125000000000000000e-01
6.374999880790710449e-01 8.249999880790710449e-01
6.374999880790710449e-01 8.374999761581420898e-01
6.374999880790710449e-01 8.500000238418579102e-01
6.374999880790710449e-01 8.625000119209289551e-01
6.374999880790710449e-01 8.750000000000000000e-01
6.374999880790710449e-01 8.874999880790710449e-01
6.374999880790710449e-01 8.999999761581420898e-01
6.374999880790710449e-01 9.125000238418579102e-01
6.374999880790710449e-01 9.250000119209289551e-01
6.374999880790710449e-01 9.375000000000000000e-01
6.374999880790710449e-01 9.499999880790710449e-01
6.374999880790710449e-01 9.624999761581420898e-01
6.374999880790710449e-01 9.750000238418579102e-01
6.374999880790710449e-01 9.875000119209289551e-01
6.374999880790710449e-01 1.000000000000000000e+00
6.499999761581420898e-01 0.000000000000000000e+00
6.499999761581420898e-01 1.250000018626451492e-02
6.499999761581420898e-01 2.500000037252902985e-02
6.499999761581420898e-01 3.750000149011611938e-02
6.499999761581420898e-01 5.000000074505805969e-02
6.499999761581420898e-01 6.250000000000000000e-02
6.499999761581420898e-01 7.500000298023223877e-02
6.499999761581420898e-01 8.749999850988388062e-02
6.499999761581420898e-01 1.000000014901161194e-01
6.499999761581420898e-01 1.124999970197677612e-01
6.499999761581420898e-01 1.250000000000000000e-01
6.499999761581420898e-01 1.375000029802322388e-01
6.499999761581420898e-01 1.500000059604644775e-01
6.499999761581420898e-01 1.624999940395355225e-01
6.499999761581420898e-01 1.749999970197677612e-01
6.499999761581420898e-01 1.875000000000000000e-01
6.499999761581420898e-01 2.000000029802322388e-01
6.499999761581420898e-01 2.125000059604644775e-01
6.499999761581420898e-01 2.249999940395355225e-01
6.499999761581420898e-01 2.374999970197677612e-01
6.499999761581420898e-01 2.500000000000000000e-01
6.499999761581420898e-01 2.624999880790710449e-01
6.499999761581420898e-01 2.750000059604644775e-01
6.499999761581420898e-01 2.874999940395355225e-01
6.499999761581420898e-01 3.000000119209289551e-01
6.499999761581420898e-01 3.125000000000000000e-01
6.499999761581420898e-01 3.249999880790710449e-01
6.499999761581420898e-01 3.375000059604644775e-01
6.499999761581420898e-01 3.499999940395355225e-01
6.499999761581420898e-01 3.625000119209289551e-01
6.499999761581420898e-01 3.750000000000000000e-01
6.499999761581420898e-01 3.874999880790710449e-01
6.499999761581420898e-01 4.000000059604644775e-01
6.499999761581420898e-01 4.124999940395355225e-01
6.499999761581420898e-01 4.250000119209289551e-01
6.499999761581420898e-01 4.375000000000000000e-01
6.499999761581420898e-01 4.499999880790710449e-01
6.499999761581420898e-01 4.625000059604644775e-01
6.499999761581420898e-01 4.749999940395355225e-01
6.499999761581420898e-01 4.875000119209289551e-01
6.499999761581420898e-01 5.000000000000000000e-01
6.499999761581420898e-01 5.124999880790710449e-01
6.499999761581420898e-01 5.249999761581420898e-01
6.499999761581420898e-01 5.375000238418579102e-01
6.499999761581420898e-01 5.500000119209289551e-01
6.499999761581420898e-01 5.625000000000000000e-01
6.499999761581420898e-01 5.749999880790710449e-01
6.499999761581420898e-01 5.874999761581420898e-01
6.499999761581420898e-01 6.000000238418579102e-01
6.499999761581420898e-01 6.125000119209289551e-01
6.499999761581420898e-01 6.250000000000000000e-01
6.499999761581420898e-01 6.374999880790710449e-01
6.499999761581420898e-01 6.499999761581420898e-01
6.499999761581420898e-01 6.625000238418579102e-01
6.499999761581420898e-01 6.750000119209289551e-01
6.499999761581420898e-01 6.875000000000000000e-01
6.499999761581420898e-01 6.999999880790710449e-01
6.499999761581420898e-01 7.124999761581420898e-01
6.499999761581420898e-01 7.250000238418579102e-01
6.499999761581420898e-01 7.375000119209289551e-01
6.499999761581420898e-01 7.500000000000000000e-01
6.499999761581420898e-01 7.624999880790710449e-01
6.499999761581420898e-01 7.749999761581420898e-01
6.499999761581420898e-01 7.875000238418579102e-01
6.499999761581420898e-01 8.000000119209289551e-01
6.499999761581420898e-01 8.125000000000000000e-01
6.499999761581420898e-01 8.249999880790710449e-01
6.499999761581420898e-01 8.374999761581420898e-01
6.499999761581420898e-01 8.500000238418579102e-01
6.499999761581420898e-01 8.625000119209289551e-01
6.499999761581420898e-01 8.750000000000000000e-01
6.499999761581420898e-01 8.874999880790710449e-01
6.499999761581420898e-01 8.999999761581420898e-01
6.499999761581420898e-01 9.125000238418579102e-01
6.499999761581420898e-01 9.250000119209289551e-01
6.499999761581420898e-01 9.375000000000000000e-01
6.499999761581420898e-01 9.499999880790710449e-01
6.499999761581420898e-01 9.624999761581420898e-01
6.499999761581420898e-01 9.750000238418579102e-01
6.499999761581420898e-01 9.875000119209289551e-01
6.499999761581420898e-01 1.000000000000000000e+00
6.625000238418579102e-01 0.000000000000000000e+00
6.625000238418579102e-01 1.250000018626451492e-02
6.625000238418579102e-01 2.500000037252902985e-02
6.625000238418579102e-01 3.750000149011611938e-02
6.625000238418579102e-01 5.000000074505805969e-02
6.625000238418579102e-01 6.250000000000000000e-02
6.625000238418579102e-01 7.500000298023223877e-02
6.625000238418579102e-01 8.749999850988388062e-02
6.625000238418579102e-01 1.000000014901161194e-01
6.625000238418579102e-01 1.124999970197677612e-01
6.625000238418579102e-01 1.250000000000000000e-01
6.625000238418579102e-01 1.375000029802322388e-01
6.625000238418579102e-01 1.500000059604644775e-01
6.625000238418579102e-01 1.624999940395355225e-01
6.625000238418579102e-01 1.749999970197677612e-01
6.625000238418579102e-01 1.875000000000000000e-01
6.625000238418579102e-01 2.000000029802322388e-01
6.625000238418579102e-01 2.125000059604644775e-01
6.625000238418579102e-01 2.249999940395355225e-01
6.625000238418579102e-01 2.374999970197677612e-01
6.625000238418579102e-01 2.500000000000000000e-01
6.625000238418579102e-01 2.624999880790710449e-01
6.625000238418579102e-01 2.750000059604644775e-01
6.625000238418579102e-01 2.874999940395355225e-01
6.625000238418579102e-01 3.000000119209289551e-01
6.625000238418579102e-01 3.125000000000000000e-01
6.625000238418579102e-01 3.249999880790710449e-01
6.625000238418579102e-01 3.375000059604644775e-01
6.625000238418579102e-01 3.499999940395355225e-01
6.625000238418579102e-01 3.625000119209289551e-01
6.625000238418579102e-01 3.750000000000000000e-01
6.625000238418579102e-01 3.874999880790710449e-01
6.625000238418579102e-01 4.000000059604644775e-01
6.625000238418579102e-01 4.124999940395355225e-01
6.625000238418579102e-01 4.250000119209289551e-01
6.625000238418579102e-01 4.375000000000000000e-01
6.625000238418579102e-01 4.499999880790710449e-01
6.625000238418579102e-01 4.625000059604644775e-01
6.625000238418579102e-01 4.749999940395355225e-01
6.625000238418579102e-01 4.875000119209289551e-01
6.625000238418579102e-01 5.000000000000000000e-01
6.625000238418579102e-01 5.124999880790710449e-01
6.625000238418579102e-01 5.249999761581420898e-01
6.625000238418579102e-01 5.375000238418579102e-01
6.625000238418579102e-01 5.500000119209289551e-01
6.625000238418579102e-01 5.625000000000000000e-01
6.625000238418579102e-01 5.749999880790710449e-01
6.625000238418579102e-01 5.874999761581420898e-01
6.625000238418579102e-01 6.000000238418579102e-01
6.625000238418579102e-01 6.125000119209289551e-01
6.625000238418579102e-01 6.250000000000000000e-01
6.625000238418579102e-01 6.374999880790710449e-01
6.625000238418579102e-01 6.499999761581420898e-01
6.625000238418579102e-01 6.625000238418579102e-01
6.625000238418579102e-01 6.750000119209289551e-01
6.625000238418579102e-01 6.875000000000000000e-01
6.625000238418579102e-01 6.999999880790710449e-01
6.625000238418579102e-01 7.124999761581420898e-01
6.625000238418579102e-01 7.250000238418579102e-01
6.625000238418579102e-01 7.375000119209289551e-01
6.625000238418579102e-01 7.500000000000000000e-01
6.625000238418579102e-01 7.624999880790710449e-01
6.625000238418579102e-01 7.749999761581420898e-01
6.625000238418579102e-01 7.875000238418579102e-01
6.625000238418579102e-01 8.000000119209289551e-01
6.625000238418579102e-01 8.125000000000000000e-01
6.625000238418579102e-01 8.249999880790710449e-01
6.625000238418579102e-01 8.374999761581420898e-01
6.625000238418579102e-01 8.500000238418579102e-01
6.625000238418579102e-01 8.625000119209289551e-01
6.625000238418579102e-01 8.750000000000000000e-01
6.625000238418579102e-01 8.874999880790710449e-01
6.625000238418579102e-01 8.999999761581420898e-01
6.625000238418579102e-01 9.125000238418579102e-01
6.625000238418579102e-01 9.250000119209289551e-01
6.625000238418579102e-01 9.375000000000000000e-01
6.625000238418579102e-01 9.499999880790710449e-01
6.625000238418579102e-01 9.624999761581420898e-01
6.625000238418579102e-01 9.750000238418579102e-01
6.625000238418579102e-01 9.875000119209289551e-01
6.625000238418579102e-01 1.000000000000000000e+00
6.750000119209289551e-01 0.000000000000000000e+00
6.750000119209289551e-01 1.250000018626451492e-02
6.750000119209289551e-01 2.500000037252902985e-02
6.750000119209289551e-01 3.750000149011611938e-02
6.750000119209289551e-01 5.000000074505805969e-02
6.750000119209289551e-01 6.250000000000000000e-02
6.750000119209289551e-01 7.500000298023223877e-02
6.750000119209289551e-01 8.749999850988388062e-02
6.750000119209289551e-01 1.000000014901161194e-01
6.750000119209289551e-01 1.124999970197677612e-01
6.750000119209289551e-01 1.250000000000000000e-01
6.750000119209289551e-01 1.375000029802322388e-01
6.750000119209289551e-01 1.500000059604644775e-01
6.750000119209289551e-01 1.624999940395355225e-01
6.750000119209289551e-01 1.749999970197677612e-01
6.750000119209289551e-01 1.875000000000000000e-01
6.750000119209289551e-01 2.000000029802322388e-01
6.750000119209289551e-01 2.125000059604644775e-01
6.750000119209289551e-01 2.249999940395355225e-01
6.750000119209289551e-01 2.374999970197677612e-01
6.750000119209289551e-01 2.500000000000000000e-01
6.750000119209289551e-01 2.624999880790710449e-01
6.750000119209289551e-01 2.750000059604644775e-01
6.750000119209289551e-01 2.874999940395355225e-01
6.750000119209289551e-01 3.000000119209289551e-01
6.750000119209289551e-01 3.125000000000000000e-01
6.750000119209289551e-01 3.249999880790710449e-01
6.750000119209289551e-01 3.375000059604644775e-01
6.750000119209289551e-01 3.499999940395355225e-01
6.750000119209289551e-01 3.625000119209289551e-01
6.750000119209289551e-01 3.750000000000000000e-01
6.750000119209289551e-01 3.874999880790710449e-01
6.750000119209289551e-01 4.000000059604644775e-01
6.750000119209289551e-01 4.124999940395355225e-01
6.750000119209289551e-01 4.250000119209289551e-01
6.750000119209289551e-01 4.375000000000000000e-01
6.750000119209289551e-01 4.499999880790710449e-01
6.750000119209289551e-01 4.625000059604644775e-01
6.750000119209289551e-01 4.749999940395355225e-01
6.750000119209289551e-01 4.875000119209289551e-01
6.750000119209289551e-01 5.000000000000000000e-01
6.750000119209289551e-01 5.124999880790710449e-01
6.750000119209289551e-01 5.249999761581420898e-01
6.750000119209289551e-01 5.375000238418579102e-01
6.750000119209289551e-01 5.500000119209289551e-01
6.750000119209289551e-01 5.625000000000000000e-01
6.750000119209289551e-01 5.749999880790710449e-01
6.750000119209289551e-01 5.874999761581420898e-01
6.750000119209289551e-01 6.000000238418579102e-01
6.750000119209289551e-01 6.125000119209289551e-01
6.750000119209289551e-01 6.250000000000000000e-01
6.750000119209289551e-01 6.374999880790710449e-01
6.750000119209289551e-01 6.499999761581420898e-01
6.750000119209289551e-01 6.625000238418579102e-01
6.750000119209289551e-01 6.750000119209289551e-01
6.750000119209289551e-01 6.875000000000000000e-01
6.750000119209289551e-01 6.999999880790710449e-01
6.750000119209289551e-01 7.124999761581420898e-01
6.750000119209289551e-01 7.250000238418579102e-01
6.750000119209289551e-01 7.375000119209289551e-01
6.750000119209289551e-01 7.500000000000000000e-01
6.750000119209289551e-01 7.624999880790710449e-01
6.750000119209289551e-01 7.749999761581420898e-01
6.750000119209289551e-01 7.875000238418579102e-01
6.750000119209289551e-01 8.000000119209289551e-01
6.750000119209289551e-01 8.125000000000000000e-01
6.750000119209289551e-01 8.249999880790710449e-01
6.750000119209289551e-01 8.374999761581420898e-01
6.750000119209289551e-01 8.500000238418579102e-01
6.750000119209289551e-01 8.625000119209289551e-01
6.750000119209289551e-01 8.750000000000000000e-01
6.750000119209289551e-01 8.874999880790710449e-01
6.750000119209289551e-01 8.999999761581420898e-01
6.750000119209289551e-01 9.125000238418579102e-01
6.750000119209289551e-01 9.250000119209289551e-01
6.750000119209289551e-01 9.375000000000000000e-01
6.750000119209289551e-01 9.499999880790710449e-01
6.750000119209289551e-01 9.624999761581420898e-01
6.750000119209289551e-01 9.750000238418579102e-01
6.750000119209289551e-01 9.875000119209289551e-01
6.750000119209289551e-01 1.000000000000000000e+00
6.875000000000000000e-01 0.000000000000000000e+00
6.875000000000000000e-01 1.250000018626451492e-02
6.875000000000000000e-01 2.500000037252902985e-02
6.875000000000000000e-01 3.750000149011611938e-02
6.875000000000000000e-01 5.000000074505805969e-02
6.875000000000000000e-01 6.250000000000000000e-02
6.875000000000000000e-01 7.500000298023223877e-02
6.875000000000000000e-01 8.749999850988388062e-02
6.875000000000000000e-01 1.000000014901161194e-01
6.875000000000000000e-01 1.124999970197677612e-01
6.875000000000000000e-01 1.250000000000000000e-01
6.875000000000000000e-01 1.375000029802322388e-01
6.875000000000000000e-01 1.500000059604644775e-01
6.875000000000000000e-01 1.624999940395355225e-01
6.875000000000000000e-01 1.749999970197677612e-01
6.875000000000000000e-01 1.875000000000000000e-01
6.875000000000000000e-01 2.000000029802322388e-01
6.875000000000000000e-01 2.125000059604644775e-01
6.875000000000000000e-01 2.249999940395355225e-01
6.875000000000000000e-01 2.374999970197677612e-01
6.875000000000000000e-01 2.500000000000000000e-01
6.875000000000000000e-01 2.624999880790710449e-01
6.875000000000000000e-01 2.750000059604644775e-01
6.875000000000000000e-01 2.874999940395355225e-01
6.875000000000000000e-01 3.000000119209289551e-01
6.875000000000000000e-01 3.125000000000000000e-01
6.875000000000000000e-01 3.249999880790710449e-01
6.875000000000000000e-01 3.375000059604644775e-01
6.875000000000000000e-01 3.499999940395355225e-01
6.875000000000000000e-01 3.625000119209289551e-01
6.875000000000000000e-01 3.750000000000000000e-01
6.875000000000000000e-01 3.874999880790710449e-01
6.875000000000000000e-01 4.000000059604644775e-01
6.875000000000000000e-01 4.124999940395355225e-01
6.875000000000000000e-01 4.250000119209289551e-01
6.875000000000000000e-01 4.375000000000000000e-01
6.875000000000000000e-01 4.499999880790710449e-01
6.875000000000000000e-01 4.625000059604644775e-01
6.875000000000000000e-01 4.749999940395355225e-01
6.875000000000000000e-01 4.875000119209289551e-01
6.875000000000000000e-01 5.000000000000000000e-01
6.875000000000000000e-01 5.124999880790710449e-01
6.875000000000000000e-01 5.249999761581420898e-01
6.875000000000000000e-01 5.375000238418579102e-01
6.875000000000000000e-01 5.500000119209289551e-01
6.875000000000000000e-01 5.625000000000000000e-01
6.875000000000000000e-01 5.749999880790710449e-01
6.875000000000000000e-01 5.874999761581420898e-01
6.875000000000000000e-01 6.000000238418579102e-01
6.875000000000000000e-01 6.125000119209289551e-01
6.875000000000000000e-01 6.250000000000000000e-01
6.875000000000000000e-01 6.374999880790710449e-01
6.875000000000000000e-01 6.499999761581420898e-01
6.875000000000000000e-01 6.625000238418579102e-01
6.875000000000000000e-01 6.750000119209289551e-01
6.875000000000000000e-01 6.875000000000000000e-01
6.875000000000000000e-01 6.999999880790710449e-01
6.875000000000000000e-01 7.124999761581420898e-01
6.875000000000000000e-01 7.250000238418579102e-01
6.875000000000000000e-01 7.375000119209289551e-01
6.875000000000000000e-01 7.500000000000000000e-01
6.875000000000000000e-01 7.624999880790710449e-01
6.875000000000000000e-01 7.749999761581420898e-01
6.875000000000000000e-01 7.875000238418579102e-01
6.875000000000000000e-01 8.000000119209289551e-01
6.875000000000000000e-01 8.125000000000000000e-01
6.875000000000000000e-01 8.249999880790710449e-01
6.875000000000000000e-01 8.374999761581420898e-01
6.875000000000000000e-01 8.500000238418579102e-01
6.875000000000000000e-01 8.625000119209289551e-01
6.875000000000000000e-01 8.750000000000000000e-01
6.875000000000000000e-01 8.874999880790710449e-01
6.875000000000000000e-01 8.999999761581420898e-01
6.875000000000000000e-01 9.125000238418579102e-01
6.875000000000000000e-01 9.250000119209289551e-01
6.875000000000000000e-01 9.375000000000000000e-01
6.875000000000000000e-01 9.499999880790710449e-01
6.875000000000000000e-01 9.624999761581420898e-01
6.875000000000000000e-01 9.750000238418579102e-01
6.875000000000000000e-01 9.875000119209289551e-01
6.875000000000000000e-01 1.000000000000000000e+00
6.999999880790710449e-01 0.000000000000000000e+00
6.999999880790710449e-01 1.250000018626451492e-02
6.999999880790710449e-01 2.500000037252902985e-02
6.999999880790710449e-01 3.750000149011611938e-02
6.999999880790710449e-01 5.000000074505805969e-02
6.999999880790710449e-01 6.250000000000000000e-02
6.999999880790710449e-01 7.500000298023223877e-02
6.999999880790710449e-01 8.749999850988388062e-02
6.999999880790710449e-01 1.000000014901161194e-01
6.999999880790710449e-01 1.124999970197677612e-01
6.999999880790710449e-01 1.250000000000000000e-01
6.999999880790710449e-01 1.375000029802322388e-01
6.999999880790710449e-01 1.500000059604644775e-01
6.999999880790710449e-01 1.624999940395355225e-01
6.999999880790710449e-01 1.749999970197677612e-01
6.999999880790710449e-01 1.875000000000000000e-01
6.999999880790710449e-01 2.000000029802322388e-01
6.999999880790710449e-01 2.125000059604644775e-01
6.999999880790710449e-01 2.249999940395355225e-01
6.999999880790710449e-01 2.374999970197677612e-01
6.999999880790710449e-01 2.500000000000000000e-01
6.999999880790710449e-01 2.624999880790710449e-01
6.999999880790710449e-01 2.750000059604644775e-01
6.999999880790710449e-01 2.874999940395355225e-01
6.999999880790710449e-01 3.000000119209289551e-01
6.999999880790710449e-01 3.125000000000000000e-01
6.999999880790710449e-01 3.249999880790710449e-01
6.999999880790710449e-01 3.375000059604644775e-01
6.999999880790710449e-01 3.499999940395355225e-01
6.999999880790710449e-01 3.625000119209289551e-01
6.999999880790710449e-01 3.750000000000000000e-01
6.999999880790710449e-01 3.874999880790710449e-01
6.999999880790710449e-01 4.000000059604644775e-01
6.999999880790710449e-01 4.124999940395355225e-01
6.999999880790710449e-01 4.250000119209289551e-01
6.999999880790710449e-01 4.375000000000000000e-01
6.999999880790710449e-01 4.499999880790710449e-01
6.999999880790710449e-01 4.625000059604644775e-01
6.999999880790710449e-01 4.749999940395355225e-01
6.999999880790710449e-01 4.875000119209289551e-01
6.999999880790710449e-01 5.000000000000000000e-01
6.999999880790710449e-01 5.124999880790710449e-01
6.999999880790710449e-01 5.249999761581420898e-01
6.999999880790710449e-01 5.375000238418579102e-01
6.999999880790710449e-01 5.500000119209289551e-01
6.999999880790710449e-01 5.625000000000000000e-01
6.999999880790710449e-01 5.749999880790710449e-01
6.999999880790710449e-01 5.874999761581420898e-01
6.999999880790710449e-01 6.000000238418579102e-01
6.999999880790710449e-01 6.125000119209289551e-01
6.999999880790710449e-01 6.250000000000000000e-01
6.999999880790710449e-01 6.374999880790710449e-01
6.999999880790710449e-01 6.499999761581420898e-01
6.999999880790710449e-01 6.625000238418579102e-01
6.999999880790710449e-01 6.750000119209289551e-01
6.999999880790710449e-01 6.875000000000000000e-01
6.999999880790710449e-01 6.999999880790710449e-01
6.999999880790710449e-01 7.124999761581420898e-01
6.999999880790710449e-01 7.250000238418579102e-01
6.999999880790710449e-01 7.375000119209289551e-01
6.999999880790710449e-01 7.500000000000000000e-01
6.999999880790710449e-01 7.624999880790710449e-01
6.999999880790710449e-01 7.749999761581420898e-01
6.999999880790710449e-01 7.875000238418579102e-01
6.999999880790710449e-01 8.000000119209289551e-01
6.999999880790710449e-01 8.125000000000000000e-01
6.999999880790710449e-01 8.249999880790710449e-01
6.999999880790710449e-01 8.374999761581420898e-01
6.999999880790710449e-01 8.500000238418579102e-01
6.999999880790710449e-01 8.625000119209289551e-01
6.999999880790710449e-01 8.750000000000000000e-01
6.999999880790710449e-01 8.874999880790710449e-01
6.999999880790710449e-01 8.999999761581420898e-01
6.999999880790710449e-01 9.125000238418579102e-01
6.999999880790710449e-01 9.250000119209289551e-01
6.999999880790710449e-01 9.375000000000000000e-01
6.999999880790710449e-01 9.499999880790710449e-01
6.999999880790710449e-01 9.624999761581420898e-01
6.999999880790710449e-01 9.750000238418579102e-01
6.999999880790710449e-01 9.875000119209289551e-01
6.999999880790710449e-01 1.000000000000000000e+00
7.124999761581420898e-01 0.000000000000000000e+00
7.124999761581420898e-01 1.250000018626451492e-02
7.124999761581420898e-01 2.500000037252902985e-02
7.124999761581420898e-01 3.750000149011611938e-02
7.124999761581420898e-01 5.000000074505805969e-02
7.124999761581420898e-01 6.250000000000000000e-02
7.124999761581420898e-01 7.500000298023223877e-02
7.124999761581420898e-01 8.749999850988388062e-02
7.124999761581420898e-01 1.000000014901161194e-01
7.124999761581420898e-01 1.124999970197677612e-01
7.124999761581420898e-01 1.250000000000000000e-01
7.124999761581420898e-01 1.375000029802322388e-01
7.124999761581420898e-01 1.500000059604644775e-01
7.124999761581420898e-01 1.624999940395355225e-01
7.124999761581420898e-01 1.749999970197677612e-01
7.124999761581420898e-01 1.875000000000000000e-01
7.124999761581420898e-01 2.000000029802322388e-01
7.124999761581420898e-01 2.125000059604644775e-01
7.124999761581420898e-01 2.249999940395355225e-01
7.124999761581420898e-01 2.374999970197677612e-01
7.124999761581420898e-01 2.500000000000000000e-01
7.124999761581420898e-01 2.624999880790710449e-01
7.124999761581420898e-01 2.750000059604644775e-01
7.124999761581420898e-01 2.874999940395355225e-01
7.124999761581420898e-01 3.000000119209289551e-01
7.124999761581420898e-01 3.125000000000000000e-01
7.124999761581420898e-01 3.249999880790710449e-01
7.124999761581420898e-01 3.375000059604644775e-01
7.124999761581420898e-01 3.499999940395355225e-01
7.124999761581420898e-01 3.625000119209289551e-01
7.124999761581420898e-01 3.750000000000000000e-01
7.124999761581420898e-01 3.874999880790710449e-01
7.124999761581420898e-01 4.000000059604644775e-01
7.124999761581420898e-01 4.124999940395355225e-01
7.124999761581420898e-01 4.250000119209289551e-01
7.124999761581420898e-01 4.375000000000000000e-01
7.124999761581420898e-01 4.499999880790710449e-01
7.124999761581420898e-01 4.625000059604644775e-01
7.124999761581420898e-01 4.749999940395355225e-01
7.124999761581420898e-01 4.875000119209289551e-01
7.124999761581420898e-01 5.000000000000000000e-01
7.124999761581420898e-01 5.124999880790710449e-01
7.124999761581420898e-01 5.249999761581420898e-01
7.124999761581420898e-01 5.375000238418579102e-01
7.124999761581420898e-01 5.500000119209289551e-01
7.124999761581420898e-01 5.625000000000000000e-01
7.124999761581420898e-01 5.749999880790710449e-01
7.124999761581420898e-01 5.874999761581420898e-01
7.124999761581420898e-01 6.000000238418579102e-01
7.124999761581420898e-01 6.125000119209289551e-01
7.124999761581420898e-01 6.250000000000000000e-01
7.124999761581420898e-01 6.374999880790710449e-01
7.124999761581420898e-01 6.499999761581420898e-01
7.124999761581420898e-01 6.625000238418579102e-01
7.124999761581420898e-01 6.750000119209289551e-01
7.124999761581420898e-01 6.875000000000000000e-01
7.124999761581420898e-01 6.999999880790710449e-01
7.124999761581420898e-01 7.124999761581420898e-01
7.124999761581420898e-01 7.250000238418579102e-01
7.124999761581420898e-01 7.375000119209289551e-01
7.124999761581420898e-01 7.500000000000000000e-01
7.124999761581420898e-01 7.624999880790710449e-01
7.124999761581420898e-01 7.749999761581420898e-01
7.124999761581420898e-01 7.875000238418579102e-01
7.124999761581420898e-01 8.000000119209289551e-01
7.124999761581420898e-01 8.125000000000000000e-01
7.124999761581420898e-01 8.249999880790710449e-01
7.124999761581420898e-01 8.374999761581420898e-01
7.124999761581420898e-01 8.500000238418579102e-01
7.124999761581420898e-01 8.625000119209289551e-01
7.124999761581420898e-01 8.750000000000000000e-01
7.124999761581420898e-01 8.874999880790710449e-01
7.124999761581420898e-01 8.999999761581420898e-01
7.124999761581420898e-01 9.125000238418579102e-01
7.124999761581420898e-01 9.250000119209289551e-01
7.124999761581420898e-01 9.375000000000000000e-01
7.124999761581420898e-01 9.499999880790710449e-01
7.124999761581420898e-01 9.624999761581420898e-01
7.124999761581420898e-01 9.750000238418579102e-01
7.124999761581420898e-01 9.875000119209289551e-01
7.124999761581420898e-01 1.000000000000000000e+00
7.250000238418579102e-01 0.000000000000000000e+00
7.250000238418579102e-01 1.250000018626451492e-02
7.250000238418579102e-01 2.500000037252902985e-02
7.250000238418579102e-01 3.750000149011611938e-02
7.250000238418579102e-01 5.000000074505805969e-02
7.250000238418579102e-01 6.250000000000000000e-02
7.250000238418579102e-01 7.500000298023223877e-02
7.250000238418579102e-01 8.749999850988388062e-02
7.250000238418579102e-01 1.000000014901161194e-01
7.250000238418579102e-01 1.124999970197677612e-01
7.250000238418579102e-01 1.250000000000000000e-01
7.250000238418579102e-01 1.375000029802322388e-01
7.250000238418579102e-01 1.500000059604644775e-01
7.250000238418579102e-01 1.624999940395355225e-01
7.250000238418579102e-01 1.749999970197677612e-01
7.250000238418579102e-01 1.875000000000000000e-01
7.250000238418579102e-01 2.000000029802322388e-01
7.250000238418579102e-01 2.125000059604644775e-01
7.250000238418579102e-01 2.249999940395355225e-01
7.250000238418579102e-01 2.374999970197677612e-01
7.250000238418579102e-01 2.500000000000000000e-01
7.250000238418579102e-01 2.624999880790710449e-01
7.250000238418579102e-01 2.750000059604644775e-01
7.250000238418579102e-01 2.874999940395355225e-01
7.250000238418579102e-01 3.000000119209289551e-01
7.250000238418579102e-01 3.125000000000000000e-01
7.250000238418579102e-01 3.249999880790710449e-01
7.250000238418579102e-01 3.375000059604644775e-01
7.250000238418579102e-01 3.499999940395355225e-01
7.250000238418579102e-01 3.625000119209289551e-01
7.250000238418579102e-01 3.750000000000000000e-01
7.250000238418579102e-01 3.874999880790710449e-01
7.250000238418579102e-01 4.000000059604644775e-01
7.250000238418579102e-01 4.124999940395355225e-01
7.250000238418579102e-01 4.250000119209289551e-01
7.250000238418579102e-01 4.375000000000000000e-01
7.250000238418579102e-01 4.499999880790710449e-01
7.250000238418579102e-01 4.625000059604644775e-01
7.250000238418579102e-01 4.749999940395355225e-01
7.250000238418579102e-01 4.875000119209289551e-01
7.250000238418579102e-01 5.000000000000000000e-01
7.250000238418579102e-01 5.124999880790710449e-01
7.250000238418579102e-01 5.249999761581420898e-01
7.250000238418579102e-01 5.375000238418579102e-01
7.250000238418579102e-01 5.500000119209289551e-01
7.250000238418579102e-01 5.625000000000000000e-01
7.250000238418579102e-01 5.749999880790710449e-01
7.250000238418579102e-01 5.874999761581420898e-01
7.250000238418579102e-01 6.000000238418579102e-01
7.250000238418579102e-01 6.125000119209289551e-01
7.250000238418579102e-01 6.250000000000000000e-01
7.250000238418579102e-01 6.374999880790710449e-01
7.250000238418579102e-01 6.499999761581420898e-01
7.250000238418579102e-01 6.625000238418579102e-01
7.250000238418579102e-01 6.750000119209289551e-01
7.250000238418579102e-01 6.875000000000000000e-01
7.250000238418579102e-01 6.999999880790710449e-01
7.250000238418579102e-01 7.124999761581420898e-01
7.250000238418579102e-01 7.250000238418579102e-01
7.250000238418579102e-01 7.375000119209289551e-01
7.250000238418579102e-01 7.500000000000000000e-01
7.250000238418579102e-01 7.624999880790710449e-01
7.250000238418579102e-01 7.749999761581420898e-01
7.250000238418579102e-01 7.875000238418579102e-01
7.250000238418579102e-01 8.000000119209289551e-01
7.250000238418579102e-01 8.125000000000000000e-01
7.250000238418579102e-01 8.249999880790710449e-01
7.250000238418579102e-01 8.374999761581420898e-01
7.250000238418579102e-01 8.500000238418579102e-01
7.250000238418579102e-01 8.625000119209289551e-01
7.250000238418579102e-01 8.750000000000000000e-01
7.250000238418579102e-01 8.874999880790710449e-01
7.250000238418579102e-01 8.999999761581420898e-01
7.250000238418579102e-01 9.125000238418579102e-01
7.250000238418579102e-01 9.250000119209289551e-01
7.250000238418579102e-01 9.375000000000000000e-01
7.250000238418579102e-01 9.499999880790710449e-01
7.250000238418579102e-01 9.624999761581420898e-01
7.250000238418579102e-01 9.750000238418579102e-01
7.250000238418579102e-01 9.875000119209289551e-01
7.250000238418579102e-01 1.000000000000000000e+00
7.375000119209289551e-01 0.000000000000000000e+00
7.375000119209289551e-01 1.250000018626451492e-02
7.375000119209289551e-01 2.500000037252902985e-02
7.375000119209289551e-01 3.750000149011611938e-02
7.375000119209289551e-01 5.000000074505805969e-02
7.375000119209289551e-01 6.250000000000000000e-02
7.375000119209289551e-01 7.500000298023223877e-02
7.375000119209289551e-01 8.749999850988388062e-02
7.375000119209289551e-01 1.000000014901161194e-01
7.375000119209289551e-01 1.124999970197677612e-01
7.375000119209289551e-01 1.250000000000000000e-01
7.375000119209289551e-01 1.375000029802322388e-01
7.375000119209289551e-01 1.500000059604644775e-01
7.375000119209289551e-01 1.624999940395355225e-01
7.375000119209289551e-01 1.749999970197677612e-01
7.375000119209289551e-01 1.875000000000000000e-01
7.375000119209289551e-01 2.000000029802322388e-01
7.375000119209289551e-01 2.125000059604644775e-01
7.375000119209289551e-01 2.249999940395355225e-01
7.375000119209289551e-01 2.374999970197677612e-01
7.375000119209289551e-01 2.500000000000000000e-01
7.375000119209289551e-01 2.624999880790710449e-01
7.375000119209289551e-01 2.750000059604644775e-01
7.375000119209289551e-01 2.874999940395355225e-01
7.375000119209289551e-01 3.000000119209289551e-01
7.375000119209289551e-01 3.125000000000000000e-01
7.375000119209289551e-01 3.249999880790710449e-01
7.375000119209289551e-01 3.375000059604644775e-01
7.375000119209289551e-01 3.499999940395355225e-01
7.375000119209289551e-01 3.625000119209289551e-01
7.375000119209289551e-01 3.750000000000000000e-01
7.375000119209289551e-01 3.874999880790710449e-01
7.375000119209289551e-01 4.000000059604644775e-01
7.375000119209289551e-01 4.124999940395355225e-01
7.375000119209289551e-01 4.250000119209289551e-01
7.375000119209289551e-01 4.375000000000000000e-01
7.375000119209289551e-01 4.499999880790710449e-01
7.375000119209289551e-01 4.625000059604644775e-01
7.375000119209289551e-01 4.749999940395355225e-01
7.375000119209289551e-01 4.875000119209289551e-01
7.375000119209289551e-01 5.000000000000000000e-01
7.375000119209289551e-01 5.124999880790710449e-01
7.375000119209289551e-01 5.249999761581420898e-01
7.375000119209289551e-01 5.375000238418579102e-01
7.375000119209289551e-01 5.500000119209289551e-01
7.375000119209289551e-01 5.625000000000000000e-01
7.375000119209289551e-01 5.749999880790710449e-01
7.375000119209289551e-01 5.874999761581420898e-01
7.375000119209289551e-01 6.000000238418579102e-01
7.375000119209289551e-01 6.125000119209289551e-01
7.375000119209289551e-01 6.250000000000000000e-01
7.375000119209289551e-01 6.374999880790710449e-01
7.375000119209289551e-01 6.499999761581420898e-01
7.375000119209289551e-01 6.625000238418579102e-01
7.375000119209289551e-01 6.750000119209289551e-01
7.375000119209289551e-01 6.875000000000000000e-01
7.375000119209289551e-01 6.999999880790710449e-01
7.375000119209289551e-01 7.124999761581420898e-01
7.375000119209289551e-01 7.250000238418579102e-01
7.375000119209289551e-01 7.375000119209289551e-01
7.375000119209289551e-01 7.500000000000000000e-01
7.375000119209289551e-01 7.624999880790710449e-01
7.375000119209289551e-01 7.749999761581420898e-01
7.375000119209289551e-01 7.875000238418579102e-01
7.375000119209289551e-01 8.000000119209289551e-01
7.375000119209289551e-01 8.125000000000000000e-01
7.375000119209289551e-01 8.249999880790710449e-01
7.375000119209289551e-01 8.374999761581420898e-01
7.375000119209289551e-01 8.500000238418579102e-01
7.375000119209289551e-01 8.625000119209289551e-01
7.375000119209289551e-01 8.750000000000000000e-01
7.375000119209289551e-01 8.874999880790710449e-01
7.375000119209289551e-01 8.999999761581420898e-01
7.375000119209289551e-01 9.125000238418579102e-01
7.375000119209289551e-01 9.250000119209289551e-01
7.375000119209289551e-01 9.375000000000000000e-01
7.375000119209289551e-01 9.499999880790710449e-01
7.375000119209289551e-01 9.624999761581420898e-01
7.375000119209289551e-01 9.750000238418579102e-01
7.375000119209289551e-01 9.875000119209289551e-01
7.375000119209289551e-01 1.000000000000000000e+00
7.500000000000000000e-01 0.000000000000000000e+00
7.500000000000000000e-01 1.250000018626451492e-02
7.500000000000000000e-01 2.500000037252902985e-02
7.500000000000000000e-01 3.750000149011611938e-02
7.500000000000000000e-01 5.000000074505805969e-02
7.500000000000000000e-01 6.250000000000000000e-02
7.500000000000000000e-01 7.500000298023223877e-02
7.500000000000000000e-01 8.749999850988388062e-02
7.500000000000000000e-01 1.000000014901161194e-01
7.500000000000000000e-01 1.124999970197677612e-01
7.500000000000000000e-01 1.250000000000000000e-01
7.500000000000000000e-01 1.375000029802322388e-01
7.500000000000000000e-01 1.500000059604644775e-01
7.500000000000000000e-01 1.624999940395355225e-01
7.500000000000000000e-01 1.749999970197677612e-01
7.500000000000000000e-01 1.875000000000000000e-01
7.500000000000000000e-01 2.000000029802322388e-01
7.500000000000000000e-01 2.125000059604644775e-01
7.500000000000000000e-01 2.249999940395355225e-01
7.500000000000000000e-01 2.374999970197677612e-01
7.500000000000000000e-01 2.500000000000000000e-01
7.500000000000000000e-01 2.624999880790710449e-01
7.500000000000000000e-01 2.750000059604644775e-01
7.500000000000000000e-01 2.874999940395355225e-01
7.500000000000000000e-01 3.000000119209289551e-01
7.500000000000000000e-01 3.125000000000000000e-01
7.500000000000000000e-01 3.249999880790710449e-01
7.500000000000000000e-01 3.375000059604644775e-01
7.500000000000000000e-01 3.499999940395355225e-01
7.500000000000000000e-01 3.625000119209289551e-01
7.500000000000000000e-01 3.750000000000000000e-01
7.500000000000000000e-01 3.874999880790710449e-01
7.500000000000000000e-01 4.000000059604644775e-01
7.500000000000000000e-01 4.124999940395355225e-01
7.500000000000000000e-01 4.250000119209289551e-01
7.500000000000000000e-01 4.375000000000000000e-01
7.500000000000000000e-01 4.499999880790710449e-01
7.500000000000000000e-01 4.625000059604644775e-01
7.500000000000000000e-01 4.749999940395355225e-01
7.500000000000000000e-01 4.875000119209289551e-01
7.500000000000000000e-01 5.000000000000000000e-01
7.500000000000000000e-01 5.124999880790710449e-01
7.500000000000000000e-01 5.249999761581420898e-01
7.500000000000000000e-01 5.375000238418579102e-01
7.500000000000000000e-01 5.500000119209289551e-01
7.500000000000000000e-01 5.625000000000000000e-01
7.500000000000000000e-01 5.749999880790710449e-01
7.500000000000000000e-01 5.874999761581420898e-01
7.500000000000000000e-01 6.000000238418579102e-01
7.500000000000000000e-01 6.125000119209289551e-01
7.500000000000000000e-01 6.250000000000000000e-01
7.500000000000000000e-01 6.374999880790710449e-01
7.500000000000000000e-01 6.499999761581420898e-01
7.500000000000000000e-01 6.625000238418579102e-01
7.500000000000000000e-01 6.750000119209289551e-01
7.500000000000000000e-01 6.875000000000000000e-01
7.500000000000000000e-01 6.999999880790710449e-01
7.500000000000000000e-01 7.124999761581420898e-01
7.500000000000000000e-01 7.250000238418579102e-01
7.500000000000000000e-01 7.375000119209289551e-01
7.500000000000000000e-01 7.500000000000000000e-01
7.500000000000000000e-01 7.624999880790710449e-01
7.500000000000000000e-01 7.749999761581420898e-01
7.500000000000000000e-01 7.875000238418579102e-01
7.500000000000000000e-01 8.000000119209289551e-01
7.500000000000000000e-01 8.125000000000000000e-01
7.500000000000000000e-01 8.249999880790710449e-01
7.500000000000000000e-01 8.374999761581420898e-01
7.500000000000000000e-01 8.500000238418579102e-01
7.500000000000000000e-01 8.625000119209289551e-01
7.500000000000000000e-01 8.750000000000000000e-01
7.500000000000000000e-01 8.874999880790710449e-01
7.500000000000000000e-01 8.999999761581420898e-01
7.500000000000000000e-01 9.125000238418579102e-01
7.500000000000000000e-01 9.250000119209289551e-01
7.500000000000000000e-01 9.375000000000000000e-01
7.500000000000000000e-01 9.499999880790710449e-01
7.500000000000000000e-01 9.624999761581420898e-01
7.500000000000000000e-01 9.750000238418579102e-01
7.500000000000000000e-01 9.875000119209289551e-01
7.500000000000000000e-01 1.000000000000000000e+00
7.624999880790710449e-01 0.000000000000000000e+00
7.624999880790710449e-01 1.250000018626451492e-02
7.624999880790710449e-01 2.500000037252902985e-02
7.624999880790710449e-01 3.750000149011611938e-02
7.624999880790710449e-01 5.000000074505805969e-02
7.624999880790710449e-01 6.250000000000000000e-02
7.624999880790710449e-01 7.500000298023223877e-02
7.624999880790710449e-01 8.749999850988388062e-02
7.624999880790710449e-01 1.000000014901161194e-01
7.624999880790710449e-01 1.124999970197677612e-01
7.624999880790710449e-01 1.250000000000000000e-01
7.624999880790710449e-01 1.375000029802322388e-01
7.624999880790710449e-01 1.500000059604644775e-01
7.624999880790710449e-01 1.624999940395355225e-01
7.624999880790710449e-01 1.749999970197677612e-01
7.624999880790710449e-01 1.875000000000000000e-01
7.624999880790710449e-01 2.000000029802322388e-01
7.624999880790710449e-01 2.125000059604644775e-01
7.624999880790710449e-01 2.249999940395355225e-01
7.624999880790710449e-01 2.374999970197677612e-01
7.624999880790710449e-01 2.500000000000000000e-01
7.624999880790710449e-01 2.624999880790710449e-01
7.624999880790710449e-01 2.750000059604644775e-01
7.624999880790710449e-01 2.874999940395355225e-01
7.624999880790710449e-01 3.000000119209289551e-01
7.624999880790710449e-01 3.125000000000000000e-01
7.624999880790710449e-01 3.249999880790710449e-01
7.624999880790710449e-01 3.375000059604644775e-01
7.624999880790710449e-01 3.499999940395355225e-01
7.624999880790710449e-01 3.625000119209289551e-01
7.624999880790710449e-01 3.750000000000000000e-01
7.624999880790710449e-01 3.874999880790710449e-01
7.624999880790710449e-01 4.000000059604644775e-01
7.624999880790710449e-01 4.124999940395355225e-01
7.624999880790710449e-01 4.250000119209289551e-01
7.624999880790710449e-01 4.375000000000000000e-01
7.624999880790710449e-01 4.499999880790710449e-01
7.624999880790710449e-01 4.625000059604644775e-01
7.624999880790710449e-01 4.749999940395355225e-01
7.624999880790710449e-01 4.875000119209289551e-01
7.624999880790710449e-01 5.000000000000000000e-01
7.624999880790710449e-01 5.124999880790710449e-01
7.624999880790710449e-01 5.249999761581420898e-01
7.624999880790710449e-01 5.375000238418579102e-01
7.624999880790710449e-01 5.500000119209289551e-01
7.624999880790710449e-01 5.625000000000000000e-01
7.624999880790710449e-01 5.749999880790710449e-01
7.624999880790710449e-01 5.874999761581420898e-01
7.624999880790710449e-01 6.000000238418579102e-01
7.624999880790710449e-01 6.125000119209289551e-01
7.624999880790710449e-01 6.250000000000000000e-01
7.624999880790710449e-01 6.374999880790710449e-01
7.624999880790710449e-01 6.499999761581420898e-01
7.624999880790710449e-01 6.625000238418579102e-01
7.624999880790710449e-01 6.750000119209289551e-01
7.624999880790710449e-01 6.875000000000000000e-01
7.624999880790710449e-01 6.999999880790710449e-01
7.624999880790710449e-01 7.124999761581420898e-01
7.624999880790710449e-01 7.250000238418579102e-01
7.624999880790710449e-01 7.375000119209289551e-01
7.624999880790710449e-01 7.500000000000000000e-01
7.624999880790710449e-01 7.624999880790710449e-01
7.624999880790710449e-01 7.749999761581420898e-01
7.624999880790710449e-01 7.875000238418579102e-01
7.624999880790710449e-01 8.000000119209289551e-01
7.624999880790710449e-01 8.125000000000000000e-01
7.624999880790710449e-01 8.249999880790710449e-01
7.624999880790710449e-01 8.374999761581420898e-01
7.624999880790710449e-01 8.500000238418579102e-01
7.624999880790710449e-01 8.625000119209289551e-01
7.624999880790710449e-01 8.750000000000000000e-01
7.624999880790710449e-01 8.874999880790710449e-01
7.624999880790710449e-01 8.999999761581420898e-01
7.624999880790710449e-01 9.125000238418579102e-01
7.624999880790710449e-01 9.250000119209289551e-01
7.624999880790710449e-01 9.375000000000000000e-01
7.624999880790710449e-01 9.499999880790710449e-01
7.624999880790710449e-01 9.624999761581420898e-01
7.624999880790710449e-01 9.750000238418579102e-01
7.624999880790710449e-01 9.875000119209289551e-01
7.624999880790710449e-01 1.000000000000000000e+00
7.749999761581420898e-01 0.000000000000000000e+00
7.749999761581420898e-01 1.250000018626451492e-02
7.749999761581420898e-01 2.500000037252902985e-02
7.749999761581420898e-01 3.750000149011611938e-02
7.749999761581420898e-01 5.000000074505805969e-02
7.749999761581420898e-01 6.250000000000000000e-02
7.749999761581420898e-01 7.500000298023223877e-02
7.749999761581420898e-01 8.749999850988388062e-02
7.749999761581420898e-01 1.000000014901161194e-01
7.749999761581420898e-01 1.124999970197677612e-01
7.749999761581420898e-01 1.250000000000000000e-01
7.749999761581420898e-01 1.375000029802322388e-01
7.749999761581420898e-01 1.500000059604644775e-01
7.749999761581420898e-01 1.624999940395355225e-01
7.749999761581420898e-01 1.749999970197677612e-01
7.749999761581420898e-01 1.875000000000000000e-01
7.749999761581420898e-01 2.000000029802322388e-01
7.749999761581420898e-01 2.125000059604644775e-01
7.749999761581420898e-01 2.249999940395355225e-01
7.749999761581420898e-01 2.374999970197677612e-01
7.749999761581420898e-01 2.500000000000000000e-01
7.749999761581420898e-01 2.624999880790710449e-01
7.749999761581420898e-01 2.750000059604644775e-01
7.749999761581420898e-01 2.874999940395355225e-01
7.749999761581420898e-01 3.000000119209289551e-01
7.749999761581420898e-01 3.125000000000000000e-01
7.749999761581420898e-01 3.249999880790710449e-01
7.749999761581420898e-01 3.375000059604644775e-01
7.749999761581420898e-01 3.499999940395355225e-01
7.749999761581420898e-01 3.625000119209289551e-01
7.749999761581420898e-01 3.750000000000000000e-01
7.749999761581420898e-01 3.874999880790710449e-01
7.749999761581420898e-01 4.000000059604644775e-01
7.749999761581420898e-01 4.124999940395355225e-01
7.749999761581420898e-01 4.250000119209289551e-01
7.749999761581420898e-01 4.375000000000000000e-01
7.749999761581420898e-01 4.499999880790710449e-01
7.749999761581420898e-01 4.625000059604644775e-01
7.749999761581420898e-01 4.749999940395355225e-01
7.749999761581420898e-01 4.875000119209289551e-01
7.749999761581420898e-01 5.000000000000000000e-01
7.749999761581420898e-01 5.124999880790710449e-01
7.749999761581420898e-01 5.249999761581420898e-01
7.749999761581420898e-01 5.375000238418579102e-01
7.749999761581420898e-01 5.500000119209289551e-01
7.749999761581420898e-01 5.625000000000000000e-01
7.749999761581420898e-01 5.749999880790710449e-01
7.749999761581420898e-01 5.874999761581420898e-01
7.749999761581420898e-01 6.000000238418579102e-01
7.749999761581420898e-01 6.125000119209289551e-01
7.749999761581420898e-01 6.250000000000000000e-01
7.749999761581420898e-01 6.374999880790710449e-01
7.749999761581420898e-01 6.499999761581420898e-01
7.749999761581420898e-01 6.625000238418579102e-01
7.749999761581420898e-01 6.750000119209289551e-01
7.749999761581420898e-01 6.875000000000000000e-01
7.749999761581420898e-01 6.999999880790710449e-01
7.749999761581420898e-01 7.124999761581420898e-01
7.749999761581420898e-01 7.250000238418579102e-01
7.749999761581420898e-01 7.375000119209289551e-01
7.749999761581420898e-01 7.500000000000000000e-01
7.749999761581420898e-01 7.624999880790710449e-01
7.749999761581420898e-01 7.749999761581420898e-01
7.749999761581420898e-01 7.875000238418579102e-01
7.749999761581420898e-01 8.000000119209289551e-01
7.749999761581420898e-01 8.125000000000000000e-01
7.749999761581420898e-01 8.249999880790710449e-01
7.749999761581420898e-01 8.374999761581420898e-01
7.749999761581420898e-01 8.500000238418579102e-01
7.749999761581420898e-01 8.625000119209289551e-01
7.749999761581420898e-01 8.750000000000000000e-01
7.749999761581420898e-01 8.874999880790710449e-01
7.749999761581420898e-01 8.999999761581420898e-01
7.749999761581420898e-01 9.125000238418579102e-01
7.749999761581420898e-01 9.250000119209289551e-01
7.749999761581420898e-01 9.375000000000000000e-01
7.749999761581420898e-01 9.499999880790710449e-01
7.749999761581420898e-01 9.624999761581420898e-01
7.749999761581420898e-01 9.750000238418579102e-01
7.749999761581420898e-01 9.875000119209289551e-01
7.749999761581420898e-01 1.000000000000000000e+00
7.875000238418579102e-01 0.000000000000000000e+00
7.875000238418579102e-01 1.250000018626451492e-02
7.875000238418579102e-01 2.500000037252902985e-02
7.875000238418579102e-01 3.750000149011611938e-02
7.875000238418579102e-01 5.000000074505805969e-02
7.875000238418579102e-01 6.250000000000000000e-02
7.875000238418579102e-01 7.500000298023223877e-02
7.875000238418579102e-01 8.749999850988388062e-02
7.875000238418579102e-01 1.000000014901161194e-01
7.875000238418579102e-01 1.124999970197677612e-01
7.875000238418579102e-01 1.250000000000000000e-01
7.875000238418579102e-01 1.375000029802322388e-01
7.875000238418579102e-01 1.500000059604644775e-01
7.875000238418579102e-01 1.624999940395355225e-01
7.875000238418579102e-01 1.749999970197677612e-01
7.875000238418579102e-01 1.875000000000000000e-01
7.875000238418579102e-01 2.000000029802322388e-01
7.875000238418579102e-01 2.125000059604644775e-01
7.875000238418579102e-01 2.249999940395355225e-01
7.875000238418579102e-01 2.374999970197677612e-01
7.875000238418579102e-01 2.500000000000000000e-01
7.875000238418579102e-01 2.624999880790710449e-01
7.875000238418579102e-01 2.750000059604644775e-01
7.875000238418579102e-01 2.874999940395355225e-01
7.875000238418579102e-01 3.000000119209289551e-01
7.875000238418579102e-01 3.125000000000000000e-01
7.875000238418579102e-01 3.249999880790710449e-01
7.875000238418579102e-01 3.375000059604644775e-01
7.875000238418579102e-01 3.499999940395355225e-01
7.875000238418579102e-01 3.625000119209289551e-01
7.875000238418579102e-01 3.750000000000000000e-01
7.875000238418579102e-01 3.874999880790710449e-01
7.875000238418579102e-01 4.000000059604644775e-01
7.875000238418579102e-01 4.124999940395355225e-01
7.875000238418579102e-01 4.250000119209289551e-01
7.875000238418579102e-01 4.375000000000000000e-01
7.875000238418579102e-01 4.499999880790710449e-01
7.875000238418579102e-01 4.625000059604644775e-01
7.875000238418579102e-01 4.749999940395355225e-01
7.875000238418579102e-01 4.875000119209289551e-01
7.875000238418579102e-01 5.000000000000000000e-01
7.875000238418579102e-01 5.124999880790710449e-01
7.875000238418579102e-01 5.249999761581420898e-01
7.875000238418579102e-01 5.375000238418579102e-01
7.875000238418579102e-01 5.500000119209289551e-01
7.875000238418579102e-01 5.625000000000000000e-01
7.875000238418579102e-01 5.749999880790710449e-01
7.875000238418579102e-01 5.874999761581420898e-01
7.875000238418579102e-01 6.000000238418579102e-01
7.875000238418579102e-01 6.125000119209289551e-01
7.875000238418579102e-01 6.250000000000000000e-01
7.875000238418579102e-01 6.374999880790710449e-01
7.875000238418579102e-01 6.499999761581420898e-01
7.875000238418579102e-01 6.625000238418579102e-01
7.875000238418579102e-01 6.750000119209289551e-01
7.875000238418579102e-01 6.875000000000000000e-01
7.875000238418579102e-01 6.999999880790710449e-01
7.875000238418579102e-01 7.124999761581420898e-01
7.875000238418579102e-01 7.250000238418579102e-01
7.875000238418579102e-01 7.375000119209289551e-01
7.875000238418579102e-01 7.500000000000000000e-01
7.875000238418579102e-01 7.624999880790710449e-01
7.875000238418579102e-01 7.749999761581420898e-01
7.875000238418579102e-01 7.875000238418579102e-01
7.875000238418579102e-01 8.000000119209289551e-01
7.875000238418579102e-01 8.125000000000000000e-01
7.875000238418579102e-01 8.249999880790710449e-01
7.875000238418579102e-01 8.374999761581420898e-01
7.875000238418579102e-01 8.500000238418579102e-01
7.875000238418579102e-01 8.625000119209289551e-01
7.875000238418579102e-01 8.750000000000000000e-01
7.875000238418579102e-01 8.874999880790710449e-01
7.875000238418579102e-01 8.999999761581420898e-01
7.875000238418579102e-01 9.125000238418579102e-01
7.875000238418579102e-01 9.250000119209289551e-01
7.875000238418579102e-01 9.375000000000000000e-01
7.875000238418579102e-01 9.499999880790710449e-01
7.875000238418579102e-01 9.624999761581420898e-01
7.875000238418579102e-01 9.750000238418579102e-01
7.875000238418579102e-01 9.875000119209289551e-01
7.875000238418579102e-01 1.000000000000000000e+00
8.000000119209289551e-01 0.000000000000000000e+00
8.000000119209289551e-01 1.250000018626451492e-02
8.000000119209289551e-01 2.500000037252902985e-02
8.000000119209289551e-01 3.750000149011611938e-02
8.000000119209289551e-01 5.000000074505805969e-02
8.000000119209289551e-01 6.250000000000000000e-02
8.000000119209289551e-01 7.500000298023223877e-02
8.000000119209289551e-01 8.749999850988388062e-02
8.000000119209289551e-01 1.000000014901161194e-01
8.000000119209289551e-01 1.124999970197677612e-01
8.000000119209289551e-01 1.250000000000000000e-01
8.000000119209289551e-01 1.375000029802322388e-01
8.000000119209289551e-01 1.500000059604644775e-01
8.000000119209289551e-01 1.624999940395355225e-01
8.000000119209289551e-01 1.749999970197677612e-01
8.000000119209289551e-01 1.875000000000000000e-01
8.000000119209289551e-01 2.000000029802322388e-01
8.000000119209289551e-01 2.125000059604644775e-01
8.000000119209289551e-01 2.249999940395355225e-01
8.000000119209289551e-01 2.374999970197677612e-01
8.000000119209289551e-01 2.500000000000000000e-01
8.000000119209289551e-01 2.624999880790710449e-01
8.000000119209289551e-01 2.750000059604644775e-01
8.000000119209289551e-01 2.874999940395355225e-01
8.000000119209289551e-01 3.000000119209289551e-01
8.000000119209289551e-01 3.125000000000000000e-01
8.000000119209289551e-01 3.249999880790710449e-01
8.000000119209289551e-01 3.375000059604644775e-01
8.000000119209289551e-01 3.499999940395355225e-01
8.000000119209289551e-01 3.625000119209289551e-01
8.000000119209289551e-01 3.750000000000000000e-01
8.000000119209289551e-01 3.874999880790710449e-01
8.000000119209289551e-01 4.000000059604644775e-01
8.000000119209289551e-01 4.124999940395355225e-01
8.000000119209289551e-01 4.250000119209289551e-01
8.000000119209289551e-01 4.375000000000000000e-01
8.000000119209289551e-01 4.499999880790710449e-01
8.000000119209289551e-01 4.625000059604644775e-01
8.000000119209289551e-01 4.749999940395355225e-01
8.000000119209289551e-01 4.875000119209289551e-01
8.000000119209289551e-01 5.000000000000000000e-01
8.000000119209289551e-01 5.124999880790710449e-01
8.000000119209289551e-01 5.249999761581420898e-01
8.000000119209289551e-01 5.375000238418579102e-01
8.000000119209289551e-01 5.500000119209289551e-01
8.000000119209289551e-01 5.625000000000000000e-01
8.000000119209289551e-01 5.749999880790710449e-01
8.000000119209289551e-01 5.874999761581420898e-01
8.000000119209289551e-01 6.000000238418579102e-01
8.000000119209289551e-01 6.125000119209289551e-01
8.000000119209289551e-01 6.250000000000000000e-01
8.000000119209289551e-01 6.374999880790710449e-01
8.000000119209289551e-01 6.499999761581420898e-01
8.000000119209289551e-01 6.625000238418579102e-01
8.000000119209289551e-01 6.750000119209289551e-01
8.000000119209289551e-01 6.875000000000000000e-01
8.000000119209289551e-01 6.999999880790710449e-01
8.000000119209289551e-01 7.124999761581420898e-01
8.000000119209289551e-01 7.250000238418579102e-01
8.000000119209289551e-01 7.375000119209289551e-01
8.000000119209289551e-01 7.500000000000000000e-01
8.000000119209289551e-01 7.624999880790710449e-01
8.000000119209289551e-01 7.749999761581420898e-01
8.000000119209289551e-01 7.875000238418579102e-01
8.000000119209289551e-01 8.000000119209289551e-01
8.000000119209289551e-01 8.125000000000000000e-01
8.000000119209289551e-01 8.249999880790710449e-01
8.000000119209289551e-01 8.374999761581420898e-01
8.000000119209289551e-01 8.500000238418579102e-01
8.000000119209289551e-01 8.625000119209289551e-01
8.000000119209289551e-01 8.750000000000000000e-01
8.000000119209289551e-01 8.874999880790710449e-01
8.000000119209289551e-01 8.999999761581420898e-01
8.000000119209289551e-01 9.125000238418579102e-01
8.000000119209289551e-01 9.250000119209289551e-01
8.000000119209289551e-01 9.375000000000000000e-01
8.000000119209289551e-01 9.499999880790710449e-01
8.000000119209289551e-01 9.624999761581420898e-01
8.000000119209289551e-01 9.750000238418579102e-01
8.000000119209289551e-01 9.875000119209289551e-01
8.000000119209289551e-01 1.000000000000000000e+00
8.125000000000000000e-01 0.000000000000000000e+00
8.125000000000000000e-01 1.250000018626451492e-02
8.125000000000000000e-01 2.500000037252902985e-02
8.125000000000000000e-01 3.750000149011611938e-02
8.125000000000000000e-01 5.000000074505805969e-02
8.125000000000000000e-01 6.250000000000000000e-02
8.125000000000000000e-01 7.500000298023223877e-02
8.125000000000000000e-01 8.749999850988388062e-02
8.125000000000000000e-01 1.000000014901161194e-01
8.125000000000000000e-01 1.124999970197677612e-01
8.125000000000000000e-01 1.250000000000000000e-01
8.125000000000000000e-01 1.375000029802322388e-01
8.125000000000000000e-01 1.500000059604644775e-01
8.125000000000000000e-01 1.624999940395355225e-01
8.125000000000000000e-01 1.749999970197677612e-01
8.125000000000000000e-01 1.875000000000000000e-01
8.125000000000000000e-01 2.000000029802322388e-01
8.125000000000000000e-01 2.125000059604644775e-01
8.125000000000000000e-01 2.249999940395355225e-01
8.125000000000000000e-01 2.374999970197677612e-01
8.125000000000000000e-01 2.500000000000000000e-01
8.125000000000000000e-01 2.624999880790710449e-01
8.125000000000000000e-01 2.750000059604644775e-01
8.125000000000000000e-01 2.874999940395355225e-01
8.125000000000000000e-01 3.000000119209289551e-01
8.125000000000000000e-01 3.125000000000000000e-01
8.125000000000000000e-01 3.249999880790710449e-01
8.125000000000000000e-01 3.375000059604644775e-01
8.125000000000000000e-01 3.499999940395355225e-01
8.125000000000000000e-01 3.625000119209289551e-01
8.125000000000000000e-01 3.750000000000000000e-01
8.125000000000000000e-01 3.874999880790710449e-01
8.125000000000000000e-01 4.000000059604644775e-01
8.125000000000000000e-01 4.124999940395355225e-01
8.125000000000000000e-01 4.250000119209289551e-01
8.125000000000000000e-01 4.375000000000000000e-01
8.125000000000000000e-01 4.499999880790710449e-01
8.125000000000000000e-01 4.625000059604644775e-01
8.125000000000000000e-01 4.749999940395355225e-01
8.125000000000000000e-01 4.875000119209289551e-01
8.125000000000000000e-01 5.000000000000000000e-01
8.125000000000000000e-01 5.124999880790710449e-01
8.125000000000000000e-01 5.249999761581420898e-01
8.125000000000000000e-01 5.375000238418579102e-01
8.125000000000000000e-01 5.500000119209289551e-01
8.125000000000000000e-01 5.625000000000000000e-01
8.125000000000000000e-01 5.749999880790710449e-01
8.125000000000000000e-01 5.874999761581420898e-01
8.125000000000000000e-01 6.000000238418579102e-01
8.125000000000000000e-01 6.125000119209289551e-01
8.125000000000000000e-01 6.250000000000000000e-01
8.125000000000000000e-01 6.374999880790710449e-01
8.125000000000000000e-01 6.499999761581420898e-01
8.125000000000000000e-01 6.625000238418579102e-01
8.125000000000000000e-01 6.750000119209289551e-01
8.125000000000000000e-01 6.875000000000000000e-01
8.125000000000000000e-01 6.999999880790710449e-01
8.125000000000000000e-01 7.124999761581420898e-01
8.125000000000000000e-01 7.250000238418579102e-01
8.125000000000000000e-01 7.375000119209289551e-01
8.125000000000000000e-01 7.500000000000000000e-01
8.125000000000000000e-01 7.624999880790710449e-01
8.125000000000000000e-01 7.749999761581420898e-01
8.125000000000000000e-01 7.875000238418579102e-01
8.125000000000000000e-01 8.000000119209289551e-01
8.125000000000000000e-01 8.125000000000000000e-01
8.125000000000000000e-01 8.249999880790710449e-01
8.125000000000000000e-01 8.374999761581420898e-01
8.125000000000000000e-01 8.500000238418579102e-01
8.125000000000000000e-01 8.625000119209289551e-01
8.125000000000000000e-01 8.750000000000000000e-01
8.125000000000000000e-01 8.874999880790710449e-01
8.125000000000000000e-01 8.999999761581420898e-01
8.125000000000000000e-01 9.125000238418579102e-01
8.125000000000000000e-01 9.250000119209289551e-01
8.125000000000000000e-01 9.375000000000000000e-01
8.125000000000000000e-01 9.499999880790710449e-01
8.125000000000000000e-01 9.624999761581420898e-01
8.125000000000000000e-01 9.750000238418579102e-01
8.125000000000000000e-01 9.875000119209289551e-01
8.125000000000000000e-01 1.000000000000000000e+00
8.249999880790710449e-01 0.000000000000000000e+00
8.249999880790710449e-01 1.250000018626451492e-02
8.249999880790710449e-01 2.500000037252902985e-02
8.249999880790710449e-01 3.750000149011611938e-02
8.249999880790710449e-01 5.000000074505805969e-02
8.249999880790710449e-01 6.250000000000000000e-02
8.249999880790710449e-01 7.500000298023223877e-02
8.249999880790710449e-01 8.749999850988388062e-02
8.249999880790710449e-01 1.000000014901161194e-01
8.249999880790710449e-01 1.124999970197677612e-01
8.249999880790710449e-01 1.250000000000000000e-01
8.249999880790710449e-01 1.375000029802322388e-01
8.249999880790710449e-01 1.500000059604644775e-01
8.249999880790710449e-01 1.624999940395355225e-01
8.249999880790710449e-01 1.749999970197677612e-01
8.249999880790710449e-01 1.875000000000000000e-01
8.249999880790710449e-01 2.000000029802322388e-01
8.249999880790710449e-01 2.125000059604644775e-01
8.249999880790710449e-01 2.249999940395355225e-01
8.249999880790710449e-01 2.374999970197677612e-01
8.249999880790710449e-01 2.500000000000000000e-01
8.249999880790710449e-01 2.624999880790710449e-01
8.249999880790710449e-01 2.750000059604644775e-01
8.249999880790710449e-01 2.874999940395355225e-01
8.249999880790710449e-01 3.000000119209289551e-01
8.249999880790710449e-01 3.125000000000000000e-01
8.249999880790710449e-01 3.249999880790710449e-01
8.249999880790710449e-01 3.375000059604644775e-01
8.249999880790710449e-01 3.499999940395355225e-01
8.249999880790710449e-01 3.625000119209289551e-01
8.249999880790710449e-01 3.750000000000000000e-01
8.249999880790710449e-01 3.874999880790710449e-01
8.249999880790710449e-01 4.000000059604644775e-01
8.249999880790710449e-01 4.124999940395355225e-01
8.249999880790710449e-01 4.250000119209289551e-01
8.249999880790710449e-01 4.375000000000000000e-01
8.249999880790710449e-01 4.499999880790710449e-01
8.249999880790710449e-01 4.625000059604644775e-01
8.249999880790710449e-01 4.749999940395355225e-01
8.249999880790710449e-01 4.875000119209289551e-01
8.249999880790710449e-01 5.000000000000000000e-01
8.249999880790710449e-01 5.124999880790710449e-01
8.249999880790710449e-01 5.249999761581420898e-01
8.249999880790710449e-01 5.375000238418579102e-01
8.249999880790710449e-01 5.500000119209289551e-01
8.249999880790710449e-01 5.625000000000000000e-01
8.249999880790710449e-01 5.749999880790710449e-01
8.249999880790710449e-01 5.874999761581420898e-01
8.249999880790710449e-01 6.000000238418579102e-01
8.249999880790710449e-01 6.125000119209289551e-01
8.249999880790710449e-01 6.250000000000000000e-01
8.249999880790710449e-01 6.374999880790710449e-01
8.249999880790710449e-01 6.499999761581420898e-01
8.249999880790710449e-01 6.625000238418579102e-01
8.249999880790710449e-01 6.750000119209289551e-01
8.249999880790710449e-01 6.875000000000000000e-01
8.249999880790710449e-01 6.999999880790710449e-01
8.249999880790710449e-01 7.124999761581420898e-01
8.249999880790710449e-01 7.250000238418579102e-01
8.249999880790710449e-01 7.375000119209289551e-01
8.249999880790710449e-01 7.500000000000000000e-01
8.249999880790710449e-01 7.624999880790710449e-01
8.249999880790710449e-01 7.749999761581420898e-01
8.249999880790710449e-01 7.875000238418579102e-01
8.249999880790710449e-01 8.000000119209289551e-01
8.249999880790710449e-01 8.125000000000000000e-01
8.249999880790710449e-01 8.249999880790710449e-01
8.249999880790710449e-01 8.374999761581420898e-01
8.249999880790710449e-01 8.500000238418579102e-01
8.249999880790710449e-01 8.625000119209289551e-01
8.249999880790710449e-01 8.750000000000000000e-01
8.249999880790710449e-01 8.874999880790710449e-01
8.249999880790710449e-01 8.999999761581420898e-01
8.249999880790710449e-01 9.125000238418579102e-01
8.249999880790710449e-01 9.250000119209289551e-01
8.249999880790710449e-01 9.375000000000000000e-01
8.249999880790710449e-01 9.499999880790710449e-01
8.249999880790710449e-01 9.624999761581420898e-01
8.249999880790710449e-01 9.750000238418579102e-01
8.249999880790710449e-01 9.875000119209289551e-01
8.249999880790710449e-01 1.000000000000000000e+00
8.374999761581420898e-01 0.000000000000000000e+00
8.374999761581420898e-01 1.250000018626451492e-02
8.374999761581420898e-01 2.500000037252902985e-02
8.374999761581420898e-01 3.750000149011611938e-02
8.374999761581420898e-01 5.000000074505805969e-02
8.374999761581420898e-01 6.250000000000000000e-02
8.374999761581420898e-01 7.500000298023223877e-02
8.374999761581420898e-01 8.749999850988388062e-02
8.374999761581420898e-01 1.000000014901161194e-01
8.374999761581420898e-01 1.124999970197677612e-01
8.374999761581420898e-01 1.250000000000000000e-01
8.374999761581420898e-01 1.375000029802322388e-01
8.374999761581420898e-01 1.500000059604644775e-01
8.374999761581420898e-01 1.624999940395355225e-01
8.374999761581420898e-01 1.749999970197677612e-01
8.374999761581420898e-01 1.875000000000000000e-01
8.374999761581420898e-01 2.000000029802322388e-01
8.374999761581420898e-01 2.125000059604644775e-01
8.374999761581420898e-01 2.249999940395355225e-01
8.374999761581420898e-01 2.374999970197677612e-01
8.374999761581420898e-01 2.500000000000000000e-01
8.374999761581420898e-01 2.624999880790710449e-01
8.374999761581420898e-01 2.750000059604644775e-01
8.374999761581420898e-01 2.874999940395355225e-01
8.374999761581420898e-01 3.000000119209289551e-01
8.374999761581420898e-01 3.125000000000000000e-01
8.374999761581420898e-01 3.249999880790710449e-01
8.374999761581420898e-01 3.375000059604644775e-01
8.374999761581420898e-01 3.499999940395355225e-01
8.374999761581420898e-01 3.625000119209289551e-01
8.374999761581420898e-01 3.750000000000000000e-01
8.374999761581420898e-01 3.874999880790710449e-01
8.374999761581420898e-01 4.000000059604644775e-01
8.374999761581420898e-01 4.124999940395355225e-01
8.374999761581420898e-01 4.250000119209289551e-01
8.374999761581420898e-01 4.375000000000000000e-01
8.374999761581420898e-01 4.499999880790710449e-01
8.374999761581420898e-01 4.625000059604644775e-01
8.374999761581420898e-01 4.749999940395355225e-01
8.374999761581420898e-01 4.875000119209289551e-01
8.374999761581420898e-01 5.000000000000000000e-01
8.374999761581420898e-01 5.124999880790710449e-01
8.374999761581420898e-01 5.249999761581420898e-01
8.374999761581420898e-01 5.375000238418579102e-01
8.374999761581420898e-01 5.500000119209289551e-01
8.374999761581420898e-01 5.625000000000000000e-01
8.374999761581420898e-01 5.749999880790710449e-01
8.374999761581420898e-01 5.874999761581420898e-01
8.374999761581420898e-01 6.000000238418579102e-01
8.374999761581420898e-01 6.125000119209289551e-01
8.374999761581420898e-01 6.250000000000000000e-01
8.374999761581420898e-01 6.374999880790710449e-01
8.374999761581420898e-01 6.499999761581420898e-01
8.374999761581420898e-01 6.625000238418579102e-01
8.374999761581420898e-01 6.750000119209289551e-01
8.374999761581420898e-01 6.875000000000000000e-01
8.374999761581420898e-01 6.999999880790710449e-01
8.374999761581420898e-01 7.124999761581420898e-01
8.374999761581420898e-01 7.250000238418579102e-01
8.374999761581420898e-01 7.375000119209289551e-01
8.374999761581420898e-01 7.500000000000000000e-01
8.374999761581420898e-01 7.624999880790710449e-01
8.374999761581420898e-01 7.749999761581420898e-01
8.374999761581420898e-01 7.875000238418579102e-01
8.374999761581420898e-01 8.000000119209289551e-01
8.374999761581420898e-01 8.125000000000000000e-01
8.374999761581420898e-01 8.249999880790710449e-01
8.374999761581420898e-01 8.374999761581420898e-01
8.374999761581420898e-01 8.500000238418579102e-01
8.374999761581420898e-01 8.625000119209289551e-01
8.374999761581420898e-01 8.750000000000000000e-01
8.374999761581420898e-01 8.874999880790710449e-01
8.374999761581420898e-01 8.999999761581420898e-01
8.374999761581420898e-01 9.125000238418579102e-01
8.374999761581420898e-01 9.250000119209289551e-01
8.374999761581420898e-01 9.375000000000000000e-01
8.374999761581420898e-01 9.499999880790710449e-01
8.374999761581420898e-01 9.624999761581420898e-01
8.374999761581420898e-01 9.750000238418579102e-01
8.374999761581420898e-01 9.875000119209289551e-01
8.374999761581420898e-01 1.000000000000000000e+00
8.500000238418579102e-01 0.000000000000000000e+00
8.500000238418579102e-01 1.250000018626451492e-02
8.500000238418579102e-01 2.500000037252902985e-02
8.500000238418579102e-01 3.750000149011611938e-02
8.500000238418579102e-01 5.000000074505805969e-02
8.500000238418579102e-01 6.250000000000000000e-02
8.500000238418579102e-01 7.500000298023223877e-02
8.500000238418579102e-01 8.749999850988388062e-02
8.500000238418579102e-01 1.000000014901161194e-01
8.500000238418579102e-01 1.124999970197677612e-01
8.500000238418579102e-01 1.250000000000000000e-01
8.500000238418579102e-01 1.375000029802322388e-01
8.500000238418579102e-01 1.500000059604644775e-01
8.500000238418579102e-01 1.624999940395355225e-01
8.500000238418579102e-01 1.749999970197677612e-01
8.500000238418579102e-01 1.875000000000000000e-01
8.500000238418579102e-01 2.000000029802322388e-01
8.500000238418579102e-01 2.125000059604644775e-01
8.500000238418579102e-01 2.249999940395355225e-01
8.500000238418579102e-01 2.374999970197677612e-01
8.500000238418579102e-01 2.500000000000000000e-01
8.500000238418579102e-01 2.624999880790710449e-01
8.500000238418579102e-01 2.750000059604644775e-01
8.500000238418579102e-01 2.874999940395355225e-01
8.500000238418579102e-01 3.000000119209289551e-01
8.500000238418579102e-01 3.125000000000000000e-01
8.500000238418579102e-01 3.249999880790710449e-01
8.500000238418579102e-01 3.375000059604644775e-01
8.500000238418579102e-01 3.499999940395355225e-01
8.500000238418579102e-01 3.625000119209289551e-01
8.500000238418579102e-01 3.750000000000000000e-01
8.500000238418579102e-01 3.874999880790710449e-01
8.500000238418579102e-01 4.000000059604644775e-01
8.500000238418579102e-01 4.124999940395355225e-01
8.500000238418579102e-01 4.250000119209289551e-01
8.500000238418579102e-01 4.375000000000000000e-01
8.500000238418579102e-01 4.499999880790710449e-01
8.500000238418579102e-01 4.625000059604644775e-01
8.500000238418579102e-01 4.749999940395355225e-01
8.500000238418579102e-01 4.875000119209289551e-01
8.500000238418579102e-01 5.000000000000000000e-01
8.500000238418579102e-01 5.124999880790710449e-01
8.500000238418579102e-01 5.249999761581420898e-01
8.500000238418579102e-01 5.375000238418579102e-01
8.500000238418579102e-01 5.500000119209289551e-01
8.500000238418579102e-01 5.625000000000000000e-01
8.500000238418579102e-01 5.749999880790710449e-01
8.500000238418579102e-01 5.874999761581420898e-01
8.500000238418579102e-01 6.000000238418579102e-01
8.500000238418579102e-01 6.125000119209289551e-01
8.500000238418579102e-01 6.250000000000000000e-01
8.500000238418579102e-01 6.374999880790710449e-01
8.500000238418579102e-01 6.499999761581420898e-01
8.500000238418579102e-01 6.625000238418579102e-01
8.500000238418579102e-01 6.750000119209289551e-01
8.500000238418579102e-01 6.875000000000000000e-01
8.500000238418579102e-01 6.999999880790710449e-01
8.500000238418579102e-01 7.124999761581420898e-01
8.500000238418579102e-01 7.250000238418579102e-01
8.500000238418579102e-01 7.375000119209289551e-01
8.500000238418579102e-01 7.500000000000000000e-01
8.500000238418579102e-01 7.624999880790710449e-01
8.500000238418579102e-01 7.749999761581420898e-01
8.500000238418579102e-01 7.875000238418579102e-01
8.500000238418579102e-01 8.000000119209289551e-01
8.500000238418579102e-01 8.125000000000000000e-01
8.500000238418579102e-01 8.249999880790710449e-01
8.500000238418579102e-01 8.374999761581420898e-01
8.500000238418579102e-01 8.500000238418579102e-01
8.500000238418579102e-01 8.625000119209289551e-01
8.500000238418579102e-01 8.750000000000000000e-01
8.500000238418579102e-01 8.874999880790710449e-01
8.500000238418579102e-01 8.999999761581420898e-01
8.500000238418579102e-01 9.125000238418579102e-01
8.500000238418579102e-01 9.250000119209289551e-01
8.500000238418579102e-01 9.375000000000000000e-01
8.500000238418579102e-01 9.499999880790710449e-01
8.500000238418579102e-01 9.624999761581420898e-01
8.500000238418579102e-01 9.750000238418579102e-01
8.500000238418579102e-01 9.875000119209289551e-01
8.500000238418579102e-01 1.000000000000000000e+00
8.625000119209289551e-01 0.000000000000000000e+00
8.625000119209289551e-01 1.250000018626451492e-02
8.625000119209289551e-01 2.500000037252902985e-02
8.625000119209289551e-01 3.750000149011611938e-02
8.625000119209289551e-01 5.000000074505805969e-02
8.625000119209289551e-01 6.250000000000000000e-02
8.625000119209289551e-01 7.500000298023223877e-02
8.625000119209289551e-01 8.749999850988388062e-02
8.625000119209289551e-01 1.000000014901161194e-01
8.625000119209289551e-01 1.124999970197677612e-01
8.625000119209289551e-01 1.250000000000000000e-01
8.625000119209289551e-01 1.375000029802322388e-01
8.625000119209289551e-01 1.500000059604644775e-01
8.625000119209289551e-01 1.624999940395355225e-01
8.625000119209289551e-01 1.749999970197677612e-01
8.625000119209289551e-01 1.875000000000000000e-01
8.625000119209289551e-01 2.000000029802322388e-01
8.625000119209289551e-01 2.125000059604644775e-01
8.625000119209289551e-01 2.249999940395355225e-01
8.625000119209289551e-01 2.374999970197677612e-01
8.625000119209289551e-01 2.500000000000000000e-01
8.625000119209289551e-01 2.624999880790710449e-01
8.625000119209289551e-01 2.750000059604644775e-01
8.625000119209289551e-01 2.874999940395355225e-01
8.625000119209289551e-01 3.000000119209289551e-01
8.625000119209289551e-01 3.125000000000000000e-01
8.625000119209289551e-01 3.249999880790710449e-01
8.625000119209289551e-01 3.375000059604644775e-01
8.625000119209289551e-01 3.499999940395355225e-01
8.625000119209289551e-01 3.625000119209289551e-01
8.625000119209289551e-01 3.750000000000000000e-01
8.625000119209289551e-01 3.874999880790710449e-01
8.625000119209289551e-01 4.000000059604644775e-01
8.625000119209289551e-01 4.124999940395355225e-01
8.625000119209289551e-01 4.250000119209289551e-01
8.625000119209289551e-01 4.375000000000000000e-01
8.625000119209289551e-01 4.499999880790710449e-01
8.625000119209289551e-01 4.625000059604644775e-01
8.625000119209289551e-01 4.749999940395355225e-01
8.625000119209289551e-01 4.875000119209289551e-01
8.625000119209289551e-01 5.000000000000000000e-01
8.625000119209289551e-01 5.124999880790710449e-01
8.625000119209289551e-01 5.249999761581420898e-01
8.625000119209289551e-01 5.375000238418579102e-01
8.625000119209289551e-01 5.500000119209289551e-01
8.625000119209289551e-01 5.625000000000000000e-01
8.625000119209289551e-01 5.749999880790710449e-01
8.625000119209289551e-01 5.874999761581420898e-01
8.625000119209289551e-01 6.000000238418579102e-01
8.625000119209289551e-01 6.125000119209289551e-01
8.625000119209289551e-01 6.250000000000000000e-01
8.625000119209289551e-01 6.374999880790710449e-01
8.625000119209289551e-01 6.499999761581420898e-01
8.625000119209289551e-01 6.625000238418579102e-01
8.625000119209289551e-01 6.750000119209289551e-01
8.625000119209289551e-01 6.875000000000000000e-01
8.625000119209289551e-01 6.999999880790710449e-01
8.625000119209289551e-01 7.124999761581420898e-01
8.625000119209289551e-01 7.250000238418579102e-01
8.625000119209289551e-01 7.375000119209289551e-01
8.625000119209289551e-01 7.500000000000000000e-01
8.625000119209289551e-01 7.624999880790710449e-01
8.625000119209289551e-01 7.749999761581420898e-01
8.625000119209289551e-01 7.875000238418579102e-01
8.625000119209289551e-01 8.000000119209289551e-01
8.625000119209289551e-01 8.125000000000000000e-01
8.625000119209289551e-01 8.249999880790710449e-01
8.625000119209289551e-01 8.374999761581420898e-01
8.625000119209289551e-01 8.500000238418579102e-01
8.625000119209289551e-01 8.625000119209289551e-01
8.625000119209289551e-01 8.750000000000000000e-01
8.625000119209289551e-01 8.874999880790710449e-01
8.625000119209289551e-01 8.999999761581420898e-01
8.625000119209289551e-01 9.125000238418579102e-01
8.625000119209289551e-01 9.250000119209289551e-01
8.625000119209289551e-01 9.375000000000000000e-01
8.625000119209289551e-01 9.499999880790710449e-01
8.625000119209289551e-01 9.624999761581420898e-01
8.625000119209289551e-01 9.750000238418579102e-01
8.625000119209289551e-01 9.875000119209289551e-01
8.625000119209289551e-01 1.000000000000000000e+00
8.750000000000000000e-01 0.000000000000000000e+00
8.750000000000000000e-01 1.250000018626451492e-02
8.750000000000000000e-01 2.500000037252902985e-02
8.750000000000000000e-01 3.750000149011611938e-02
8.750000000000000000e-01 5.000000074505805969e-02
8.750000000000000000e-01 6.250000000000000000e-02
8.750000000000000000e-01 7.500000298023223877e-02
8.750000000000000000e-01 8.749999850988388062e-02
8.750000000000000000e-01 1.000000014901161194e-01
8.750000000000000000e-01 1.124999970197677612e-01
8.750000000000000000e-01 1.250000000000000000e-01
8.750000000000000000e-01 1.375000029802322388e-01
8.750000000000000000e-01 1.500000059604644775e-01
8.750000000000000000e-01 1.624999940395355225e-01
8.750000000000000000e-01 1.749999970197677612e-01
8.750000000000000000e-01 1.875000000000000000e-01
8.750000000000000000e-01 2.000000029802322388e-01
8.750000000000000000e-01 2.125000059604644775e-01
8.750000000000000000e-01 2.249999940395355225e-01
8.750000000000000000e-01 2.374999970197677612e-01
8.750000000000000000e-01 2.500000000000000000e-01
8.750000000000000000e-01 2.624999880790710449e-01
8.750000000000000000e-01 2.750000059604644775e-01
8.750000000000000000e-01 2.874999940395355225e-01
8.750000000000000000e-01 3.000000119209289551e-01
8.750000000000000000e-01 3.125000000000000000e-01
8.750000000000000000e-01 3.249999880790710449e-01
8.750000000000000000e-01 3.375000059604644775e-01
8.750000000000000000e-01 3.499999940395355225e-01
8.750000000000000000e-01 3.625000119209289551e-01
8.750000000000000000e-01 3.750000000000000000e-01
8.750000000000000000e-01 3.874999880790710449e-01
8.750000000000000000e-01 4.000000059604644775e-01
8.750000000000000000e-01 4.124999940395355225e-01
8.750000000000000000e-01 4.250000119209289551e-01
8.750000000000000000e-01 4.375000000000000000e-01
8.750000000000000000e-01 4.499999880790710449e-01
8.750000000000000000e-01 4.625000059604644775e-01
8.750000000000000000e-01 4.749999940395355225e-01
8.750000000000000000e-01 4.875000119209289551e-01
8.750000000000000000e-01 5.000000000000000000e-01
8.750000000000000000e-01 5.124999880790710449e-01
8.750000000000000000e-01 5.249999761581420898e-01
8.750000000000000000e-01 5.375000238418579102e-01
8.750000000000000000e-01 5.500000119209289551e-01
8.750000000000000000e-01 5.625000000000000000e-01
8.750000000000000000e-01 5.749999880790710449e-01
8.750000000000000000e-01 5.874999761581420898e-01
8.750000000000000000e-01 6.000000238418579102e-01
8.750000000000000000e-01 6.125000119209289551e-01
8.750000000000000000e-01 6.250000000000000000e-01
8.750000000000000000e-01 6.374999880790710449e-01
8.750000000000000000e-01 6.499999761581420898e-01
8.750000000000000000e-01 6.625000238418579102e-01
8.750000000000000000e-01 6.750000119209289551e-01
8.750000000000000000e-01 6.875000000000000000e-01
8.750000000000000000e-01 6.999999880790710449e-01
8.750000000000000000e-01 7.124999761581420898e-01
8.750000000000000000e-01 7.250000238418579102e-01
8.750000000000000000e-01 7.375000119209289551e-01
8.750000000000000000e-01 7.500000000000000000e-01
8.750000000000000000e-01 7.624999880790710449e-01
8.750000000000000000e-01 7.749999761581420898e-01
8.750000000000000000e-01 7.875000238418579102e-01
8.750000000000000000e-01 8.000000119209289551e-01
8.750000000000000000e-01 8.125000000000000000e-01
8.750000000000000000e-01 8.249999880790710449e-01
8.750000000000000000e-01 8.374999761581420898e-01
8.750000000000000000e-01 8.500000238418579102e-01
8.750000000000000000e-01 8.625000119209289551e-01
8.750000000000000000e-01 8.750000000000000000e-01
8.750000000000000000e-01 8.874999880790710449e-01
8.750000000000000000e-01 8.999999761581420898e-01
8.750000000000000000e-01 9.125000238418579102e-01
8.750000000000000000e-01 9.250000119209289551e-01
8.750000000000000000e-01 9.375000000000000000e-01
8.750000000000000000e-01 9.499999880790710449e-01
8.750000000000000000e-01 9.624999761581420898e-01
8.750000000000000000e-01 9.750000238418579102e-01
8.750000000000000000e-01 9.875000119209289551e-01
8.750000000000000000e-01 1.000000000000000000e+00
8.874999880790710449e-01 0.000000000000000000e+00
8.874999880790710449e-01 1.250000018626451492e-02
8.874999880790710449e-01 2.500000037252902985e-02
8.874999880790710449e-01 3.750000149011611938e-02
8.874999880790710449e-01 5.000000074505805969e-02
8.874999880790710449e-01 6.250000000000000000e-02
8.874999880790710449e-01 7.500000298023223877e-02
8.874999880790710449e-01 8.749999850988388062e-02
8.874999880790710449e-01 1.000000014901161194e-01
8.874999880790710449e-01 1.124999970197677612e-01
8.874999880790710449e-01 1.250000000000000000e-01
8.874999880790710449e-01 1.375000029802322388e-01
8.874999880790710449e-01 1.500000059604644775e-01
8.874999880790710449e-01 1.624999940395355225e-01
8.874999880790710449e-01 1.749999970197677612e-01
8.874999880790710449e-01 1.875000000000000000e-01
8.874999880790710449e-01 2.000000029802322388e-01
8.874999880790710449e-01 2.125000059604644775e-01
8.874999880790710449e-01 2.249999940395355225e-01
8.874999880790710449e-01 2.374999970197677612e-01
8.874999880790710449e-01 2.500000000000000000e-01
8.874999880790710449e-01 2.624999880790710449e-01
8.874999880790710449e-01 2.750000059604644775e-01
8.874999880790710449e-01 2.874999940395355225e-01
8.874999880790710449e-01 3.000000119209289551e-01
8.874999880790710449e-01 3.125000000000000000e-01
8.874999880790710449e-01 3.249999880790710449e-01
8.874999880790710449e-01 3.375000059604644775e-01
8.874999880790710449e-01 3.499999940395355225e-01
8.874999880790710449e-01 3.625000119209289551e-01
8.874999880790710449e-01 3.750000000000000000e-01
8.874999880790710449e-01 3.874999880790710449e-01
8.874999880790710449e-01 4.000000059604644775e-01
8.874999880790710449e-01 4.124999940395355225e-01
8.874999880790710449e-01 4.250000119209289551e-01
8.874999880790710449e-01 4.375000000000000000e-01
8.874999880790710449e-01 4.499999880790710449e-01
8.874999880790710449e-01 4.625000059604644775e-01
8.874999880790710449e-01 4.749999940395355225e-01
8.874999880790710449e-01 4.875000119209289551e-01
8.874999880790710449e-01 5.000000000000000000e-01
8.874999880790710449e-01 5.124999880790710449e-01
8.874999880790710449e-01 5.249999761581420898e-01
8.874999880790710449e-01 5.375000238418579102e-01
8.874999880790710449e-01 5.500000119209289551e-01
8.874999880790710449e-01 5.625000000000000000e-01
8.874999880790710449e-01 5.749999880790710449e-01
8.874999880790710449e-01 5.874999761581420898e-01
8.874999880790710449e-01 6.000000238418579102e-01
8.874999880790710449e-01 6.125000119209289551e-01
8.874999880790710449e-01 6.250000000000000000e-01
8.874999880790710449e-01 6.374999880790710449e-01
8.874999880790710449e-01 6.499999761581420898e-01
8.874999880790710449e-01 6.625000238418579102e-01
8.874999880790710449e-01 6.750000119209289551e-01
8.874999880790710449e-01 6.875000000000000000e-01
8.874999880790710449e-01 6.999999880790710449e-01
8.874999880790710449e-01 7.124999761581420898e-01
8.874999880790710449e-01 7.250000238418579102e-01
8.874999880790710449e-01 7.375000119209289551e-01
8.874999880790710449e-01 7.500000000000000000e-01
8.874999880790710449e-01 7.624999880790710449e-01
8.874999880790710449e-01 7.749999761581420898e-01
8.874999880790710449e-01 7.875000238418579102e-01
8.874999880790710449e-01 8.000000119209289551e-01
8.874999880790710449e-01 8.125000000000000000e-01
8.874999880790710449e-01 8.249999880790710449e-01
8.874999880790710449e-01 8.374999761581420898e-01
8.874999880790710449e-01 8.500000238418579102e-01
8.874999880790710449e-01 8.625000119209289551e-01
8.874999880790710449e-01 8.750000000000000000e-01
8.874999880790710449e-01 8.874999880790710449e-01
8.874999880790710449e-01 8.999999761581420898e-01
8.874999880790710449e-01 9.125000238418579102e-01
8.874999880790710449e-01 9.250000119209289551e-01
8.874999880790710449e-01 9.375000000000000000e-01
8.874999880790710449e-01 9.499999880790710449e-01
8.874999880790710449e-01 9.624999761581420898e-01
8.874999880790710449e-01 9.750000238418579102e-01
8.874999880790710449e-01 9.875000119209289551e-01
8.874999880790710449e-01 1.000000000000000000e+00
8.999999761581420898e-01 0.000000000000000000e+00
8.999999761581420898e-01 1.250000018626451492e-02
8.999999761581420898e-01 2.500000037252902985e-02
8.999999761581420898e-01 3.750000149011611938e-02
8.999999761581420898e-01 5.000000074505805969e-02
8.999999761581420898e-01 6.250000000000000000e-02
8.999999761581420898e-01 7.500000298023223877e-02
8.999999761581420898e-01 8.749999850988388062e-02
8.999999761581420898e-01 1.000000014901161194e-01
8.999999761581420898e-01 1.124999970197677612e-01
8.999999761581420898e-01 1.250000000000000000e-01
8.999999761581420898e-01 1.375000029802322388e-01
8.999999761581420898e-01 1.500000059604644775e-01
8.999999761581420898e-01 1.624999940395355225e-01
8.999999761581420898e-01 1.749999970197677612e-01
8.999999761581420898e-01 1.875000000000000000e-01
8.999999761581420898e-01 2.000000029802322388e-01
8.999999761581420898e-01 2.125000059604644775e-01
8.999999761581420898e-01 2.249999940395355225e-01
8.999999761581420898e-01 2.374999970197677612e-01
8.999999761581420898e-01 2.500000000000000000e-01
8.999999761581420898e-01 2.624999880790710449e-01
8.999999761581420898e-01 2.750000059604644775e-01
8.999999761581420898e-01 2.874999940395355225e-01
8.999999761581420898e-01 3.000000119209289551e-01
8.999999761581420898e-01 3.125000000000000000e-01
8.999999761581420898e-01 3.249999880790710449e-01
8.999999761581420898e-01 3.375000059604644775e-01
8.999999761581420898e-01 3.499999940395355225e-01
8.999999761581420898e-01 3.625000119209289551e-01
8.999999761581420898e-01 3.750000000000000000e-01
8.999999761581420898e-01 3.874999880790710449e-01
8.999999761581420898e-01 4.000000059604644775e-01
8.999999761581420898e-01 4.124999940395355225e-01
8.999999761581420898e-01 4.250000119209289551e-01
8.999999761581420898e-01 4.375000000000000000e-01
8.999999761581420898e-01 4.499999880790710449e-01
8.999999761581420898e-01 4.625000059604644775e-01
8.999999761581420898e-01 4.749999940395355225e-01
8.999999761581420898e-01 4.875000119209289551e-01
8.999999761581420898e-01 5.000000000000000000e-01
8.999999761581420898e-01 5.124999880790710449e-01
8.999999761581420898e-01 5.249999761581420898e-01
8.999999761581420898e-01 5.375000238418579102e-01
8.999999761581420898e-01 5.500000119209289551e-01
8.999999761581420898e-01 5.625000000000000000e-01
8.999999761581420898e-01 5.749999880790710449e-01
8.999999761581420898e-01 5.874999761581420898e-01
8.999999761581420898e-01 6.000000238418579102e-01
8.999999761581420898e-01 6.125000119209289551e-01
8.999999761581420898e-01 6.250000000000000000e-01
8.999999761581420898e-01 6.374999880790710449e-01
8.999999761581420898e-01 6.499999761581420898e-01
8.999999761581420898e-01 6.625000238418579102e-01
8.999999761581420898e-01 6.750000119209289551e-01
8.999999761581420898e-01 6.875000000000000000e-01
8.999999761581420898e-01 6.999999880790710449e-01
8.999999761581420898e-01 7.124999761581420898e-01
8.999999761581420898e-01 7.250000238418579102e-01
8.999999761581420898e-01 7.375000119209289551e-01
8.999999761581420898e-01 7.500000000000000000e-01
8.999999761581420898e-01 7.624999880790710449e-01
8.999999761581420898e-01 7.749999761581420898e-01
8.999999761581420898e-01 7.875000238418579102e-01
8.999999761581420898e-01 8.000000119209289551e-01
8.999999761581420898e-01 8.125000000000000000e-01
8.999999761581420898e-01 8.249999880790710449e-01
8.999999761581420898e-01 8.374999761581420898e-01
8.999999761581420898e-01 8.500000238418579102e-01
8.999999761581420898e-01 8.625000119209289551e-01
8.999999761581420898e-01 8.750000000000000000e-01
8.999999761581420898e-01 8.874999880790710449e-01
8.999999761581420898e-01 8.999999761581420898e-01
8.999999761581420898e-01 9.125000238418579102e-01
8.999999761581420898e-01 9.250000119209289551e-01
8.999999761581420898e-01 9.375000000000000000e-01
8.999999761581420898e-01 9.499999880790710449e-01
8.999999761581420898e-01 9.624999761581420898e-01
8.999999761581420898e-01 9.750000238418579102e-01
8.999999761581420898e-01 9.875000119209289551e-01
8.999999761581420898e-01 1.000000000000000000e+00
9.125000238418579102e-01 0.000000000000000000e+00
9.125000238418579102e-01 1.250000018626451492e-02
9.125000238418579102e-01 2.500000037252902985e-02
9.125000238418579102e-01 3.750000149011611938e-02
9.125000238418579102e-01 5.000000074505805969e-02
9.125000238418579102e-01 6.250000000000000000e-02
9.125000238418579102e-01 7.500000298023223877e-02
9.125000238418579102e-01 8.749999850988388062e-02
9.125000238418579102e-01 1.000000014901161194e-01
9.125000238418579102e-01 1.124999970197677612e-01
9.125000238418579102e-01 1.250000000000000000e-01
9.125000238418579102e-01 1.375000029802322388e-01
9.125000238418579102e-01 1.500000059604644775e-01
9.125000238418579102e-01 1.624999940395355225e-01
9.125000238418579102e-01 1.749999970197677612e-01
9.125000238418579102e-01 1.875000000000000000e-01
9.125000238418579102e-01 2.000000029802322388e-01
9.125000238418579102e-01 2.125000059604644775e-01
9.125000238418579102e-01 2.249999940395355225e-01
9.125000238418579102e-01 2.374999970197677612e-01
9.125000238418579102e-01 2.500000000000000000e-01
9.125000238418579102e-01 2.624999880790710449e-01
9.125000238418579102e-01 2.750000059604644775e-01
9.125000238418579102e-01 2.874999940395355225e-01
9.125000238418579102e-01 3.000000119209289551e-01
9.125000238418579102e-01 3.125000000000000000e-01
9.125000238418579102e-01 3.249999880790710449e-01
9.125000238418579102e-01 3.375000059604644775e-01
9.125000238418579102e-01 3.499999940395355225e-01
9.125000238418579102e-01 3.625000119209289551e-01
9.125000238418579102e-01 3.750000000000000000e-01
9.125000238418579102e-01 3.874999880790710449e-01
9.125000238418579102e-01 4.000000059604644775e-01
9.125000238418579102e-01 4.124999940395355225e-01
9.125000238418579102e-01 4.250000119209289551e-01
9.125000238418579102e-01 4.375000000000000000e-01
9.125000238418579102e-01 4.499999880790710449e-01
9.125000238418579102e-01 4.625000059604644775e-01
9.125000238418579102e-01 4.749999940395355225e-01
9.125000238418579102e-01 4.875000119209289551e-01
9.125000238418579102e-01 5.000000000000000000e-01
9.125000238418579102e-01 5.124999880790710449e-01
9.125000238418579102e-01 5.249999761581420898e-01
9.125000238418579102e-01 5.375000238418579102e-01
9.125000238418579102e-01 5.500000119209289551e-01
9.125000238418579102e-01 5.625000000000000000e-01
9.125000238418579102e-01 5.749999880790710449e-01
9.125000238418579102e-01 5.874999761581420898e-01
9.125000238418579102e-01 6.000000238418579102e-01
9.125000238418579102e-01 6.125000119209289551e-01
9.125000238418579102e-01 6.250000000000000000e-01
9.125000238418579102e-01 6.374999880790710449e-01
9.125000238418579102e-01 6.499999761581420898e-01
9.125000238418579102e-01 6.625000238418579102e-01
9.125000238418579102e-01 6.750000119209289551e-01
9.125000238418579102e-01 6.875000000000000000e-01
9.125000238418579102e-01 6.999999880790710449e-01
9.125000238418579102e-01 7.124999761581420898e-01
9.125000238418579102e-01 7.250000238418579102e-01
9.125000238418579102e-01 7.375000119209289551e-01
9.125000238418579102e-01 7.500000000000000000e-01
9.125000238418579102e-01 7.624999880790710449e-01
9.125000238418579102e-01 7.749999761581420898e-01
9.125000238418579102e-01 7.875000238418579102e-01
9.125000238418579102e-01 8.000000119209289551e-01
9.125000238418579102e-01 8.125000000000000000e-01
9.125000238418579102e-01 8.249999880790710449e-01
9.125000238418579102e-01 8.374999761581420898e-01
9.125000238418579102e-01 8.500000238418579102e-01
9.125000238418579102e-01 8.625000119209289551e-01
9.125000238418579102e-01 8.750000000000000000e-01
9.125000238418579102e-01 8.874999880790710449e-01
9.125000238418579102e-01 8.999999761581420898e-01
9.125000238418579102e-01 9.125000238418579102e-01
9.125000238418579102e-01 9.250000119209289551e-01
9.125000238418579102e-01 9.375000000000000000e-01
9.125000238418579102e-01 9.499999880790710449e-01
9.125000238418579102e-01 9.624999761581420898e-01
9.125000238418579102e-01 9.750000238418579102e-01
9.125000238418579102e-01 9.875000119209289551e-01
9.125000238418579102e-01 1.000000000000000000e+00
9.250000119209289551e-01 0.000000000000000000e+00
9.250000119209289551e-01 1.250000018626451492e-02
9.250000119209289551e-01 2.500000037252902985e-02
9.250000119209289551e-01 3.750000149011611938e-02
9.250000119209289551e-01 5.000000074505805969e-02
9.250000119209289551e-01 6.250000000000000000e-02
9.250000119209289551e-01 7.500000298023223877e-02
9.250000119209289551e-01 8.749999850988388062e-02
9.250000119209289551e-01 1.000000014901161194e-01
9.250000119209289551e-01 1.124999970197677612e-01
9.250000119209289551e-01 1.250000000000000000e-01
9.250000119209289551e-01 1.375000029802322388e-01
9.250000119209289551e-01 1.500000059604644775e-01
9.250000119209289551e-01 1.624999940395355225e-01
9.250000119209289551e-01 1.749999970197677612e-01
9.250000119209289551e-01 1.875000000000000000e-01
9.250000119209289551e-01 2.000000029802322388e-01
9.250000119209289551e-01 2.125000059604644775e-01
9.250000119209289551e-01 2.249999940395355225e-01
9.250000119209289551e-01 2.374999970197677612e-01
9.250000119209289551e-01 2.500000000000000000e-01
9.250000119209289551e-01 2.624999880790710449e-01
9.250000119209289551e-01 2.750000059604644775e-01
9.250000119209289551e-01 2.874999940395355225e-01
9.250000119209289551e-01 3.000000119209289551e-01
9.250000119209289551e-01 3.125000000000000000e-01
9.250000119209289551e-01 3.249999880790710449e-01
9.250000119209289551e-01 3.375000059604644775e-01
9.250000119209289551e-01 3.499999940395355225e-01
9.250000119209289551e-01 3.625000119209289551e-01
9.250000119209289551e-01 3.750000000000000000e-01
9.250000119209289551e-01 3.874999880790710449e-01
9.250000119209289551e-01 4.000000059604644775e-01
9.250000119209289551e-01 4.124999940395355225e-01
9.250000119209289551e-01 4.250000119209289551e-01
9.250000119209289551e-01 4.375000000000000000e-01
9.250000119209289551e-01 4.499999880790710449e-01
9.250000119209289551e-01 4.625000059604644775e-01
9.250000119209289551e-01 4.749999940395355225e-01
9.250000119209289551e-01 4.875000119209289551e-01
9.250000119209289551e-01 5.000000000000000000e-01
9.250000119209289551e-01 5.124999880790710449e-01
9.250000119209289551e-01 5.249999761581420898e-01
9.250000119209289551e-01 5.375000238418579102e-01
9.250000119209289551e-01 5.500000119209289551e-01
9.250000119209289551e-01 5.625000000000000000e-01
9.250000119209289551e-01 5.749999880790710449e-01
9.250000119209289551e-01 5.874999761581420898e-01
9.250000119209289551e-01 6.000000238418579102e-01
9.250000119209289551e-01 6.125000119209289551e-01
9.250000119209289551e-01 6.250000000000000000e-01
9.250000119209289551e-01 6.374999880790710449e-01
9.250000119209289551e-01 6.499999761581420898e-01
9.250000119209289551e-01 6.625000238418579102e-01
9.250000119209289551e-01 6.750000119209289551e-01
9.250000119209289551e-01 6.875000000000000000e-01
9.250000119209289551e-01 6.999999880790710449e-01
9.250000119209289551e-01 7.124999761581420898e-01
9.250000119209289551e-01 7.250000238418579102e-01
9.250000119209289551e-01 7.375000119209289551e-01
9.250000119209289551e-01 7.500000000000000000e-01
9.250000119209289551e-01 7.624999880790710449e-01
9.250000119209289551e-01 7.749999761581420898e-01
9.250000119209289551e-01 7.875000238418579102e-01
9.250000119209289551e-01 8.000000119209289551e-01
9.250000119209289551e-01 8.125000000000000000e-01
9.250000119209289551e-01 8.249999880790710449e-01
9.250000119209289551e-01 8.374999761581420898e-01
9.250000119209289551e-01 8.500000238418579102e-01
9.250000119209289551e-01 8.625000119209289551e-01
9.250000119209289551e-01 8.750000000000000000e-01
9.250000119209289551e-01 8.874999880790710449e-01
9.250000119209289551e-01 8.999999761581420898e-01
9.250000119209289551e-01 9.125000238418579102e-01
9.250000119209289551e-01 9.250000119209289551e-01
9.250000119209289551e-01 9.375000000000000000e-01
9.250000119209289551e-01 9.499999880790710449e-01
9.250000119209289551e-01 9.624999761581420898e-01
9.250000119209289551e-01 9.750000238418579102e-01
9.250000119209289551e-01 9.875000119209289551e-01
9.250000119209289551e-01 1.000000000000000000e+00
9.375000000000000000e-01 0.000000000000000000e+00
9.375000000000000000e-01 1.250000018626451492e-02
9.375000000000000000e-01 2.500000037252902985e-02
9.375000000000000000e-01 3.750000149011611938e-02
9.375000000000000000e-01 5.000000074505805969e-02
9.375000000000000000e-01 6.250000000000000000e-02
9.375000000000000000e-01 7.500000298023223877e-02
9.375000000000000000e-01 8.749999850988388062e-02
9.375000000000000000e-01 1.000000014901161194e-01
9.375000000000000000e-01 1.124999970197677612e-01
9.375000000000000000e-01 1.250000000000000000e-01
9.375000000000000000e-01 1.375000029802322388e-01
9.375000000000000000e-01 1.500000059604644775e-01
9.375000000000000000e-01 1.624999940395355225e-01
9.375000000000000000e-01 1.749999970197677612e-01
9.375000000000000000e-01 1.875000000000000000e-01
9.375000000000000000e-01 2.000000029802322388e-01
9.375000000000000000e-01 2.125000059604644775e-01
9.375000000000000000e-01 2.249999940395355225e-01
9.375000000000000000e-01 2.374999970197677612e-01
9.375000000000000000e-01 2.500000000000000000e-01
9.375000000000000000e-01 2.624999880790710449e-01
9.375000000000000000e-01 2.750000059604644775e-01
9.375000000000000000e-01 2.874999940395355225e-01
9.375000000000000000e-01 3.000000119209289551e-01
9.375000000000000000e-01 3.125000000000000000e-01
9.375000000000000000e-01 3.249999880790710449e-01
9.375000000000000000e-01 3.375000059604644775e-01
9.375000000000000000e-01 3.499999940395355225e-01
9.375000000000000000e-01 3.625000119209289551e-01
9.375000000000000000e-01 3.750000000000000000e-01
9.375000000000000000e-01 3.874999880790710449e-01
9.375000000000000000e-01 4.000000059604644775e-01
9.375000000000000000e-01 4.124999940395355225e-01
9.375000000000000000e-01 4.250000119209289551e-01
9.375000000000000000e-01 4.375000000000000000e-01
9.375000000000000000e-01 4.499999880790710449e-01
9.375000000000000000e-01 4.625000059604644775e-01
9.375000000000000000e-01 4.749999940395355225e-01
9.375000000000000000e-01 4.875000119209289551e-01
9.375000000000000000e-01 5.000000000000000000e-01
9.375000000000000000e-01 5.124999880790710449e-01
9.375000000000000000e-01 5.249999761581420898e-01
9.375000000000000000e-01 5.375000238418579102e-01
9.375000000000000000e-01 5.500000119209289551e-01
9.375000000000000000e-01 5.625000000000000000e-01
9.375000000000000000e-01 5.749999880790710449e-01
9.375000000000000000e-01 5.874999761581420898e-01
9.375000000000000000e-01 6.000000238418579102e-01
9.375000000000000000e-01 6.125000119209289551e-01
9.375000000000000000e-01 6.250000000000000000e-01
9.375000000000000000e-01 6.374999880790710449e-01
9.375000000000000000e-01 6.499999761581420898e-01
9.375000000000000000e-01 6.625000238418579102e-01
9.375000000000000000e-01 6.750000119209289551e-01
9.375000000000000000e-01 6.875000000000000000e-01
9.375000000000000000e-01 6.999999880790710449e-01
9.375000000000000000e-01 7.124999761581420898e-01
9.375000000000000000e-01 7.250000238418579102e-01
9.375000000000000000e-01 7.375000119209289551e-01
9.375000000000000000e-01 7.500000000000000000e-01
9.375000000000000000e-01 7.624999880790710449e-01
9.375000000000000000e-01 7.749999761581420898e-01
9.375000000000000000e-01 7.875000238418579102e-01
9.375000000000000000e-01 8.000000119209289551e-01
9.375000000000000000e-01 8.125000000000000000e-01
9.375000000000000000e-01 8.249999880790710449e-01
9.375000000000000000e-01 8.374999761581420898e-01
9.375000000000000000e-01 8.500000238418579102e-01
9.375000000000000000e-01 8.625000119209289551e-01
9.375000000000000000e-01 8.750000000000000000e-01
9.375000000000000000e-01 8.874999880790710449e-01
9.375000000000000000e-01 8.999999761581420898e-01
9.375000000000000000e-01 9.125000238418579102e-01
9.375000000000000000e-01 9.250000119209289551e-01
9.375000000000000000e-01 9.375000000000000000e-01
9.375000000000000000e-01 9.499999880790710449e-01
9.375000000000000000e-01 9.624999761581420898e-01
9.375000000000000000e-01 9.750000238418579102e-01
9.375000000000000000e-01 9.875000119209289551e-01
9.375000000000000000e-01 1.000000000000000000e+00
9.499999880790710449e-01 0.000000000000000000e+00
9.499999880790710449e-01 1.250000018626451492e-02
9.499999880790710449e-01 2.500000037252902985e-02
9.499999880790710449e-01 3.750000149011611938e-02
9.499999880790710449e-01 5.000000074505805969e-02
9.499999880790710449e-01 6.250000000000000000e-02
9.499999880790710449e-01 7.500000298023223877e-02
9.499999880790710449e-01 8.749999850988388062e-02
9.499999880790710449e-01 1.000000014901161194e-01
9.499999880790710449e-01 1.124999970197677612e-01
9.499999880790710449e-01 1.250000000000000000e-01
9.499999880790710449e-01 1.375000029802322388e-01
9.499999880790710449e-01 1.500000059604644775e-01
9.499999880790710449e-01 1.624999940395355225e-01
9.499999880790710449e-01 1.749999970197677612e-01
9.499999880790710449e-01 1.875000000000000000e-01
9.499999880790710449e-01 2.000000029802322388e-01
9.499999880790710449e-01 2.125000059604644775e-01
9.499999880790710449e-01 2.249999940395355225e-01
9.499999880790710449e-01 2.374999970197677612e-01
9.499999880790710449e-01 2.500000000000000000e-01
9.499999880790710449e-01 2.624999880790710449e-01
9.499999880790710449e-01 2.750000059604644775e-01
9.499999880790710449e-01 2.874999940395355225e-01
9.499999880790710449e-01 3.000000119209289551e-01
9.499999880790710449e-01 3.125000000000000000e-01
9.499999880790710449e-01 3.249999880790710449e-01
9.499999880790710449e-01 3.375000059604644775e-01
9.499999880790710449e-01 3.499999940395355225e-01
9.499999880790710449e-01 3.625000119209289551e-01
9.499999880790710449e-01 3.750000000000000000e-01
9.499999880790710449e-01 3.874999880790710449e-01
9.499999880790710449e-01 4.000000059604644775e-01
9.499999880790710449e-01 4.124999940395355225e-01
9.499999880790710449e-01 4.250000119209289551e-01
9.499999880790710449e-01 4.375000000000000000e-01
9.499999880790710449e-01 4.499999880790710449e-01
9.499999880790710449e-01 4.625000059604644775e-01
9.499999880790710449e-01 4.749999940395355225e-01
9.499999880790710449e-01 4.875000119209289551e-01
9.499999880790710449e-01 5.000000000000000000e-01
9.499999880790710449e-01 5.124999880790710449e-01
9.499999880790710449e-01 5.249999761581420898e-01
9.499999880790710449e-01 5.375000238418579102e-01
9.499999880790710449e-01 5.500000119209289551e-01
9.499999880790710449e-01 5.625000000000000000e-01
9.499999880790710449e-01 5.749999880790710449e-01
9.499999880790710449e-01 5.874999761581420898e-01
9.499999880790710449e-01 6.000000238418579102e-01
9.499999880790710449e-01 6.125000119209289551e-01
9.499999880790710449e-01 6.250000000000000000e-01
9.499999880790710449e-01 6.374999880790710449e-01
9.499999880790710449e-01 6.499999761581420898e-01
9.499999880790710449e-01 6.625000238418579102e-01
9.499999880790710449e-01 6.750000119209289551e-01
9.499999880790710449e-01 6.875000000000000000e-01
9.499999880790710449e-01 6.999999880790710449e-01
9.499999880790710449e-01 7.124999761581420898e-01
9.499999880790710449e-01 7.250000238418579102e-01
9.499999880790710449e-01 7.375000119209289551e-01
9.499999880790710449e-01 7.500000000000000000e-01
9.499999880790710449e-01 7.624999880790710449e-01
9.499999880790710449e-01 7.749999761581420898e-01
9.499999880790710449e-01 7.875000238418579102e-01
9.499999880790710449e-01 8.000000119209289551e-01
9.499999880790710449e-01 8.125000000000000000e-01
9.499999880790710449e-01 8.249999880790710449e-01
9.499999880790710449e-01 8.374999761581420898e-01
9.499999880790710449e-01 8.500000238418579102e-01
9.499999880790710449e-01 8.625000119209289551e-01
9.499999880790710449e-01 8.750000000000000000e-01
9.499999880790710449e-01 8.874999880790710449e-01
9.499999880790710449e-01 8.999999761581420898e-01
9.499999880790710449e-01 9.125000238418579102e-01
9.499999880790710449e-01 9.250000119209289551e-01
9.499999880790710449e-01 9.375000000000000000e-01
9.499999880790710449e-01 9.499999880790710449e-01
9.499999880790710449e-01 9.624999761581420898e-01
9.499999880790710449e-01 9.750000238418579102e-01
9.499999880790710449e-01 9.875000119209289551e-01
9.499999880790710449e-01 1.000000000000000000e+00
9.624999761581420898e-01 0.000000000000000000e+00
9.624999761581420898e-01 1.250000018626451492e-02
9.624999761581420898e-01 2.500000037252902985e-02
9.624999761581420898e-01 3.750000149011611938e-02
9.624999761581420898e-01 5.000000074505805969e-02
9.624999761581420898e-01 6.250000000000000000e-02
9.624999761581420898e-01 7.500000298023223877e-02
9.624999761581420898e-01 8.749999850988388062e-02
9.624999761581420898e-01 1.000000014901161194e-01
9.624999761581420898e-01 1.124999970197677612e-01
9.624999761581420898e-01 1.250000000000000000e-01
9.624999761581420898e-01 1.375000029802322388e-01
9.624999761581420898e-01 1.500000059604644775e-01
9.624999761581420898e-01 1.624999940395355225e-01
9.624999761581420898e-01 1.749999970197677612e-01
9.624999761581420898e-01 1.875000000000000000e-01
9.624999761581420898e-01 2.000000029802322388e-01
9.624999761581420898e-01 2.125000059604644775e-01
9.624999761581420898e-01 2.249999940395355225e-01
9.624999761581420898e-01 2.374999970197677612e-01
9.624999761581420898e-01 2.500000000000000000e-01
9.624999761581420898e-01 2.624999880790710449e-01
9.624999761581420898e-01 2.750000059604644775e-01
9.624999761581420898e-01 2.874999940395355225e-01
9.624999761581420898e-01 3.000000119209289551e-01
9.624999761581420898e-01 3.125000000000000000e-01
9.624999761581420898e-01 3.249999880790710449e-01
9.624999761581420898e-01 3.375000059604644775e-01
9.624999761581420898e-01 3.499999940395355225e-01
9.624999761581420898e-01 3.625000119209289551e-01
9.624999761581420898e-01 3.750000000000000000e-01
9.624999761581420898e-01 3.874999880790710449e-01
9.624999761581420898e-01 4.000000059604644775e-01
9.624999761581420898e-01 4.124999940395355225e-01
9.624999761581420898e-01 4.250000119209289551e-01
9.624999761581420898e-01 4.375000000000000000e-01
9.624999761581420898e-01 4.499999880790710449e-01
9.624999761581420898e-01 4.625000059604644775e-01
9.624999761581420898e-01 4.749999940395355225e-01
9.624999761581420898e-01 4.875000119209289551e-01
9.624999761581420898e-01 5.000000000000000000e-01
9.624999761581420898e-01 5.124999880790710449e-01
9.624999761581420898e-01 5.249999761581420898e-01
9.624999761581420898e-01 5.375000238418579102e-01
9.624999761581420898e-01 5.500000119209289551e-01
9.624999761581420898e-01 5.625000000000000000e-01
9.624999761581420898e-01 5.749999880790710449e-01
9.624999761581420898e-01 5.874999761581420898e-01
9.624999761581420898e-01 6.000000238418579102e-01
9.624999761581420898e-01 6.125000119209289551e-01
9.624999761581420898e-01 6.250000000000000000e-01
9.624999761581420898e-01 6.374999880790710449e-01
9.624999761581420898e-01 6.499999761581420898e-01
9.624999761581420898e-01 6.625000238418579102e-01
9.624999761581420898e-01 6.750000119209289551e-01
9.624999761581420898e-01 6.875000000000000000e-01
9.624999761581420898e-01 6.999999880790710449e-01
9.624999761581420898e-01 7.124999761581420898e-01
9.624999761581420898e-01 7.250000238418579102e-01
9.624999761581420898e-01 7.375000119209289551e-01
9.624999761581420898e-01 7.500000000000000000e-01
9.624999761581420898e-01 7.624999880790710449e-01
9.624999761581420898e-01 7.749999761581420898e-01
9.624999761581420898e-01 7.875000238418579102e-01
9.624999761581420898e-01 8.000000119209289551e-01
9.624999761581420898e-01 8.125000000000000000e-01
9.624999761581420898e-01 8.249999880790710449e-01
9.624999761581420898e-01 8.374999761581420898e-01
9.624999761581420898e-01 8.500000238418579102e-01
9.624999761581420898e-01 8.625000119209289551e-01
9.624999761581420898e-01 8.750000000000000000e-01
9.624999761581420898e-01 8.874999880790710449e-01
9.624999761581420898e-01 8.999999761581420898e-01
9.624999761581420898e-01 9.125000238418579102e-01
9.624999761581420898e-01 9.250000119209289551e-01
9.624999761581420898e-01 9.375000000000000000e-01
9.624999761581420898e-01 9.499999880790710449e-01
9.624999761581420898e-01 9.624999761581420898e-01
9.624999761581420898e-01 9.750000238418579102e-01
9.624999761581420898e-01 9.875000119209289551e-01
9.624999761581420898e-01 1.000000000000000000e+00
9.750000238418579102e-01 0.000000000000000000e+00
9.750000238418579102e-01 1.250000018626451492e-02
9.750000238418579102e-01 2.500000037252902985e-02
9.750000238418579102e-01 3.750000149011611938e-02
9.750000238418579102e-01 5.000000074505805969e-02
9.750000238418579102e-01 6.250000000000000000e-02
9.750000238418579102e-01 7.500000298023223877e-02
9.750000238418579102e-01 8.749999850988388062e-02
9.750000238418579102e-01 1.000000014901161194e-01
9.750000238418579102e-01 1.124999970197677612e-01
9.750000238418579102e-01 1.250000000000000000e-01
9.750000238418579102e-01 1.375000029802322388e-01
9.750000238418579102e-01 1.500000059604644775e-01
9.750000238418579102e-01 1.624999940395355225e-01
9.750000238418579102e-01 1.749999970197677612e-01
9.750000238418579102e-01 1.875000000000000000e-01
9.750000238418579102e-01 2.000000029802322388e-01
9.750000238418579102e-01 2.125000059604644775e-01
9.750000238418579102e-01 2.249999940395355225e-01
9.750000238418579102e-01 2.374999970197677612e-01
9.750000238418579102e-01 2.500000000000000000e-01
9.750000238418579102e-01 2.624999880790710449e-01
9.750000238418579102e-01 2.750000059604644775e-01
9.750000238418579102e-01 2.874999940395355225e-01
9.750000238418579102e-01 3.000000119209289551e-01
9.750000238418579102e-01 3.125000000000000000e-01
9.750000238418579102e-01 3.249999880790710449e-01
9.750000238418579102e-01 3.375000059604644775e-01
9.750000238418579102e-01 3.499999940395355225e-01
9.750000238418579102e-01 3.625000119209289551e-01
9.750000238418579102e-01 3.750000000000000000e-01
9.750000238418579102e-01 3.874999880790710449e-01
9.750000238418579102e-01 4.000000059604644775e-01
9.750000238418579102e-01 4.124999940395355225e-01
9.750000238418579102e-01 4.250000119209289551e-01
9.750000238418579102e-01 4.375000000000000000e-01
9.750000238418579102e-01 4.499999880790710449e-01
9.750000238418579102e-01 4.625000059604644775e-01
9.750000238418579102e-01 4.749999940395355225e-01
9.750000238418579102e-01 4.875000119209289551e-01
9.750000238418579102e-01 5.000000000000000000e-01
9.750000238418579102e-01 5.124999880790710449e-01
9.750000238418579102e-01 5.249999761581420898e-01
9.750000238418579102e-01 5.375000238418579102e-01
9.750000238418579102e-01 5.500000119209289551e-01
9.750000238418579102e-01 5.625000000000000000e-01
9.750000238418579102e-01 5.749999880790710449e-01
9.750000238418579102e-01 5.874999761581420898e-01
9.750000238418579102e-01 6.000000238418579102e-01
9.750000238418579102e-01 6.125000119209289551e-01
9.750000238418579102e-01 6.250000000000000000e-01
9.750000238418579102e-01 6.374999880790710449e-01
9.750000238418579102e-01 6.499999761581420898e-01
9.750000238418579102e-01 6.625000238418579102e-01
9.750000238418579102e-01 6.750000119209289551e-01
9.750000238418579102e-01 6.875000000000000000e-01
9.750000238418579102e-01 6.999999880790710449e-01
9.750000238418579102e-01 7.124999761581420898e-01
9.750000238418579102e-01 7.250000238418579102e-01
9.750000238418579102e-01 7.375000119209289551e-01
9.750000238418579102e-01 7.500000000000000000e-01
9.750000238418579102e-01 7.624999880790710449e-01
9.750000238418579102e-01 7.749999761581420898e-01
9.750000238418579102e-01 7.875000238418579102e-01
9.750000238418579102e-01 8.000000119209289551e-01
9.750000238418579102e-01 8.125000000000000000e-01
9.750000238418579102e-01 8.249999880790710449e-01
9.750000238418579102e-01 8.374999761581420898e-01
9.750000238418579102e-01 8.500000238418579102e-01
9.750000238418579102e-01 8.625000119209289551e-01
9.750000238418579102e-01 8.750000000000000000e-01
9.750000238418579102e-01 8.874999880790710449e-01
9.750000238418579102e-01 8.999999761581420898e-01
9.750000238418579102e-01 9.125000238418579102e-01
9.750000238418579102e-01 9.250000119209289551e-01
9.750000238418579102e-01 9.375000000000000000e-01
9.750000238418579102e-01 9.499999880790710449e-01
9.750000238418579102e-01 9.624999761581420898e-01
9.750000238418579102e-01 9.750000238418579102e-01
9.750000238418579102e-01 9.875000119209289551e-01
9.750000238418579102e-01 1.000000000000000000e+00
9.875000119209289551e-01 0.000000000000000000e+00
9.875000119209289551e-01 1.250000018626451492e-02
9.875000119209289551e-01 2.500000037252902985e-02
9.875000119209289551e-01 3.750000149011611938e-02
9.875000119209289551e-01 5.000000074505805969e-02
9.875000119209289551e-01 6.250000000000000000e-02
9.875000119209289551e-01 7.500000298023223877e-02
9.875000119209289551e-01 8.749999850988388062e-02
9.875000119209289551e-01 1.000000014901161194e-01
9.875000119209289551e-01 1.124999970197677612e-01
9.875000119209289551e-01 1.250000000000000000e-01
9.875000119209289551e-01 1.375000029802322388e-01
9.875000119209289551e-01 1.500000059604644775e-01
9.875000119209289551e-01 1.624999940395355225e-01
9.875000119209289551e-01 1.749999970197677612e-01
9.875000119209289551e-01 1.875000000000000000e-01
9.875000119209289551e-01 2.000000029802322388e-01
9.875000119209289551e-01 2.125000059604644775e-01
9.875000119209289551e-01 2.249999940395355225e-01
9.875000119209289551e-01 2.374999970197677612e-01
9.875000119209289551e-01 2.500000000000000000e-01
9.875000119209289551e-01 2.624999880790710449e-01
9.875000119209289551e-01 2.750000059604644775e-01
9.875000119209289551e-01 2.874999940395355225e-01
9.875000119209289551e-01 3.000000119209289551e-01
9.875000119209289551e-01 3.125000000000000000e-01
9.875000119209289551e-01 3.249999880790710449e-01
9.875000119209289551e-01 3.375000059604644775e-01
9.875000119209289551e-01 3.499999940395355225e-01
9.875000119209289551e-01 3.625000119209289551e-01
9.875000119209289551e-01 3.750000000000000000e-01
9.875000119209289551e-01 3.874999880790710449e-01
9.875000119209289551e-01 4.000000059604644775e-01
9.875000119209289551e-01 4.124999940395355225e-01
9.875000119209289551e-01 4.250000119209289551e-01
9.875000119209289551e-01 4.375000000000000000e-01
9.875000119209289551e-01 4.499999880790710449e-01
9.875000119209289551e-01 4.625000059604644775e-01
9.875000119209289551e-01 4.749999940395355225e-01
9.875000119209289551e-01 4.875000119209289551e-01
9.875000119209289551e-01 5.000000000000000000e-01
9.875000119209289551e-01 5.124999880790710449e-01
9.875000119209289551e-01 5.249999761581420898e-01
9.875000119209289551e-01 5.375000238418579102e-01
9.875000119209289551e-01 5.500000119209289551e-01
9.875000119209289551e-01 5.625000000000000000e-01
9.875000119209289551e-01 5.749999880790710449e-01
9.875000119209289551e-01 5.874999761581420898e-01
9.875000119209289551e-01 6.000000238418579102e-01
9.875000119209289551e-01 6.125000119209289551e-01
9.875000119209289551e-01 6.250000000000000000e-01
9.875000119209289551e-01 6.374999880790710449e-01
9.875000119209289551e-01 6.499999761581420898e-01
9.875000119209289551e-01 6.625000238418579102e-01
9.875000119209289551e-01 6.750000119209289551e-01
9.875000119209289551e-01 6.875000000000000000e-01
9.875000119209289551e-01 6.999999880790710449e-01
9.875000119209289551e-01 7.124999761581420898e-01
9.875000119209289551e-01 7.250000238418579102e-01
9.875000119209289551e-01 7.375000119209289551e-01
9.875000119209289551e-01 7.500000000000000000e-01
9.875000119209289551e-01 7.624999880790710449e-01
9.875000119209289551e-01 7.749999761581420898e-01
9.875000119209289551e-01 7.875000238418579102e-01
9.875000119209289551e-01 8.000000119209289551e-01
9.875000119209289551e-01 8.125000000000000000e-01
9.875000119209289551e-01 8.249999880790710449e-01
9.875000119209289551e-01 8.374999761581420898e-01
9.875000119209289551e-01 8.500000238418579102e-01
9.875000119209289551e-01 8.625000119209289551e-01
9.875000119209289551e-01 8.750000000000000000e-01
9.875000119209289551e-01 8.874999880790710449e-01
9.875000119209289551e-01 8.999999761581420898e-01
9.875000119209289551e-01 9.125000238418579102e-01
9.875000119209289551e-01 9.250000119209289551e-01
9.875000119209289551e-01 9.375000000000000000e-01
9.875000119209289551e-01 9.499999880790710449e-01
9.875000119209289551e-01 9.624999761581420898e-01
9.875000119209289551e-01 9.750000238418579102e-01
9.875000119209289551e-01 9.875000119209289551e-01
9.875000119209289551e-01 1.000000000000000000e+00
1.000000000000000000e+00 0.000000000000000000e+00
1.000000000000000000e+00 1.250000018626451492e-02
1.000000000000000000e+00 2.500000037252902985e-02
1.000000000000000000e+00 3.750000149011611938e-02
1.000000000000000000e+00 5.000000074505805969e-02
1.000000000000000000e+00 6.250000000000000000e-02
1.000000000000000000e+00 7.500000298023223877e-02
1.000000000000000000e+00 8.749999850988388062e-02
1.000000000000000000e+00 1.000000014901161194e-01
1.000000000000000000e+00 1.124999970197677612e-01
1.000000000000000000e+00 1.250000000000000000e-01
1.000000000000000000e+00 1.375000029802322388e-01
1.000000000000000000e+00 1.500000059604644775e-01
1.000000000000000000e+00 1.624999940395355225e-01
1.000000000000000000e+00 1.749999970197677612e-01
1.000000000000000000e+00 1.875000000000000000e-01
1.000000000000000000e+00 2.000000029802322388e-01
1.000000000000000000e+00 2.125000059604644775e-01
1.000000000000000000e+00 2.249999940395355225e-01
1.000000000000000000e+00 2.374999970197677612e-01
1.000000000000000000e+00 2.500000000000000000e-01
1.000000000000000000e+00 2.624999880790710449e-01
1.000000000000000000e+00 2.750000059604644775e-01
1.000000000000000000e+00 2.874999940395355225e-01
1.000000000000000000e+00 3.000000119209289551e-01
1.000000000000000000e+00 3.125000000000000000e-01
1.000000000000000000e+00 3.249999880790710449e-01
1.000000000000000000e+00 3.375000059604644775e-01
1.000000000000000000e+00 3.499999940395355225e-01
1.000000000000000000e+00 3.625000119209289551e-01
1.000000000000000000e+00 3.750000000000000000e-01
1.000000000000000000e+00 3.874999880790710449e-01
1.000000000000000000e+00 4.000000059604644775e-01
1.000000000000000000e+00 4.124999940395355225e-01
1.000000000000000000e+00 4.250000119209289551e-01
1.000000000000000000e+00 4.375000000000000000e-01
1.000000000000000000e+00 4.499999880790710449e-01
1.000000000000000000e+00 4.625000059604644775e-01
1.000000000000000000e+00 4.749999940395355225e-01
1.000000000000000000e+00 4.875000119209289551e-01
1.000000000000000000e+00 5.000000000000000000e-01
1.000000000000000000e+00 5.124999880790710449e-01
1.000000000000000000e+00 5.249999761581420898e-01
1.000000000000000000e+00 5.375000238418579102e-01
1.000000000000000000e+00 5.500000119209289551e-01
1.000000000000000000e+00 5.625000000000000000e-01
1.000000000000000000e+00 5.749999880790710449e-01
1.000000000000000000e+00 5.874999761581420898e-01
1.000000000000000000e+00 6.000000238418579102e-01
1.000000000000000000e+00 6.125000119209289551e-01
1.000000000000000000e+00 6.250000000000000000e-01
1.000000000000000000e+00 6.374999880790710449e-01
1.000000000000000000e+00 6.499999761581420898e-01
1.000000000000000000e+00 6.625000238418579102e-01
1.000000000000000000e+00 6.750000119209289551e-01
1.000000000000000000e+00 6.875000000000000000e-01
1.000000000000000000e+00 6.999999880790710449e-01
1.000000000000000000e+00 7.124999761581420898e-01
1.000000000000000000e+00 7.250000238418579102e-01
1.000000000000000000e+00 7.375000119209289551e-01
1.000000000000000000e+00 7.500000000000000000e-01
1.000000000000000000e+00 7.624999880790710449e-01
1.000000000000000000e+00 7.749999761581420898e-01
1.000000000000000000e+00 7.875000238418579102e-01
1.000000000000000000e+00 8.000000119209289551e-01
1.000000000000000000e+00 8.125000000000000000e-01
1.000000000000000000e+00 8.249999880790710449e-01
1.000000000000000000e+00 8.374999761581420898e-01
1.000000000000000000e+00 8.500000238418579102e-01
1.000000000000000000e+00 8.625000119209289551e-01
1.000000000000000000e+00 8.750000000000000000e-01
1.000000000000000000e+00 8.874999880790710449e-01
1.000000000000000000e+00 8.999999761581420898e-01
1.000000000000000000e+00 9.125000238418579102e-01
1.000000000000000000e+00 9.250000119209289551e-01
1.000000000000000000e+00 9.375000000000000000e-01
1.000000000000000000e+00 9.499999880790710449e-01
1.000000000000000000e+00 9.624999761581420898e-01
1.000000000000000000e+00 9.750000238418579102e-01
1.000000000000000000e+00 9.875000119209289551e-01
1.000000000000000000e+00 1.000000000000000000e+00
1.000000000000000000e+00 6.367187500000000000e-01
0.000000000000000000e+00 7.421875000000000000e-02
1.000000000000000000e+00 4.375000000000000000e-01
1.000000000000000000e+00 5.039062500000000000e-01
0.000000000000000000e+00 5.937500000000000000e-01
1.000000000000000000e+00 1.601562500000000000e-01
0.000000000000000000e+00 7.656250000000000000e-01
1.000000000000000000e+00 4.882812500000000000e-01
0.000000000000000000e+00 1.875000000000000000e-01
0.000000000000000000e+00 7.851562500000000000e-01
1.000000000000000000e+00 1.171875000000000000e-02
1.000000000000000000e+00 2.226562500000000000e-01
0.000000000000000000e+00 2.578125000000000000e-01
0.000000000000000000e+00 8.593750000000000000e-02
1.000000000000000000e+00 6.406250000000000000e-01
1.000000000000000000e+00 4.726562500000000000e-01
0.000000000000000000e+00 8.203125000000000000e-02
0.000000000000000000e+00 9.687500000000000000e-01
0.000000000000000000e+00 2.812500000000000000e-01
1.000000000000000000e+00 1.289062500000000000e-01
0.000000000000000000e+00 8.671875000000000000e-01
0.000000000000000000e+00 2.265625000000000000e-01
1.000000000000000000e+00 7.265625000000000000e-01
0.000000000000000000e+00 7.695312500000000000e-01
0.000000000000000000e+00 7.187500000000000000e-01
1.000000000000000000e+00 8.750000000000000000e-01
0.000000000000000000e+00 9.375000000000000000e-01
0.000000000000000000e+00 9.882812500000000000e-01
1.000000000000000000e+00 4.296875000000000000e-01
0.000000000000000000e+00 6.796875000000000000e-01
1.000000000000000000e+00 3.281250000000000000e-01
1.000000000000000000e+00 6.132812500000000000e-01
1.000000000000000000e+00 9.140625000000000000e-01
0.000000000000000000e+00 5.078125000000000000e-02
0.000000000000000000e+00 3.593750000000000000e-01
0.000000000000000000e+00 7.421875000000000000e-01
0.000000000000000000e+00 3.750000000000000000e-01
1.000000000000000000e+00 2.617187500000000000e-01
1.000000000000000000e+00 3.320312500000000000e-01
1.000000000000000000e+00 1.015625000000000000e-01
1.000000000000000000e+00 6.914062500000000000e-01
0.000000000000000000e+00 2.890625000000000000e-01
0.000000000000000000e+00 9.062500000000000000e-01
1.000000000000000000e+00 3.906250000000000000e-01
0.000000000000000000e+00 6.640625000000000000e-02
0.000000000000000000e+00 9.375000000000000000e-02
1.000000000000000000e+00 7.031250000000000000e-02
0.000000000000000000e+00 3.203125000000000000e-01
1.000000000000000000e+00 1.718750000000000000e-01
0.000000000000000000e+00 8.281250000000000000e-01
0.000000000000000000e+00 7.539062500000000000e-01
1.000000000000000000e+00 6.015625000000000000e-01
0.000000000000000000e+00 1.562500000000000000e-01
1.000000000000000000e+00 1.757812500000000000e-01
1.000000000000000000e+00 5.976562500000000000e-01
0.000000000000000000e+00 9.414062500000000000e-01
0.000000000000000000e+00 8.906250000000000000e-01
1.000000000000000000e+00 7.031250000000000000e-01
1.000000000000000000e+00 9.921875000000000000e-01
1.000000000000000000e+00 5.507812500000000000e-01
0.000000000000000000e+00 3.632812500000000000e-01
1.000000000000000000e+00 6.484375000000000000e-01
0.000000000000000000e+00 2.070312500000000000e-01
1.000000000000000000e+00 4.257812500000000000e-01
1.000000000000000000e+00 4.101562500000000000e-01
1.000000000000000000e+00 2.500000000000000000e-01
0.000000000000000000e+00 8.789062500000000000e-01
1.000000000000000000e+00 3.046875000000000000e-01
1.000000000000000000e+00 7.617187500000000000e-01
0.000000000000000000e+00 2.968750000000000000e-01
1.000000000000000000e+00 1.093750000000000000e-01
1.000000000000000000e+00 6.875000000000000000e-01
1.000000000000000000e+00 4.218750000000000000e-01
0.000000000000000000e+00 4.687500000000000000e-02
0.000000000000000000e+00 7.070312500000000000e-01
1.000000000000000000e+00 7.734375000000000000e-01
0.000000000000000000e+00 9.765625000000000000e-02
1.000000000000000000e+00 8.164062500000000000e-01
1.000000000000000000e+00 5.351562500000000000e-01
0.000000000000000000e+00 6.601562500000000000e-01
1.000000000000000000e+00 5.859375000000000000e-01
1.000000000000000000e+00 6.250000000000000000e-02
0.000000000000000000e+00 4.921875000000000000e-01
0.000000000000000000e+00 9.843750000000000000e-01
1.000000000000000000e+00 2.382812500000000000e-01
0.000000000000000000e+00 1.914062500000000000e-01
0.000000000000000000e+00 7.382812500000000000e-01
1.000000000000000000e+00 3.671875000000000000e-01
0.000000000000000000e+00 2.734375000000000000e-01
0.000000000000000000e+00 1.250000000000000000e-01
1.000000000000000000e+00 6.640625000000000000e-01
1.000000000000000000e+00 5.781250000000000000e-01
1.000000000000000000e+00 3.007812500000000000e-01
1.000000000000000000e+00 3.828125000000000000e-01
1.000000000000000000e+00 9.257812500000000000e-01
1.000000000000000000e+00 5.156250000000000000e-01
0.000000000000000000e+00 3.867187500000000000e-01
1.000000000000000000e+00 1.367187500000000000e-01
1.000000000000000000e+00 5.664062500000000000e-01
1.000000000000000000e+00 2.421875000000000000e-01
0.000000000000000000e+00 2.695312500000000000e-01
0.000000000000000000e+00 8.437500000000000000e-01
1.000000000000000000e+00 9.765625000000000000e-01
1.000000000000000000e+00 6.445312500000000000e-01
0.000000000000000000e+00 4.765625000000000000e-01
1.000000000000000000e+00 7.812500000000000000e-02
0.000000000000000000e+00 6.250000000000000000e-01
1.000000000000000000e+00 6.757812500000000000e-01
1.000000000000000000e+00 5.468750000000000000e-01
1.000000000000000000e+00 8.828125000000000000e-01
1.000000000000000000e+00 3.515625000000000000e-01
1.000000000000000000e+00 9.218750000000000000e-01
0.000000000000000000e+00 7.226562500000000000e-01
1.000000000000000000e+00 1.406250000000000000e-01
1.000000000000000000e+00 8.867187500000000000e-01
1.000000000000000000e+00 1.640625000000000000e-01
1.000000000000000000e+00 5.820312500000000000e-01
1.000000000000000000e+00 2.031250000000000000e-01
1.000000000000000000e+00 1.132812500000000000e-01
1.000000000000000000e+00 6.093750000000000000e-01
1.000000000000000000e+00 3.906250000000000000e-03
1.000000000000000000e+00 3.125000000000000000e-02
1.000000000000000000e+00 9.531250000000000000e-01
0.000000000000000000e+00 7.109375000000000000e-01
0.000000000000000000e+00 8.593750000000000000e-01
1.000000000000000000e+00 6.562500000000000000e-01
0.000000000000000000e+00 1.328125000000000000e-01
1.000000000000000000e+00 6.289062500000000000e-01
1.000000000000000000e+00 3.906250000000000000e-02
0.000000000000000000e+00 5.625000000000000000e-01
0.000000000000000000e+00 8.984375000000000000e-01
0.000000000000000000e+00 1.484375000000000000e-01
1.000000000000000000e+00 8.476562500000000000e-01
0.000000000000000000e+00 8.515625000000000000e-01
1.000000000000000000e+00 9.101562500000000000e-01
1.000000000000000000e+00 2.343750000000000000e-01
1.000000000000000000e+00 7.578125000000000000e-01
0.000000000000000000e+00 5.195312500000000000e-01
0.000000000000000000e+00 6.718750000000000000e-01
0.000000000000000000e+00 4.531250000000000000e-01
0.000000000000000000e+00 3.984375000000000000e-01
1.000000000000000000e+00 3.164062500000000000e-01
1.000000000000000000e+00 1.445312500000000000e-01
1.000000000000000000e+00 3.515625000000000000e-02
0.000000000000000000e+00 5.390625000000000000e-01
1.000000000000000000e+00 1.953125000000000000e-02
1.000000000000000000e+00 7.968750000000000000e-01
0.000000000000000000e+00 1.171875000000000000e-01
1.000000000000000000e+00 2.539062500000000000e-01
0.000000000000000000e+00 2.343750000000000000e-02
1.000000000000000000e+00 9.453125000000000000e-01
0.000000000000000000e+00 4.570312500000000000e-01
1.000000000000000000e+00 8.632812500000000000e-01
1.000000000000000000e+00 2.851562500000000000e-01
0.000000000000000000e+00 3.945312500000000000e-01
1.000000000000000000e+00 6.953125000000000000e-01
1.000000000000000000e+00 3.437500000000000000e-01
1.000000000000000000e+00 4.414062500000000000e-01
0.000000000000000000e+00 6.328125000000000000e-01
0.000000000000000000e+00 4.140625000000000000e-01
1.000000000000000000e+00 5.468750000000000000e-02
1.000000000000000000e+00 4.453125000000000000e-01
0.000000000000000000e+00 8.320312500000000000e-01
1.000000000000000000e+00 8.007812500000000000e-01
0.000000000000000000e+00 2.656250000000000000e-01
1.000000000000000000e+00 7.812500000000000000e-03
0.000000000000000000e+00 4.687500000000000000e-01
0.000000000000000000e+00 6.171875000000000000e-01
0.000000000000000000e+00 4.843750000000000000e-01
0.000000000000000000e+00 9.726562500000000000e-01
0.000000000000000000e+00 5.312500000000000000e-01
0.000000000000000000e+00 5.117187500000000000e-01
1.000000000000000000e+00 3.789062500000000000e-01
0.000000000000000000e+00 9.570312500000000000e-01
0.000000000000000000e+00 3.359375000000000000e-01
0.000000000000000000e+00 7.812500000000000000e-01
0.000000000000000000e+00 5.546875000000000000e-01
1.000000000000000000e+00 3.125000000000000000e-01
0.000000000000000000e+00 1.953125000000000000e-01
1.000000000000000000e+00 9.296875000000000000e-01
0.000000000000000000e+00 5.234375000000000000e-01
0.000000000000000000e+00 8.359375000000000000e-01
1.000000000000000000e+00 1.562500000000000000e-02
1.000000000000000000e+00 8.046875000000000000e-01
0.000000000000000000e+00 7.500000000000000000e-01
1.000000000000000000e+00 5.000000000000000000e-01
0.000000000000000000e+00 8.945312500000000000e-01
0.000000000000000000e+00 2.187500000000000000e-01
1.000000000000000000e+00 3.476562500000000000e-01
1.000000000000000000e+00 7.890625000000000000e-01
0.000000000000000000e+00 8.125000000000000000e-01
1.000000000000000000e+00 7.343750000000000000e-01
0.000000000000000000e+00 2.109375000000000000e-01
0.000000000000000000e+00 1.796875000000000000e-01
0.000000000000000000e+00 9.609375000000000000e-01
1.000000000000000000e+00 8.203125000000000000e-01
0.000000000000000000e+00 4.609375000000000000e-01
0.000000000000000000e+00 5.078125000000000000e-01
0.000000000000000000e+00 4.062500000000000000e-01
1.000000000000000000e+00 5.703125000000000000e-01
5.000000000000000000e-01 1.249843771802261472e-04
2.500000000000000000e-01 2.499687543604522943e-04
7.500000000000000000e-01 3.749531169887632132e-04
1.250000000000000000e-01 4.999375087209045887e-04
6.250000000000000000e-01 6.249218713492155075e-04
3.750000000000000000e-01 7.499062339775264263e-04
8.750000000000000000e-01 8.748906548134982586e-04
6.250000000000000000e-02 9.998750174418091774e-04
5.625000000000000000e-01 1.124859438277781010e-03
3.125000000000000000e-01 1.249843742698431015e-03
8.125000000000000000e-01 1.374828163534402847e-03
1.875000000000000000e-01 1.499812467955052853e-03
6.875000000000000000e-01 1.624796888791024685e-03
4.375000000000000000e-01 1.749781309626996517e-03
9.375000000000000000e-01 1.874765614047646523e-03
3.125000000000000000e-02 1.999750034883618355e-03
5.312500000000000000e-01 2.124734455719590187e-03
2.812500000000000000e-01 2.249718876555562019e-03
7.812500000000000000e-01 2.374703064560890198e-03
1.562500000000000000e-01 2.499687485396862030e-03
6.562500000000000000e-01 2.624671906232833862e-03
4.062500000000000000e-01 2.749656327068805695e-03
9.062500000000000000e-01 2.874640747904777527e-03
9.375000000000000000e-02 2.999624935910105705e-03
5.937500000000000000e-01 3.124609356746077538e-03
3.437500000000000000e-01 3.249593777582049370e-03
8.437500000000000000e-01 3.374578198418021202e-03
2.187500000000000000e-01 3.499562619253993034e-03
7.187500000000000000e-01 3.624547040089964867e-03
4.687500000000000000e-01 3.749531228095293045e-03
9.687500000000000000e-01 3.874515648931264877e-03
1.562500000000000000e-02 3.999500069767236710e-03
5.156250000000000000e-01 4.124484490603208542e-03
2.656250000000000000e-01 4.249468911439180374e-03
7.656250000000000000e-01 4.374453332275152206e-03
1.406250000000000000e-01 4.499437753111124039e-03
6.406250000000000000e-01 4.624422173947095871e-03
3.906250000000000000e-01 4.749406129121780396e-03
8.906250000000000000e-01 4.874390549957752228e-03
7.812500000000000000e-02 4.999374970793724060e-03
5.781250000000000000e-01 5.124359391629695892e-03
3.281250000000000000e-01 5.249343812465667725e-03
8.281250000000000000e-01 5.374328233301639557e-03
2.031250000000000000e-01 5.499312654137611389e-03
7.031250000000000000e-01 5.624297074973583221e-03
4.531250000000000000e-01 5.749281495809555054e-03
9.531250000000000000e-01 5.874265916645526886e-03
4.687500000000000000e-02 5.999249871820211411e-03
5.468750000000000000e-01 6.124234292656183243e-03
2.968750000000000000e-01 6.249218713492155075e-03
7.968750000000000000e-01 6.374203134328126907e-03
1.718750000000000000e-01 6.499187555164098740e-03
6.718750000000000000e-01 6.624171976000070572e-03
4.218750000000000000e-01 6.749156396836042404e-03
9.218750000000000000e-01 6.874140817672014236e-03
1.093750000000000000e-01 6.999125238507986069e-03
6.093750000000000000e-01 7.124109659343957901e-03
3.593750000000000000e-01 7.249094080179929733e-03
8.593750000000000000e-01 7.374078035354614258e-03
2.343750000000000000e-01 7.499062456190586090e-03
7.343750000000000000e-01 7.624046877026557922e-03
4.843750000000000000e-01 7.749031297862529755e-03
9.843750000000000000e-01 7.874015718698501587e-03
7.812500000000000000e-03 7.999000139534473419e-03
5.078125000000000000e-01 8.123984560370445251e-03
2.578125000000000000e-01 8.248968981206417084e-03
7.578125000000000000e-01 8.373953402042388916e-03
1.328125000000000000e-01 8.498937822878360748e-03
6.328125000000000000e-01 8.623922243714332581e-03
3.828125000000000000e-01 8.748906664550304413e-03
8.828125000000000000e-01 8.873891085386276245e-03
7.031250000000000000e-02 8.998875506222248077e-03
5.703125000000000000e-01 9.123859927058219910e-03
3.203125000000000000e-01 9.248844347894191742e-03
8.203125000000000000e-01 9.373827837407588959e-03
1.953125000000000000e-01 9.498812258243560791e-03
6.953125000000000000e-01 9.623796679079532623e-03
4.453125000000000000e-01 9.748781099915504456e-03
9.453125000000000000e-01 9.873765520751476288e-03
3.906250000000000000e-02 9.998749941587448120e-03
5.390625000000000000e-01 1.012373436242341995e-02
2.890625000000000000e-01 1.024871878325939178e-02
7.890625000000000000e-01 1.037370320409536362e-02
1.640625000000000000e-01 1.049868762493133545e-02
6.640625000000000000e-01 1.062367204576730728e-02
4.140625000000000000e-01 1.074865646660327911e-02
9.140625000000000000e-01 1.087364088743925095e-02
1.015625000000000000e-01 1.099862530827522278e-02
6.015625000000000000e-01 1.112360972911119461e-02
3.515625000000000000e-01 1.124859414994716644e-02
8.515625000000000000e-01 1.137357857078313828e-02
2.265625000000000000e-01 1.149856299161911011e-02
7.265625000000000000e-01 1.162354741245508194e-02
4.765625000000000000e-01 1.174853183329105377e-02
9.765625000000000000e-01 1.187351625412702560e-02
2.343750000000000000e-02 1.199849974364042282e-02
5.234375000000000000e-01 1.212348416447639465e-02
2.734375000000000000e-01 1.224846858531236649e-02
7.734375000000000000e-01 1.237345300614833832e-02
1.484375000000000000e-01 1.249843742698431015e-02
6.484375000000000000e-01 1.262342184782028198e-02
3.984375000000000000e-01 1.274840626865625381e-02
8.984375000000000000e-01 1.287339068949222565e-02
8.593750000000000000e-02 1.299837511032819748e-02
5.859375000000000000e-01 1.312335953116416931e-02
3.359375000000000000e-01 1.324834395200014114e-02
8.359375000000000000e-01 1.337332837283611298e-02
2.109375000000000000e-01 1.349831279367208481e-02
7.109375000000000000e-01 1.362329721450805664e-02
4.609375000000000000e-01 1.374828163534402847e-02
9.609375000000000000e-01 1.387326605618000031e-02
5.468750000000000000e-02 1.399825047701597214e-02
5.546875000000000000e-01 1.412323489785194397e-02
3.046875000000000000e-01 1.424821931868791580e-02
8.046875000000000000e-01 1.437320373952388763e-02
1.796875000000000000e-01 1.449818816035985947e-02
6.796875000000000000e-01 1.462317164987325668e-02
4.296875000000000000e-01 1.474815607070922852e-02
9.296875000000000000e-01 1.487314049154520035e-02
1.171875000000000000e-01 1.499812491238117218e-02
6.171875000000000000e-01 1.512310933321714401e-02
3.671875000000000000e-01 1.524809375405311584e-02
8.671875000000000000e-01 1.537307817488908768e-02
2.421875000000000000e-01 1.549806259572505951e-02
7.421875000000000000e-01 1.562304701656103134e-02
4.921875000000000000e-01 1.574803143739700317e-02
9.921875000000000000e-01 1.587301678955554962e-02
3.906250000000000000e-03 1.599800027906894684e-02
5.039062500000000000e-01 1.612298376858234406e-02
2.539062500000000000e-01 1.624796912074089050e-02
7.539062500000000000e-01 1.637295261025428772e-02
1.289062500000000000e-01 1.649793796241283417e-02
6.289062500000000000e-01 1.662292145192623138e-02
3.789062500000000000e-01 1.674790680408477783e-02
8.789062500000000000e-01 1.687289029359817505e-02
6.640625000000000000e-02 1.699787564575672150e-02
5.664062500000000000e-01 1.712285913527011871e-02
3.164062500000000000e-01 1.724784448742866516e-02
8.164062500000000000e-01 1.737282797694206238e-02
1.914062500000000000e-01 1.749781332910060883e-02
6.914062500000000000e-01 1.762279681861400604e-02
4.414062500000000000e-01 1.774778217077255249e-02
9.414062500000000000e-01 1.787276566028594971e-02
3.515625000000000000e-02 1.799775101244449615e-02
5.351562500000000000e-01 1.812273450195789337e-02
2.851562500000000000e-01 1.824771985411643982e-02
7.851562500000000000e-01 1.837270334362983704e-02
1.601562500000000000e-01 1.849768869578838348e-02
6.601562500000000000e-01 1.862267218530178070e-02
4.101562500000000000e-01 1.874765567481517792e-02
9.101562500000000000e-01 1.887264102697372437e-02
9.765625000000000000e-02 1.899762451648712158e-02
5.976562500000000000e-01 1.912260986864566803e-02
3.476562500000000000e-01 1.924759335815906525e-02
8.476562500000000000e-01 1.937257871031761169e-02
2.226562500000000000e-01 1.949756219983100891e-02
7.226562500000000000e-01 1.962254755198955536e-02
4.726562500000000000e-01 1.974753104150295258e-02
9.726562500000000000e-01 1.987251639366149902e-02
1.953125000000000000e-02 1.999749988317489624e-02
5.195312500000000000e-01 2.012248523533344269e-02
2.695312500000000000e-01 2.024746872484683990e-02
7.695312500000000000e-01 2.037245407700538635e-02
1.445312500000000000e-01 2.049743756651878357e-02
6.445312500000000000e-01 2.062242291867733002e-02
3.945312500000000000e-01 2.074740640819072723e-02
8.945312500000000000e-01 2.087239176034927368e-02
8.203125000000000000e-02 2.099737524986267090e-02
5.820312500000000000e-01 2.112236060202121735e-02
3.320312500000000000e-01 2.124734409153461456e-02
8.320312500000000000e-01 2.137232758104801178e-02
2.070312500000000000e-01 2.149731293320655823e-02
7.070312500000000000e-01 2.162229642271995544e-02
4.570312500000000000e-01 2.174728177487850189e-02
9.570312500000000000e-01 2.187226526439189911e-02
5.078125000000000000e-02 2.199725061655044556e-02
5.507812500000000000e-01 2.212223410606384277e-02
3.007812500000000000e-01 2.224721945822238922e-02
8.007812500000000000e-01 2.237220294773578644e-02
1.757812500000000000e-01 2.249718829989433289e-02
6.757812500000000000e-01 2.262217178940773010e-02
4.257812500000000000e-01 2.274715714156627655e-02
9.257812500000000000e-01 2.287214063107967377e-02
1.132812500000000000e-01 2.299712598323822021e-02
6.132812500000000000e-01 2.312210947275161743e-02
3.632812500000000000e-01 2.324709482491016388e-02
8.632812500000000000e-01 2.337207831442356110e-02
2.382812500000000000e-01 2.349706366658210754e-02
7.382812500000000000e-01 2.362204715609550476e-02
4.882812500000000000e-01 2.374703250825405121e-02
9.882812500000000000e-01 2.387201599776744843e-02
1.171875000000000000e-02 2.399699948728084564e-02
5.117187500000000000e-01 2.412198483943939209e-02
2.617187500000000000e-01 2.424696832895278931e-02
7.617187500000000000e-01 2.437195368111133575e-02
1.367187500000000000e-01 2.449693717062473297e-02
6.367187500000000000e-01 2.462192252278327942e-02
3.867187500000000000e-01 2.474690601229667664e-02
8.867187500000000000e-01 2.487189136445522308e-02
7.421875000000000000e-02 2.499687485396862030e-02
5.742187500000000000e-01 2.512186020612716675e-02
3.242187500000000000e-01 2.524684369564056396e-02
8.242187500000000000e-01 2.537182904779911041e-02
1.992187500000000000e-01 2.549681253731250763e-02
6.992187500000000000e-01 2.562179788947105408e-02
4.492187500000000000e-01 2.574678137898445129e-02
9.492187500000000000e-01 2.587176673114299774e-02
4.296875000000000000e-02 2.599675022065639496e-02
5.429687500000000000e-01 2.612173557281494141e-02
2.929687500000000000e-01 2.624671906232833862e-02
7.929687500000000000e-01 2.637170441448688507e-02
1.679687500000000000e-01 2.649668790400028229e-02
6.679687500000000000e-01 2.662167139351367950e-02
4.179687500000000000e-01 2.674665674567222595e-02
9.179687500000000000e-01 2.687164023518562317e-02
1.054687500000000000e-01 2.699662558734416962e-02
6.054687500000000000e-01 2.712160907685756683e-02
3.554687500000000000e-01 2.724659442901611328e-02
8.554687500000000000e-01 2.737157791852951050e-02
2.304687500000000000e-01 2.749656327068805695e-02
7.304687500000000000e-01 2.762154676020145416e-02
4.804687500000000000e-01 2.774653211236000061e-02
9.804687500000000000e-01 2.787151560187339783e-02
2.734375000000000000e-02 2.799650095403194427e-02
5.273437500000000000e-01 2.812148444354534149e-02
2.773437500000000000e-01 2.824646979570388794e-02
7.773437500000000000e-01 2.837145328521728516e-02
1.523437500000000000e-01 2.849643863737583160e-02
6.523437500000000000e-01 2.862142212688922882e-02
4.023437500000000000e-01 2.874640747904777527e-02
9.023437500000000000e-01 2.887139096856117249e-02
8.984375000000000000e-02 2.899637632071971893e-02
5.898437500000000000e-01 2.912135981023311615e-02
3.398437500000000000e-01 2.924634329974651337e-02
8.398437500000000000e-01 2.937132865190505981e-02
2.148437500000000000e-01 2.949631214141845703e-02
7.148437500000000000e-01 2.962129749357700348e-02
4.648437500000000000e-01 2.974628098309040070e-02
9.648437500000000000e-01 2.987126633524894714e-02
5.859375000000000000e-02 2.999624982476234436e-02
5.585937500000000000e-01 3.012123517692089081e-02
3.085937500000000000e-01 3.024621866643428802e-02
8.085937500000000000e-01 3.037120401859283447e-02
1.835937500000000000e-01 3.049618750810623169e-02
6.835937500000000000e-01 3.062117286026477814e-02
4.335937500000000000e-01 3.074615634977817535e-02
9.335937500000000000e-01 3.087114170193672180e-02
1.210937500000000000e-01 3.099612519145011902e-02
6.210937500000000000e-01 3.112111054360866547e-02
3.710937500000000000e-01 3.124609403312206268e-02
8.710937500000000000e-01 3.137107938528060913e-02
2.460937500000000000e-01 3.149606287479400635e-02
7.460937500000000000e-01 3.162104636430740356e-02
4.960937500000000000e-01 3.174603357911109924e-02
9.960937500000000000e-01 3.187101706862449646e-02
1.953125000000000000e-03 3.199600055813789368e-02
5.019531250000000000e-01 3.212098404765129089e-02
2.519531250000000000e-01 3.224596753716468811e-02
7.519531250000000000e-01 3.237095475196838379e-02
1.269531250000000000e-01 3.249593824148178101e-02
6.269531250000000000e-01 3.262092173099517822e-02
3.769531250000000000e-01 3.274590522050857544e-02
8.769531250000000000e-01 3.287089243531227112e-02
6.445312500000000000e-02 3.299587592482566833e-02
5.644531250000000000e-01 3.312085941433906555e-02
3.144531250000000000e-01 3.324584290385246277e-02
8.144531250000000000e-01 3.337083011865615845e-02
1.894531250000000000e-01 3.349581360816955566e-02
6.894531250000000000e-01 3.362079709768295288e-02
4.394531250000000000e-01 3.374578058719635010e-02
9.394531250000000000e-01 3.387076780200004578e-02
3.320312500000000000e-02 3.399575129151344299e-02
5.332031250000000000e-01 3.412073478102684021e-02
2.832031250000000000e-01 3.424571827054023743e-02
7.832031250000000000e-01 3.437070548534393311e-02
1.582031250000000000e-01 3.449568897485733032e-02
6.582031250000000000e-01 3.462067246437072754e-02
4.082031250000000000e-01 3.474565595388412476e-02
9.082031250000000000e-01 3.487063944339752197e-02
9.570312500000000000e-02 3.499562665820121765e-02
5.957031250000000000e-01 3.512061014771461487e-02
3.457031250000000000e-01 3.524559363722801208e-02
8.457031250000000000e-01 3.537057712674140930e-02
2.207031250000000000e-01 3.549556434154510498e-02
7.207031250000000000e-01 3.562054783105850220e-02
4.707031250000000000e-01 3.574553132057189941e-02
9.707031250000000000e-01 3.587051481008529663e-02
1.757812500000000000e-02 3.599550202488899231e-02
5.175781250000000000e-01 3.612048551440238953e-02
2.675781250000000000e-01 3.624546900391578674e-02
7.675781250000000000e-01 3.637045249342918396e-02
1.425781250000000000e-01 3.649543970823287964e-02
6.425781250000000000e-01 3.662042319774627686e-02
3.925781250000000000e-01 3.674540668725967407e-02
8.925781250000000000e-01 3.687039017677307129e-02
8.007812500000000000e-02 3.699537739157676697e-02
5.800781250000000000e-01 3.712036088109016418e-02
3.300781250000000000e-01 3.724534437060356140e-02
8.300781250000000000e-01 3.737032786011695862e-02
2.050781250000000000e-01 3.749531134963035583e-02
7.050781250000000000e-01 3.762029856443405151e-02
4.550781250000000000e-01 3.774528205394744873e-02
9.550781250000000000e-01 3.787026554346084595e-02
4.882812500000000000e-02 3.799524903297424316e-02
5.488281250000000000e-01 3.812023624777793884e-02
2.988281250000000000e-01 3.824521973729133606e-02
7.988281250000000000e-01 3.837020322680473328e-02
1.738281250000000000e-01 3.849518671631813049e-02
6.738281250000000000e-01 3.862017393112182617e-02
4.238281250000000000e-01 3.874515742063522339e-02
9.238281250000000000e-01 3.887014091014862061e-02
1.113281250000000000e-01 3.899512439966201782e-02
6.113281250000000000e-01 3.912011161446571350e-02
3.613281250000000000e-01 3.924509510397911072e-02
8.613281250000000000e-01 3.937007859349250793e-02
2.363281250000000000e-01 3.949506208300590515e-02
7.363281250000000000e-01 3.962004929780960083e-02
4.863281250000000000e-01 3.974503278732299805e-02
9.863281250000000000e-01 3.987001627683639526e-02
9.765625000000000000e-03 3.999499976634979248e-02
5.097656250000000000e-01 4.011998325586318970e-02
2.597656250000000000e-01 4.024497047066688538e-02
7.597656250000000000e-01 4.036995396018028259e-02
1.347656250000000000e-01 4.049493744969367981e-02
6.347656250000000000e-01 4.061992093920707703e-02
3.847656250000000000e-01 4.074490815401077271e-02
8.847656250000000000e-01 4.086989164352416992e-02
7.226562500000000000e-02 4.099487513303756714e-02
5.722656250000000000e-01 4.111985862255096436e-02
3.222656250000000000e-01 4.124484583735466003e-02
8.222656250000000000e-01 4.136982932686805725e-02
1.972656250000000000e-01 4.149481281638145447e-02
6.972656250000000000e-01 4.161979630589485168e-02
4.472656250000000000e-01 4.174478352069854736e-02
9.472656250000000000e-01 4.186976701021194458e-02
4.101562500000000000e-02 4.199475049972534180e-02
5.410156250000000000e-01 4.211973398923873901e-02
2.910156250000000000e-01 4.224472120404243469e-02
7.910156250000000000e-01 4.236970469355583191e-02
1.660156250000000000e-01 4.249468818306922913e-02
6.660156250000000000e-01 4.261967167258262634e-02
4.160156250000000000e-01 4.274465516209602356e-02
9.160156250000000000e-01 4.286964237689971924e-02
1.035156250000000000e-01 4.299462586641311646e-02
6.035156250000000000e-01 4.311960935592651367e-02
3.535156250000000000e-01 4.324459284543991089e-02
8.535156250000000000e-01 4.336958006024360657e-02
2.285156250000000000e-01 4.349456354975700378e-02
7.285156250000000000e-01 4.361954703927040100e-02
4.785156250000000000e-01 4.374453052878379822e-02
9.785156250000000000e-01 4.386951774358749390e-02
2.539062500000000000e-02 4.399450123310089111e-02
5.253906250000000000e-01 4.411948472261428833e-02
2.753906250000000000e-01 4.424446821212768555e-02
7.753906250000000000e-01 4.436945542693138123e-02
1.503906250000000000e-01 4.449443891644477844e-02
6.503906250000000000e-01 4.461942240595817566e-02
4.003906250000000000e-01 4.474440589547157288e-02
9.003906250000000000e-01 4.486939311027526855e-02
8.789062500000000000e-02 4.499437659978866577e-02
5.878906250000000000e-01 4.511936008930206299e-02
3.378906250000000000e-01 4.524434357881546021e-02
8.378906250000000000e-01 4.536932706832885742e-02
2.128906250000000000e-01 4.549431428313255310e-02
7.128906250000000000e-01 4.561929777264595032e-02
4.628906250000000000e-01 4.574428126215934753e-02
9.628906250000000000e-01 4.586926475167274475e-02
5.664062500000000000e-02 4.599425196647644043e-02
5.566406250000000000e-01 4.611923545598983765e-02
3.066406250000000000e-01 4.624421894550323486e-02
8.066406250000000000e-01 4.636920243501663208e-02
1.816406250000000000e-01 4.649418964982032776e-02
6.816406250000000000e-01 4.661917313933372498e-02
4.316406250000000000e-01 4.674415662884712219e-02
9.316406250000000000e-01 4.686914011836051941e-02
1.191406250000000000e-01 4.699412733316421509e-02
6.191406250000000000e-01 4.711911082267761230e-02
3.691406250000000000e-01 4.724409431219100952e-02
8.691406250000000000e-01 4.736907780170440674e-02
2.441406250000000000e-01 4.749406501650810242e-02
7.441406250000000000e-01 4.761904850602149963e-02
4.941406250000000000e-01 4.774403199553489685e-02
9.941406250000000000e-01 4.786901548504829407e-02
5.859375000000000000e-03 4.799399897456169128e-02
5.058593750000000000e-01 4.811898618936538696e-02
2.558593750000000000e-01 4.824396967887878418e-02
7.558593750000000000e-01 4.836895316839218140e-02
1.308593750000000000e-01 4.849393665790557861e-02
6.308593750000000000e-01 4.861892387270927429e-02
3.808593750000000000e-01 4.874390736222267151e-02
8.808593750000000000e-01 4.886889085173606873e-02
6.835937500000000000e-02 4.899387434124946594e-02
5.683593750000000000e-01 4.911886155605316162e-02
3.183593750000000000e-01 4.924384504556655884e-02
8.183593750000000000e-01 4.936882853507995605e-02
1.933593750000000000e-01 4.949381202459335327e-02
6.933593750000000000e-01 4.961879923939704895e-02
4.433593750000000000e-01 4.974378272891044617e-02
9.433593750000000000e-01 4.986876621842384338e-02
3.710937500000000000e-02 4.999374970793724060e-02
5.371093750000000000e-01 5.011873692274093628e-02
2.871093750000000000e-01 5.024372041225433350e-02
7.871093750000000000e-01 5.036870390176773071e-02
1.621093750000000000e-01 5.049368739128112793e-02
6.621093750000000000e-01 5.061867088079452515e-02
4.121093750000000000e-01 5.074365809559822083e-02
9.121093750000000000e-01 5.086864158511161804e-02
9.960937500000000000e-02 5.099362507462501526e-02
5.996093750000000000e-01 5.111860856413841248e-02
3.496093750000000000e-01 5.124359577894210815e-02
8.496093750000000000e-01 5.136857926845550537e-02
2.246093750000000000e-01 5.149356275796890259e-02
7.246093750000000000e-01 5.161854624748229980e-02
4.746093750000000000e-01 5.174353346228599548e-02
9.746093750000000000e-01 5.186851695179939270e-02
2.148437500000000000e-02 5.199350044131278992e-02
5.214843750000000000e-01 5.211848393082618713e-02
2.714843750000000000e-01 5.224347114562988281e-02
7.714843750000000000e-01 5.236845463514328003e-02
1.464843750000000000e-01 5.249343812465667725e-02
6.464843750000000000e-01 5.261842161417007446e-02
3.964843750000000000e-01 5.274340882897377014e-02
8.964843750000000000e-01 5.286839231848716736e-02
8.398437500000000000e-02 5.299337580800056458e-02
5.839843750000000000e-01 5.311835929751396179e-02
3.339843750000000000e-01 5.324334278702735901e-02
8.339843750000000000e-01 5.336833000183105469e-02
2.089843750000000000e-01 5.349331349134445190e-02
7.089843750000000000e-01 5.361829698085784912e-02
4.589843750000000000e-01 5.374328047037124634e-02
9.589843750000000000e-01 5.386826768517494202e-02
5.273437500000000000e-02 5.399325117468833923e-02
5.527343750000000000e-01 5.411823466420173645e-02
3.027343750000000000e-01 5.424321815371513367e-02
8.027343750000000000e-01 5.436820536851882935e-02
1.777343750000000000e-01 5.449318885803222656e-02
6.777343750000000000e-01 5.461817234754562378e-02
4.277343750000000000e-01 5.474315583705902100e-02
9.277343750000000000e-01 5.486814305186271667e-02
1.152343750000000000e-01 5.499312654137611389e-02
6.152343750000000000e-01 5.511811003088951111e-02
3.652343750000000000e-01 5.524309352040290833e-02
8.652343750000000000e-01 5.536808073520660400e-02
2.402343750000000000e-01 5.549306422472000122e-02
7.402343750000000000e-01 5.561804771423339844e-02
4.902343750000000000e-01 5.574303120374679565e-02
9.902343750000000000e-01 5.586801469326019287e-02
1.367187500000000000e-02 5.599300190806388855e-02
5.136718750000000000e-01 5.611798539757728577e-02
2.636718750000000000e-01 5.624296888709068298e-02
7.636718750000000000e-01 5.636795237660408020e-02
1.386718750000000000e-01 5.649293959140777588e-02
6.386718750000000000e-01 5.661792308092117310e-02
3.886718750000000000e-01 5.674290657043457031e-02
8.886718750000000000e-01 5.686789005994796753e-02
7.617187500000000000e-02 5.699287727475166321e-02
5.761718750000000000e-01 5.711786076426506042e-02
3.261718750000000000e-01 5.724284425377845764e-02
8.261718750000000000e-01 5.736782774329185486e-02
2.011718750000000000e-01 5.749281495809555054e-02
7.011718750000000000e-01 5.761779844760894775e-02
4.511718750000000000e-01 5.774278193712234497e-02
9.511718750000000000e-01 5.786776542663574219e-02
4.492187500000000000e-02 5.799275264143943787e-02
5.449218750000000000e-01 5.811773613095283508e-02
2.949218750000000000e-01 5.824271962046623230e-02
7.949218750000000000e-01 5.836770310997962952e-02
1.699218750000000000e-01 5.849268659949302673e-02
6.699218750000000000e-01 5.861767381429672241e-02
4.199218750000000000e-01 5.874265730381011963e-02
9.199218750000000000e-01 5.886764079332351685e-02
1.074218750000000000e-01 5.899262428283691406e-02
6.074218750000000000e-01 5.911761149764060974e-02
3.574218750000000000e-01 5.924259498715400696e-02
8.574218750000000000e-01 5.936757847666740417e-02
2.324218750000000000e-01 5.949256196618080139e-02
7.324218750000000000e-01 5.961754918098449707e-02
4.824218750000000000e-01 5.974253267049789429e-02
9.824218750000000000e-01 5.986751616001129150e-02
2.929687500000000000e-02 5.999249964952468872e-02
5.292968750000000000e-01 6.011748686432838440e-02
2.792968750000000000e-01 6.024247035384178162e-02
7.792968750000000000e-01 6.036745384335517883e-02
1.542968750000000000e-01 6.049243733286857605e-02
6.542968750000000000e-01 6.061742454767227173e-02
4.042968750000000000e-01 6.074240803718566895e-02
9.042968750000000000e-01 6.086739152669906616e-02
9.179687500000000000e-02 6.099237501621246338e-02
5.917968750000000000e-01 6.111735850572586060e-02
3.417968750000000000e-01 6.124234572052955627e-02
8.417968750000000000e-01 6.136732921004295349e-02
2.167968750000000000e-01 6.149231269955635071e-02
7.167968750000000000e-01 6.161729618906974792e-02
4.667968750000000000e-01 6.174228340387344360e-02
9.667968750000000000e-01 6.186726689338684082e-02
6.054687500000000000e-02 6.199225038290023804e-02
5.605468750000000000e-01 6.211723387241363525e-02
3.105468750000000000e-01 6.224222108721733093e-02
8.105468750000000000e-01 6.236720457673072815e-02
1.855468750000000000e-01 6.249218806624412537e-02
6.855468750000000000e-01 6.261717528104782104e-02
4.355468750000000000e-01 6.274215877056121826e-02
9.355468750000000000e-01 6.286714226007461548e-02
1.230468750000000000e-01 6.299212574958801270e-02
6.230468750000000000e-01 6.311710923910140991e-02
3.730468750000000000e-01 6.324209272861480713e-02
8.730468750000000000e-01 6.336707621812820435e-02
2.480468750000000000e-01 6.349206715822219849e-02
7.480468750000000000e-01 6.361705064773559570e-02
4.980468750000000000e-01 6.374203413724899292e-02
9.980468750000000000e-01 6.386701762676239014e-02
9.765625000000000000e-04 6.399200111627578735e-02
5.009765625000000000e-01 6.411698460578918457e-02
2.509765625000000000e-01 6.424196809530258179e-02
7.509765625000000000e-01 6.436695158481597900e-02
1.259765625000000000e-01 6.449193507432937622e-02
6.259765625000000000e-01 6.461692601442337036e-02
3.759765625000000000e-01 6.474190950393676758e-02
8.759765625000000000e-01 6.486689299345016479e-02
6.347656250000000000e-02 6.499187648296356201e-02
5.634765625000000000e-01 6.511685997247695923e-02
3.134765625000000000e-01 6.524184346199035645e-02
8.134765625000000000e-01 6.536682695150375366e-02
1.884765625000000000e-01 6.549181044101715088e-02
6.884765625000000000e-01 6.561680138111114502e-02
4.384765625000000000e-01 6.574178487062454224e-02
9.384765625000000000e-01 6.586676836013793945e-02
3.222656250000000000e-02 6.599175184965133667e-02
5.322265625000000000e-01 6.611673533916473389e-02
2.822265625000000000e-01 6.624171882867813110e-02
7.822265625000000000e-01 6.636670231819152832e-02
1.572265625000000000e-01 6.649168580770492554e-02
6.572265625000000000e-01 6.661666929721832275e-02
4.072265625000000000e-01 6.674166023731231689e-02
9.072265625000000000e-01 6.686664372682571411e-02
9.472656250000000000e-02 6.699162721633911133e-02
5.947265625000000000e-01 6.711661070585250854e-02
3.447265625000000000e-01 6.724159419536590576e-02
8.447265625000000000e-01 6.736657768487930298e-02
2.197265625000000000e-01 6.749156117439270020e-02
7.197265625000000000e-01 6.761654466390609741e-02
4.697265625000000000e-01 6.774153560400009155e-02
9.697265625000000000e-01 6.786651909351348877e-02
1.660156250000000000e-02 6.799150258302688599e-02
5.166015625000000000e-01 6.811648607254028320e-02
2.666015625000000000e-01 6.824146956205368042e-02
7.666015625000000000e-01 6.836645305156707764e-02
1.416015625000000000e-01 6.849143654108047485e-02
6.416015625000000000e-01 6.861642003059387207e-02
3.916015625000000000e-01 6.874141097068786621e-02
8.916015625000000000e-01 6.886639446020126343e-02
7.910156250000000000e-02 6.899137794971466064e-02
5.791015625000000000e-01 6.911636143922805786e-02
3.291015625000000000e-01 6.924134492874145508e-02
8.291015625000000000e-01 6.936632841825485229e-02
2.041015625000000000e-01 6.949131190776824951e-02
7.041015625000000000e-01 6.961629539728164673e-02
4.541015625000000000e-01 6.974127888679504395e-02
9.541015625000000000e-01 6.986626982688903809e-02
4.785156250000000000e-02 6.999125331640243530e-02
5.478515625000000000e-01 7.011623680591583252e-02
2.978515625000000000e-01 7.024122029542922974e-02
7.978515625000000000e-01 7.036620378494262695e-02
1.728515625000000000e-01 7.049118727445602417e-02
6.728515625000000000e-01 7.061617076396942139e-02
4.228515625000000000e-01 7.074115425348281860e-02
9.228515625000000000e-01 7.086614519357681274e-02
1.103515625000000000e-01 7.099112868309020996e-02
6.103515625000000000e-01 7.111611217260360718e-02
3.603515625000000000e-01 7.124109566211700439e-02
8.603515625000000000e-01 7.136607915163040161e-02
2.353515625000000000e-01 7.149106264114379883e-02
7.353515625000000000e-01 7.161604613065719604e-02
4.853515625000000000e-01 7.174102962017059326e-02
9.853515625000000000e-01 7.186601310968399048e-02
8.789062500000000000e-03 7.199100404977798462e-02
5.087890625000000000e-01 7.211598753929138184e-02
2.587890625000000000e-01 7.224097102880477905e-02
7.587890625000000000e-01 7.236595451831817627e-02
1.337890625000000000e-01 7.249093800783157349e-02
6.337890625000000000e-01 7.261592149734497070e-02
3.837890625000000000e-01 7.274090498685836792e-02
8.837890625000000000e-01 7.286588847637176514e-02
7.128906250000000000e-02 7.299087941646575928e-02
5.712890625000000000e-01 7.311586290597915649e-02
3.212890625000000000e-01 7.324084639549255371e-02
8.212890625000000000e-01 7.336582988500595093e-02
1.962890625000000000e-01 7.349081337451934814e-02
6.962890625000000000e-01 7.361579686403274536e-02
4.462890625000000000e-01 7.374078035354614258e-02
9.462890625000000000e-01 7.386576384305953979e-02
4.003906250000000000e-02 7.399075478315353394e-02
5.400390625000000000e-01 7.411573827266693115e-02
2.900390625000000000e-01 7.424072176218032837e-02
7.900390625000000000e-01 7.436570525169372559e-02
1.650390625000000000e-01 7.449068874120712280e-02
6.650390625000000000e-01 7.461567223072052002e-02
4.150390625000000000e-01 7.474065572023391724e-02
9.150390625000000000e-01 7.486563920974731445e-02
1.025390625000000000e-01 7.499062269926071167e-02
6.025390625000000000e-01 7.511561363935470581e-02
3.525390625000000000e-01 7.524059712886810303e-02
8.525390625000000000e-01 7.536558061838150024e-02
2.275390625000000000e-01 7.549056410789489746e-02
7.275390625000000000e-01 7.561554759740829468e-02
4.775390625000000000e-01 7.574053108692169189e-02
9.775390625000000000e-01 7.586551457643508911e-02
2.441406250000000000e-02 7.599049806594848633e-02
5.244140625000000000e-01 7.611548900604248047e-02
2.744140625000000000e-01 7.624047249555587769e-02
7.744140625000000000e-01 7.636545598506927490e-02
1.494140625000000000e-01 7.649043947458267212e-02
6.494140625000000000e-01 7.661542296409606934e-02
3.994140625000000000e-01 7.674040645360946655e-02
8.994140625000000000e-01 7.686538994312286377e-02
8.691406250000000000e-02 7.699037343263626099e-02
5.869140625000000000e-01 7.711535692214965820e-02
3.369140625000000000e-01 7.724034786224365234e-02
8.369140625000000000e-01 7.736533135175704956e-02
2.119140625000000000e-01 7.749031484127044678e-02
7.119140625000000000e-01 7.761529833078384399e-02
4.619140625000000000e-01 7.774028182029724121e-02
9.619140625000000000e-01 7.786526530981063843e-02
5.566406250000000000e-02 7.799024879932403564e-02
5.556640625000000000e-01 7.811523228883743286e-02
3.056640625000000000e-01 7.824022322893142700e-02
8.056640625000000000e-01 7.836520671844482422e-02
1.806640625000000000e-01 7.849019020795822144e-02
6.806640625000000000e-01 7.861517369747161865e-02
4.306640625000000000e-01 7.874015718698501587e-02
9.306640625000000000e-01 7.886514067649841309e-02
1.181640625000000000e-01 7.899012416601181030e-02
6.181640625000000000e-01 7.911510765552520752e-02
3.681640625000000000e-01 7.924009859561920166e-02
8.681640625000000000e-01 7.936508208513259888e-02
2.431640625000000000e-01 7.949006557464599609e-02
7.431640625000000000e-01 7.961504906415939331e-02
4.931640625000000000e-01 7.974003255367279053e-02
9.931640625000000000e-01 7.986501604318618774e-02
4.882812500000000000e-03 7.998999953269958496e-02
5.048828125000000000e-01 8.011498302221298218e-02
2.548828125000000000e-01 8.023996651172637939e-02
7.548828125000000000e-01 8.036495745182037354e-02
1.298828125000000000e-01 8.048994094133377075e-02
6.298828125000000000e-01 8.061492443084716797e-02
3.798828125000000000e-01 8.073990792036056519e-02
8.798828125000000000e-01 8.086489140987396240e-02
6.738281250000000000e-02 8.098987489938735962e-02
5.673828125000000000e-01 8.111485838890075684e-02
3.173828125000000000e-01 8.123984187841415405e-02
8.173828125000000000e-01 8.136483281850814819e-02
1.923828125000000000e-01 8.148981630802154541e-02
6.923828125000000000e-01 8.161479979753494263e-02
4.423828125000000000e-01 8.173978328704833984e-02
9.423828125000000000e-01 8.186476677656173706e-02
3.613281250000000000e-02 8.198975026607513428e-02
5.361328125000000000e-01 8.211473375558853149e-02
2.861328125000000000e-01 8.223971724510192871e-02
7.861328125000000000e-01 8.236470073461532593e-02
1.611328125000000000e-01 8.248969167470932007e-02
6.611328125000000000e-01 8.261467516422271729e-02
4.111328125000000000e-01 8.273965865373611450e-02
9.111328125000000000e-01 8.286464214324951172e-02
9.863281250000000000e-02 8.298962563276290894e-02
5.986328125000000000e-01 8.311460912227630615e-02
3.486328125000000000e-01 8.323959261178970337e-02
8.486328125000000000e-01 8.336457610130310059e-02
2.236328125000000000e-01 8.348956704139709473e-02
7.236328125000000000e-01 8.361455053091049194e-02
4.736328125000000000e-01 8.373953402042388916e-02
9.736328125000000000e-01 8.386451750993728638e-02
2.050781250000000000e-02 8.398950099945068359e-02
5.205078125000000000e-01 8.411448448896408081e-02
2.705078125000000000e-01 8.423946797847747803e-02
7.705078125000000000e-01 8.436445146799087524e-02
1.455078125000000000e-01 8.448944240808486938e-02
6.455078125000000000e-01 8.461442589759826660e-02
3.955078125000000000e-01 8.473940938711166382e-02
8.955078125000000000e-01 8.486439287662506104e-02
8.300781250000000000e-02 8.498937636613845825e-02
5.830078125000000000e-01 8.511435985565185547e-02
3.330078125000000000e-01 8.523934334516525269e-02
8.330078125000000000e-01 8.536432683467864990e-02
2.080078125000000000e-01 8.548931032419204712e-02
7.080078125000000000e-01 8.561430126428604126e-02
4.580078125000000000e-01 8.573928475379943848e-02
9.580078125000000000e-01 8.586426824331283569e-02
5.175781250000000000e-02 8.598925173282623291e-02
5.517578125000000000e-01 8.611423522233963013e-02
3.017578125000000000e-01 8.623921871185302734e-02
8.017578125000000000e-01 8.636420220136642456e-02
1.767578125000000000e-01 8.648918569087982178e-02
6.767578125000000000e-01 8.661417663097381592e-02
4.267578125000000000e-01 8.673916012048721313e-02
9.267578125000000000e-01 8.686414361000061035e-02
1.142578125000000000e-01 8.698912709951400757e-02
6.142578125000000000e-01 8.711411058902740479e-02
3.642578125000000000e-01 8.723909407854080200e-02
8.642578125000000000e-01 8.736407756805419922e-02
2.392578125000000000e-01 8.748906105756759644e-02
7.392578125000000000e-01 8.761404454708099365e-02
4.892578125000000000e-01 8.773903548717498779e-02
9.892578125000000000e-01 8.786401897668838501e-02
1.269531250000000000e-02 8.798900246620178223e-02
5.126953125000000000e-01 8.811398595571517944e-02
2.626953125000000000e-01 8.823896944522857666e-02
7.626953125000000000e-01 8.836395293474197388e-02
1.376953125000000000e-01 8.848893642425537109e-02
6.376953125000000000e-01 8.861391991376876831e-02
3.876953125000000000e-01 8.873891085386276245e-02
8.876953125000000000e-01 8.886389434337615967e-02
7.519531250000000000e-02 8.898887783288955688e-02
5.751953125000000000e-01 8.911386132240295410e-02
3.251953125000000000e-01 8.923884481191635132e-02
8.251953125000000000e-01 8.936382830142974854e-02
2.001953125000000000e-01 8.948881179094314575e-02
7.001953125000000000e-01 8.961379528045654297e-02
4.501953125000000000e-01 8.973878622055053711e-02
9.501953125000000000e-01 8.986376971006393433e-02
4.394531250000000000e-02 8.998875319957733154e-02
5.439453125000000000e-01 9.011373668909072876e-02
2.939453125000000000e-01 9.023872017860412598e-02
7.939453125000000000e-01 9.036370366811752319e-02
1.689453125000000000e-01 9.048868715763092041e-02
6.689453125000000000e-01 9.061367064714431763e-02
4.189453125000000000e-01 9.073865413665771484e-02
9.189453125000000000e-01 9.086364507675170898e-02
1.064453125000000000e-01 9.098862856626510620e-02
6.064453125000000000e-01 9.111361205577850342e-02
3.564453125000000000e-01 9.123859554529190063e-02
8.564453125000000000e-01 9.136357903480529785e-02
2.314453125000000000e-01 9.148856252431869507e-02
7.314453125000000000e-01 9.161354601383209229e-02
4.814453125000000000e-01 9.173852950334548950e-02
9.814453125000000000e-01 9.186352044343948364e-02
2.832031250000000000e-02 9.198850393295288086e-02
5.283203125000000000e-01 9.211348742246627808e-02
2.783203125000000000e-01 9.223847091197967529e-02
7.783203125000000000e-01 9.236345440149307251e-02
1.533203125000000000e-01 9.248843789100646973e-02
6.533203125000000000e-01 9.261342138051986694e-02
4.033203125000000000e-01 9.273840487003326416e-02
9.033203125000000000e-01 9.286338835954666138e-02
9.082031250000000000e-02 9.298837929964065552e-02
5.908203125000000000e-01 9.311336278915405273e-02
3.408203125000000000e-01 9.323834627866744995e-02
8.408203125000000000e-01 9.336332976818084717e-02
2.158203125000000000e-01 9.348831325769424438e-02
7.158203125000000000e-01 9.361329674720764160e-02
4.658203125000000000e-01 9.373828023672103882e-02
9.658203125000000000e-01 9.386326372623443604e-02
5.957031250000000000e-02 9.398825466632843018e-02
5.595703125000000000e-01 9.411323815584182739e-02
3.095703125000000000e-01 9.423822164535522461e-02
8.095703125000000000e-01 9.436320513486862183e-02
1.845703125000000000e-01 9.448818862438201904e-02
6.845703125000000000e-01 9.461317211389541626e-02
4.345703125000000000e-01 9.473815560340881348e-02
9.345703125000000000e-01 9.486313909292221069e-02
1.220703125000000000e-01 9.498813003301620483e-02
6.220703125000000000e-01 9.511311352252960205e-02
3.720703125000000000e-01 9.523809701204299927e-02
8.720703125000000000e-01 9.536308050155639648e-02
2.470703125000000000e-01 9.548806399106979370e-02
7.470703125000000000e-01 9.561304748058319092e-02
4.970703125000000000e-01 9.573803097009658813e-02
9.970703125000000000e-01 9.586301445960998535e-02
2.929687500000000000e-03 9.598799794912338257e-02
5.029296875000000000e-01 9.611298888921737671e-02
2.529296875000000000e-01 9.623797237873077393e-02
7.529296875000000000e-01 9.636295586824417114e-02
1.279296875000000000e-01 9.648793935775756836e-02
6.279296875000000000e-01 9.661292284727096558e-02
3.779296875000000000e-01 9.673790633678436279e-02
8.779296875000000000e-01 9.686288982629776001e-02
6.542968750000000000e-02 9.698787331581115723e-02
5.654296875000000000e-01 9.711286425590515137e-02
3.154296875000000000e-01 9.723784774541854858e-02
8.154296875000000000e-01 9.736283123493194580e-02
1.904296875000000000e-01 9.748781472444534302e-02
6.904296875000000000e-01 9.761279821395874023e-02
4.404296875000000000e-01 9.773778170347213745e-02
9.404296875000000000e-01 9.786276519298553467e-02
3.417968750000000000e-02 9.798774868249893188e-02
5.341796875000000000e-01 9.811273962259292603e-02
2.841796875000000000e-01 9.823772311210632324e-02
7.841796875000000000e-01 9.836270660161972046e-02
1.591796875000000000e-01 9.848769009113311768e-02
6.591796875000000000e-01 9.861267358064651489e-02
4.091796875000000000e-01 9.873765707015991211e-02
9.091796875000000000e-01 9.886264055967330933e-02
9.667968750000000000e-02 9.898762404918670654e-02
5.966796875000000000e-01 9.911260753870010376e-02
3.466796875000000000e-01 9.923759847879409790e-02
8.466796875000000000e-01 9.936258196830749512e-02
2.216796875000000000e-01 9.948756545782089233e-02
7.216796875000000000e-01 9.961254894733428955e-02
4.716796875000000000e-01 9.973753243684768677e-02
9.716796875000000000e-01 9.986251592636108398e-02
1.855468750000000000e-02 9.998749941587448120e-02
5.185546875000000000e-01 1.001124829053878784e-01
2.685546875000000000e-01 1.002374738454818726e-01
7.685546875000000000e-01 1.003624573349952698e-01
1.435546875000000000e-01 1.004874408245086670e-01
6.435546875000000000e-01 1.006124243140220642e-01
3.935546875000000000e-01 1.007374078035354614e-01
8.935546875000000000e-01 1.008623912930488586e-01
8.105468750000000000e-02 1.009873747825622559e-01
5.810546875000000000e-01 1.011123582720756531e-01
3.310546875000000000e-01 1.012373417615890503e-01
8.310546875000000000e-01 1.013623327016830444e-01
2.060546875000000000e-01 1.014873161911964417e-01
7.060546875000000000e-01 1.016122996807098389e-01
4.560546875000000000e-01 1.017372831702232361e-01
9.560546875000000000e-01 1.018622666597366333e-01
4.980468750000000000e-02 1.019872501492500305e-01
5.498046875000000000e-01 1.021122336387634277e-01
2.998046875000000000e-01 1.022372171282768250e-01
7.998046875000000000e-01 1.023622080683708191e-01
1.748046875000000000e-01 1.024871915578842163e-01
6.748046875000000000e-01 1.026121750473976135e-01
4.248046875000000000e-01 1.027371585369110107e-01
9.248046875000000000e-01 1.028621420264244080e-01
1.123046875000000000e-01 1.029871255159378052e-01
6.123046875000000000e-01 1.031121090054512024e-01
3.623046875000000000e-01 1.032370924949645996e-01
8.623046875000000000e-01 1.033620834350585938e-01
2.373046875000000000e-01 1.034870669245719910e-01
7.373046875000000000e-01 1.036120504140853882e-01
4.873046875000000000e-01 1.037370339035987854e-01
9.873046875000000000e-01 1.038620173931121826e-01
1.074218750000000000e-02 1.039870008826255798e-01
5.107421875000000000e-01 1.041119843721389771e-01
2.607421875000000000e-01 1.042369678616523743e-01
7.607421875000000000e-01 1.043619513511657715e-01
1.357421875000000000e-01 1.044869422912597656e-01
6.357421875000000000e-01 1.046119257807731628e-01
3.857421875000000000e-01 1.047369092702865601e-01
8.857421875000000000e-01 1.048618927597999573e-01
7.324218750000000000e-02 1.049868762493133545e-01
5.732421875000000000e-01 1.051118597388267517e-01
3.232421875000000000e-01 1.052368432283401489e-01
8.232421875000000000e-01 1.053618267178535461e-01
1.982421875000000000e-01 1.054868176579475403e-01
6.982421875000000000e-01 1.056118011474609375e-01
4.482421875000000000e-01 1.057367846369743347e-01
9.482421875000000000e-01 1.058617681264877319e-01
4.199218750000000000e-02 1.059867516160011292e-01
5.419921875000000000e-01 1.061117351055145264e-01
2.919921875000000000e-01 1.062367185950279236e-01
7.919921875000000000e-01 1.063617020845413208e-01
1.669921875000000000e-01 1.064866855740547180e-01
6.669921875000000000e-01 1.066116765141487122e-01
4.169921875000000000e-01 1.067366600036621094e-01
9.169921875000000000e-01 1.068616434931755066e-01
1.044921875000000000e-01 1.069866269826889038e-01
6.044921875000000000e-01 1.071116104722023010e-01
3.544921875000000000e-01 1.072365939617156982e-01
8.544921875000000000e-01 1.073615774512290955e-01
2.294921875000000000e-01 1.074865609407424927e-01
7.294921875000000000e-01 1.076115518808364868e-01
4.794921875000000000e-01 1.077365353703498840e-01
9.794921875000000000e-01 1.078615188598632812e-01
2.636718750000000000e-02 1.079865023493766785e-01
5.263671875000000000e-01 1.081114858388900757e-01
2.763671875000000000e-01 1.082364693284034729e-01
7.763671875000000000e-01 1.083614528179168701e-01
1.513671875000000000e-01 1.084864363074302673e-01
6.513671875000000000e-01 1.086114272475242615e-01
4.013671875000000000e-01 1.087364107370376587e-01
9.013671875000000000e-01 1.088613942265510559e-01
8.886718750000000000e-02 1.089863777160644531e-01
5.888671875000000000e-01 1.091113612055778503e-01
3.388671875000000000e-01 1.092363446950912476e-01
8.388671875000000000e-01 1.093613281846046448e-01
2.138671875000000000e-01 1.094863116741180420e-01
7.138671875000000000e-01 1.096112951636314392e-01
4.638671875000000000e-01 1.097362861037254333e-01
9.638671875000000000e-01 1.098612695932388306e-01
5.761718750000000000e-02 1.099862530827522278e-01
5.576171875000000000e-01 1.101112365722656250e-01
3.076171875000000000e-01 1.102362200617790222e-01
8.076171875000000000e-01 1.103612035512924194e-01
1.826171875000000000e-01 1.104861870408058167e-01
6.826171875000000000e-01 1.106111705303192139e-01
4.326171875000000000e-01 1.107361614704132080e-01
9.326171875000000000e-01 1.108611449599266052e-01
1.201171875000000000e-01 1.109861284494400024e-01
6.201171875000000000e-01 1.111111119389533997e-01
3.701171875000000000e-01 1.112360954284667969e-01
8.701171875000000000e-01 1.113610789179801941e-01
2.451171875000000000e-01 1.114860624074935913e-01
7.451171875000000000e-01 1.116110458970069885e-01
4.951171875000000000e-01 1.117360293865203857e-01
9.951171875000000000e-01 1.118610203266143799e-01
6.835937500000000000e-03 1.119860038161277771e-01
5.068359375000000000e-01 1.121109873056411743e-01
2.568359375000000000e-01 1.122359707951545715e-01
7.568359375000000000e-01 1.123609542846679688e-01
1.318359375000000000e-01 1.124859377741813660e-01
6.318359375000000000e-01 1.126109212636947632e-01
3.818359375000000000e-01 1.127359047532081604e-01
8.818359375000000000e-01 1.128608956933021545e-01
6.933593750000000000e-02 1.129858791828155518e-01
5.693359375000000000e-01 1.131108626723289490e-01
3.193359375000000000e-01 1.132358461618423462e-01
8.193359375000000000e-01 1.133608296513557434e-01
1.943359375000000000e-01 1.134858131408691406e-01
6.943359375000000000e-01 1.136107966303825378e-01
4.443359375000000000e-01 1.137357801198959351e-01
9.443359375000000000e-01 1.138607710599899292e-01
3.808593750000000000e-02 1.139857545495033264e-01
5.380859375000000000e-01 1.141107380390167236e-01
2.880859375000000000e-01 1.142357215285301208e-01
7.880859375000000000e-01 1.143607050180435181e-01
1.630859375000000000e-01 1.144856885075569153e-01
6.630859375000000000e-01 1.146106719970703125e-01
4.130859375000000000e-01 1.147356554865837097e-01
9.130859375000000000e-01 1.148606389760971069e-01
1.005859375000000000e-01 1.149856299161911011e-01
6.005859375000000000e-01 1.151106134057044983e-01
3.505859375000000000e-01 1.152355968952178955e-01
8.505859375000000000e-01 1.153605803847312927e-01
2.255859375000000000e-01 1.154855638742446899e-01
7.255859375000000000e-01 1.156105473637580872e-01
4.755859375000000000e-01 1.157355308532714844e-01
9.755859375000000000e-01 1.158605143427848816e-01
2.246093750000000000e-02 1.159855052828788757e-01
5.224609375000000000e-01 1.161104887723922729e-01
2.724609375000000000e-01 1.162354722619056702e-01
7.724609375000000000e-01 1.163604557514190674e-01
1.474609375000000000e-01 1.164854392409324646e-01
6.474609375000000000e-01 1.166104227304458618e-01
3.974609375000000000e-01 1.167354062199592590e-01
8.974609375000000000e-01 1.168603897094726562e-01
8.496093750000000000e-02 1.169853731989860535e-01
5.849609375000000000e-01 1.171103641390800476e-01
3.349609375000000000e-01 1.172353476285934448e-01
8.349609375000000000e-01 1.173603311181068420e-01
2.099609375000000000e-01 1.174853146076202393e-01
7.099609375000000000e-01 1.176102980971336365e-01
4.599609375000000000e-01 1.177352815866470337e-01
9.599609375000000000e-01 1.178602650761604309e-01
5.371093750000000000e-02 1.179852485656738281e-01
5.537109375000000000e-01 1.181102395057678223e-01
3.037109375000000000e-01 1.182352229952812195e-01
8.037109375000000000e-01 1.183602064847946167e-01
1.787109375000000000e-01 1.184851899743080139e-01
6.787109375000000000e-01 1.186101734638214111e-01
4.287109375000000000e-01 1.187351569533348083e-01
9.287109375000000000e-01 1.188601404428482056e-01
1.162109375000000000e-01 1.189851239323616028e-01
6.162109375000000000e-01 1.191101148724555969e-01
3.662109375000000000e-01 1.192350983619689941e-01
8.662109375000000000e-01 1.193600818514823914e-01
2.412109375000000000e-01 1.194850653409957886e-01
7.412109375000000000e-01 1.196100488305091858e-01
4.912109375000000000e-01 1.197350323200225830e-01
9.912109375000000000e-01 1.198600158095359802e-01
1.464843750000000000e-02 1.199849992990493774e-01
5.146484375000000000e-01 1.201099827885627747e-01
2.646484375000000000e-01 1.202349737286567688e-01
7.646484375000000000e-01 1.203599572181701660e-01
1.396484375000000000e-01 1.204849407076835632e-01
6.396484375000000000e-01 1.206099241971969604e-01
3.896484375000000000e-01 1.207349076867103577e-01
8.896484375000000000e-01 1.208598911762237549e-01
7.714843750000000000e-02 1.209848746657371521e-01
5.771484375000000000e-01 1.211098581552505493e-01
3.271484375000000000e-01 1.212348490953445435e-01
8.271484375000000000e-01 1.213598325848579407e-01
2.021484375000000000e-01 1.214848160743713379e-01
7.021484375000000000e-01 1.216097995638847351e-01
4.521484375000000000e-01 1.217347830533981323e-01
9.521484375000000000e-01 1.218597665429115295e-01
4.589843750000000000e-02 1.219847500324249268e-01
5.458984375000000000e-01 1.221097335219383240e-01
2.958984375000000000e-01 1.222347170114517212e-01
7.958984375000000000e-01 1.223597079515457153e-01
1.708984375000000000e-01 1.224846914410591125e-01
6.708984375000000000e-01 1.226096749305725098e-01
4.208984375000000000e-01 1.227346584200859070e-01
9.208984375000000000e-01 1.228596419095993042e-01
1.083984375000000000e-01 1.229846253991127014e-01
6.083984375000000000e-01 1.231096088886260986e-01
3.583984375000000000e-01 1.232345923781394958e-01
8.583984375000000000e-01 1.233595833182334900e-01
2.333984375000000000e-01 1.234845668077468872e-01
7.333984375000000000e-01 1.236095502972602844e-01
4.833984375000000000e-01 1.237345337867736816e-01
9.833984375000000000e-01 1.238595172762870789e-01
3.027343750000000000e-02 1.239845007658004761e-01
5.302734375000000000e-01 1.241094842553138733e-01
2.802734375000000000e-01 1.242344677448272705e-01
7.802734375000000000e-01 1.243594586849212646e-01
1.552734375000000000e-01 1.244844421744346619e-01
6.552734375000000000e-01 1.246094256639480591e-01
4.052734375000000000e-01 1.247344091534614563e-01
9.052734375000000000e-01 1.248593926429748535e-01
9.277343750000000000e-02 1.249843761324882507e-01
5.927734375000000000e-01 1.251093596220016479e-01
3.427734375000000000e-01 1.252343505620956421e-01
8.427734375000000000e-01 1.253593266010284424e-01
2.177734375000000000e-01 1.254843175411224365e-01
7.177734375000000000e-01 1.256092935800552368e-01
4.677734375000000000e-01 1.257342845201492310e-01
9.677734375000000000e-01 1.258592605590820312e-01
6.152343750000000000e-02 1.259842514991760254e-01
5.615234375000000000e-01 1.261092424392700195e-01
3.115234375000000000e-01 1.262342184782028198e-01
8.115234375000000000e-01 1.263592094182968140e-01
1.865234375000000000e-01 1.264841854572296143e-01
6.865234375000000000e-01 1.266091763973236084e-01
4.365234375000000000e-01 1.267341524362564087e-01
9.365234375000000000e-01 1.268591433763504028e-01
1.240234375000000000e-01 1.269841343164443970e-01
6.240234375000000000e-01 1.271091103553771973e-01
3.740234375000000000e-01 1.272341012954711914e-01
8.740234375000000000e-01 1.273590773344039917e-01
2.490234375000000000e-01 1.274840682744979858e-01
7.490234375000000000e-01 1.276090443134307861e-01
4.990234375000000000e-01 1.277340352535247803e-01
9.990234375000000000e-01 1.278590112924575806e-01
4.882812500000000000e-04 1.279840022325515747e-01
5.004882812500000000e-01 1.281089931726455688e-01
2.504882812500000000e-01 1.282339692115783691e-01
7.504882812500000000e-01 1.283589601516723633e-01
1.254882812500000000e-01 1.284839361906051636e-01
6.254882812500000000e-01 1.286089271306991577e-01
3.754882812500000000e-01 1.287339031696319580e-01
8.754882812500000000e-01 1.288588941097259521e-01
6.298828125000000000e-02 1.289838701486587524e-01
5.629882812500000000e-01 1.291088610887527466e-01
3.129882812500000000e-01 1.292338520288467407e-01
8.129882812500000000e-01 1.293588280677795410e-01
1.879882812500000000e-01 1.294838190078735352e-01
6.879882812500000000e-01 1.296087950468063354e-01
4.379882812500000000e-01 1.297337859869003296e-01
9.379882812500000000e-01 1.298587620258331299e-01
3.173828125000000000e-02 1.299837529659271240e-01
5.317382812500000000e-01 1.301087290048599243e-01
2.817382812500000000e-01 1.302337199449539185e-01
7.817382812500000000e-01 1.303587108850479126e-01
1.567382812500000000e-01 1.304836869239807129e-01
6.567382812500000000e-01 1.306086778640747070e-01
4.067382812500000000e-01 1.307336539030075073e-01
9.067382812500000000e-01 1.308586448431015015e-01
9.423828125000000000e-02 1.309836208820343018e-01
5.942382812500000000e-01 1.311086118221282959e-01
3.442382812500000000e-01 1.312336027622222900e-01
8.442382812500000000e-01 1.313585788011550903e-01
2.192382812500000000e-01 1.314835697412490845e-01
7.192382812500000000e-01 1.316085457801818848e-01
4.692382812500000000e-01 1.317335367202758789e-01
9.692382812500000000e-01 1.318585127592086792e-01
1.611328125000000000e-02 1.319835036993026733e-01
5.161132812500000000e-01 1.321084797382354736e-01
2.661132812500000000e-01 1.322334706783294678e-01
7.661132812500000000e-01 1.323584616184234619e-01
1.411132812500000000e-01 1.324834376573562622e-01
6.411132812500000000e-01 1.326084285974502563e-01
3.911132812500000000e-01 1.327334046363830566e-01
8.911132812500000000e-01 1.328583955764770508e-01
7.861328125000000000e-02 1.329833716154098511e-01
5.786132812500000000e-01 1.331083625555038452e-01
3.286132812500000000e-01 1.332333385944366455e-01
8.286132812500000000e-01 1.333583295345306396e-01
2.036132812500000000e-01 1.334833204746246338e-01
7.036132812500000000e-01 1.336082965135574341e-01
4.536132812500000000e-01 1.337332874536514282e-01
9.536132812500000000e-01 1.338582634925842285e-01
4.736328125000000000e-02 1.339832544326782227e-01
5.473632812500000000e-01 1.341082304716110229e-01
2.973632812500000000e-01 1.342332214117050171e-01
7.973632812500000000e-01 1.343582123517990112e-01
1.723632812500000000e-01 1.344831883907318115e-01
6.723632812500000000e-01 1.346081793308258057e-01
4.223632812500000000e-01 1.347331553697586060e-01
9.223632812500000000e-01 1.348581463098526001e-01
1.098632812500000000e-01 1.349831223487854004e-01
6.098632812500000000e-01 1.351081132888793945e-01
3.598632812500000000e-01 1.352330893278121948e-01
8.598632812500000000e-01 1.353580802679061890e-01
2.348632812500000000e-01 1.354830712080001831e-01
7.348632812500000000e-01 1.356080472469329834e-01
4.848632812500000000e-01 1.357330381870269775e-01
9.848632812500000000e-01 1.358580142259597778e-01
8.300781250000000000e-03 1.359830051660537720e-01
5.083007812500000000e-01 1.361079812049865723e-01
2.583007812500000000e-01 1.362329721450805664e-01
7.583007812500000000e-01 1.363579481840133667e-01
1.333007812500000000e-01 1.364829391241073608e-01
6.333007812500000000e-01 1.366079300642013550e-01
3.833007812500000000e-01 1.367329061031341553e-01
8.833007812500000000e-01 1.368578970432281494e-01
7.080078125000000000e-02 1.369828730821609497e-01
5.708007812500000000e-01 1.371078640222549438e-01
3.208007812500000000e-01 1.372328400611877441e-01
8.208007812500000000e-01 1.373578310012817383e-01
1.958007812500000000e-01 1.374828219413757324e-01
6.958007812500000000e-01 1.376077979803085327e-01
4.458007812500000000e-01 1.377327889204025269e-01
9.458007812500000000e-01 1.378577649593353271e-01
3.955078125000000000e-02 1.379827558994293213e-01
5.395507812500000000e-01 1.381077319383621216e-01
2.895507812500000000e-01 1.382327228784561157e-01
7.895507812500000000e-01 1.383576989173889160e-01
1.645507812500000000e-01 1.384826898574829102e-01
6.645507812500000000e-01 1.386076807975769043e-01
4.145507812500000000e-01 1.387326568365097046e-01
9.145507812500000000e-01 1.388576477766036987e-01
1.020507812500000000e-01 1.389826238155364990e-01
6.020507812500000000e-01 1.391076147556304932e-01
3.520507812500000000e-01 1.392325907945632935e-01
8.520507812500000000e-01 1.393575817346572876e-01
2.270507812500000000e-01 1.394825577735900879e-01
7.270507812500000000e-01 1.396075487136840820e-01
4.770507812500000000e-01 1.397325396537780762e-01
9.770507812500000000e-01 1.398575156927108765e-01
2.392578125000000000e-02 1.399825066328048706e-01
5.239257812500000000e-01 1.401074826717376709e-01
2.739257812500000000e-01 1.402324736118316650e-01
7.739257812500000000e-01 1.403574496507644653e-01
1.489257812500000000e-01 1.404824405908584595e-01
6.489257812500000000e-01 1.406074166297912598e-01
3.989257812500000000e-01 1.407324075698852539e-01
8.989257812500000000e-01 1.408573985099792480e-01
8.642578125000000000e-02 1.409823745489120483e-01
5.864257812500000000e-01 1.411073654890060425e-01
3.364257812500000000e-01 1.412323415279388428e-01
8.364257812500000000e-01 1.413573324680328369e-01
2.114257812500000000e-01 1.414823085069656372e-01
7.114257812500000000e-01 1.416072994470596313e-01
4.614257812500000000e-01 1.417322903871536255e-01
9.614257812500000000e-01 1.418572664260864258e-01
5.517578125000000000e-02 1.419822573661804199e-01
5.551757812500000000e-01 1.421072334051132202e-01
3.051757812500000000e-01 1.422322243452072144e-01
8.051757812500000000e-01 1.423572003841400146e-01
1.801757812500000000e-01 1.424821913242340088e-01
6.801757812500000000e-01 1.426071673631668091e-01
4.301757812500000000e-01 1.427321583032608032e-01
9.301757812500000000e-01 1.428571492433547974e-01
1.176757812500000000e-01 1.429821252822875977e-01
6.176757812500000000e-01 1.431071162223815918e-01
3.676757812500000000e-01 1.432320922613143921e-01
8.676757812500000000e-01 1.433570832014083862e-01
2.426757812500000000e-01 1.434820592403411865e-01
7.426757812500000000e-01 1.436070501804351807e-01
4.926757812500000000e-01 1.437320262193679810e-01
9.926757812500000000e-01 1.438570171594619751e-01
4.394531250000000000e-03 1.439820080995559692e-01
5.043945312500000000e-01 1.441069841384887695e-01
2.543945312500000000e-01 1.442319750785827637e-01
7.543945312500000000e-01 1.443569511175155640e-01
1.293945312500000000e-01 1.444819420576095581e-01
6.293945312500000000e-01 1.446069180965423584e-01
3.793945312500000000e-01 1.447319090366363525e-01
8.793945312500000000e-01 1.448568999767303467e-01
6.689453125000000000e-02 1.449818760156631470e-01
5.668945312500000000e-01 1.451068669557571411e-01
3.168945312500000000e-01 1.452318429946899414e-01
8.168945312500000000e-01 1.453568339347839355e-01
1.918945312500000000e-01 1.454818099737167358e-01
6.918945312500000000e-01 1.456068009138107300e-01
4.418945312500000000e-01 1.457317769527435303e-01
9.418945312500000000e-01 1.458567678928375244e-01
3.564453125000000000e-02 1.459817588329315186e-01
5.356445312500000000e-01 1.461067348718643188e-01
2.856445312500000000e-01 1.462317258119583130e-01
7.856445312500000000e-01 1.463567018508911133e-01
1.606445312500000000e-01 1.464816927909851074e-01
6.606445312500000000e-01 1.466066688299179077e-01
4.106445312500000000e-01 1.467316597700119019e-01
9.106445312500000000e-01 1.468566358089447021e-01
9.814453125000000000e-02 1.469816267490386963e-01
5.981445312500000000e-01 1.471066176891326904e-01
3.481445312500000000e-01 1.472315937280654907e-01
8.481445312500000000e-01 1.473565846681594849e-01
2.231445312500000000e-01 1.474815607070922852e-01
7.231445312500000000e-01 1.476065516471862793e-01
4.731445312500000000e-01 1.477315276861190796e-01
9.731445312500000000e-01 1.478565186262130737e-01
2.001953125000000000e-02 1.479815095663070679e-01
5.200195312500000000e-01 1.481064856052398682e-01
2.700195312500000000e-01 1.482314765453338623e-01
7.700195312500000000e-01 1.483564525842666626e-01
1.450195312500000000e-01 1.484814435243606567e-01
6.450195312500000000e-01 1.486064195632934570e-01
3.950195312500000000e-01 1.487314105033874512e-01
8.950195312500000000e-01 1.488563865423202515e-01
8.251953125000000000e-02 1.489813774824142456e-01
5.825195312500000000e-01 1.491063684225082397e-01
3.325195312500000000e-01 1.492313444614410400e-01
8.325195312500000000e-01 1.493563354015350342e-01
2.075195312500000000e-01 1.494813114404678345e-01
7.075195312500000000e-01 1.496063023805618286e-01
4.575195312500000000e-01 1.497312784194946289e-01
9.575195312500000000e-01 1.498562693595886230e-01
5.126953125000000000e-02 1.499812453985214233e-01
5.512695312500000000e-01 1.501062363386154175e-01
3.012695312500000000e-01 1.502312272787094116e-01
8.012695312500000000e-01 1.503562033176422119e-01
1.762695312500000000e-01 1.504811942577362061e-01
6.762695312500000000e-01 1.506061702966690063e-01
4.262695312500000000e-01 1.507311612367630005e-01
9.262695312500000000e-01 1.508561372756958008e-01
1.137695312500000000e-01 1.509811282157897949e-01
6.137695312500000000e-01 1.511061191558837891e-01
3.637695312500000000e-01 1.512310951948165894e-01
8.637695312500000000e-01 1.513560861349105835e-01
2.387695312500000000e-01 1.514810621738433838e-01
7.387695312500000000e-01 1.516060531139373779e-01
4.887695312500000000e-01 1.517310291528701782e-01
9.887695312500000000e-01 1.518560200929641724e-01
1.220703125000000000e-02 1.519809961318969727e-01
5.122070312500000000e-01 1.521059870719909668e-01
2.622070312500000000e-01 1.522309780120849609e-01
7.622070312500000000e-01 1.523559540510177612e-01
1.372070312500000000e-01 1.524809449911117554e-01
6.372070312500000000e-01 1.526059210300445557e-01
3.872070312500000000e-01 1.527309119701385498e-01
8.872070312500000000e-01 1.528558880090713501e-01
7.470703125000000000e-02 1.529808789491653442e-01
5.747070312500000000e-01 1.531058549880981445e-01
3.247070312500000000e-01 1.532308459281921387e-01
8.247070312500000000e-01 1.533558368682861328e-01
1.997070312500000000e-01 1.534808129072189331e-01
6.997070312500000000e-01 1.536058038473129272e-01
4.497070312500000000e-01 1.537307798862457275e-01
9.497070312500000000e-01 1.538557708263397217e-01
4.345703125000000000e-02 1.539807468652725220e-01
5.434570312500000000e-01 1.541057378053665161e-01
2.934570312500000000e-01 1.542307138442993164e-01
7.934570312500000000e-01 1.543557047843933105e-01
1.684570312500000000e-01 1.544806957244873047e-01
6.684570312500000000e-01 1.546056717634201050e-01
4.184570312500000000e-01 1.547306627035140991e-01
9.184570312500000000e-01 1.548556387424468994e-01
1.059570312500000000e-01 1.549806296825408936e-01
6.059570312500000000e-01 1.551056057214736938e-01
3.559570312500000000e-01 1.552305966615676880e-01
8.559570312500000000e-01 1.553555876016616821e-01
2.309570312500000000e-01 1.554805636405944824e-01
7.309570312500000000e-01 1.556055545806884766e-01
4.809570312500000000e-01 1.557305306196212769e-01
9.809570312500000000e-01 1.558555215597152710e-01
2.783203125000000000e-02 1.559804975986480713e-01
5.278320312500000000e-01 1.561054885387420654e-01
2.778320312500000000e-01 1.562304645776748657e-01
7.778320312500000000e-01 1.563554555177688599e-01
1.528320312500000000e-01 1.564804464578628540e-01
6.528320312500000000e-01 1.566054224967956543e-01
4.028320312500000000e-01 1.567304134368896484e-01
9.028320312500000000e-01 1.568553894758224487e-01
9.033203125000000000e-02 1.569803804159164429e-01
5.903320312500000000e-01 1.571053564548492432e-01
3.403320312500000000e-01 1.572303473949432373e-01
8.403320312500000000e-01 1.573553234338760376e-01
2.153320312500000000e-01 1.574803143739700317e-01
7.153320312500000000e-01 1.576053053140640259e-01
4.653320312500000000e-01 1.577302813529968262e-01
9.653320312500000000e-01 1.578552722930908203e-01
5.908203125000000000e-02 1.579802483320236206e-01
5.590820312500000000e-01 1.581052392721176147e-01
3.090820312500000000e-01 1.582302153110504150e-01
8.090820312500000000e-01 1.583552062511444092e-01
1.840820312500000000e-01 1.584801971912384033e-01
6.840820312500000000e-01 1.586051732301712036e-01
4.340820312500000000e-01 1.587301641702651978e-01
9.340820312500000000e-01 1.588551402091979980e-01
1.215820312500000000e-01 1.589801311492919922e-01
6.215820312500000000e-01 1.591051071882247925e-01
3.715820312500000000e-01 1.592300981283187866e-01
8.715820312500000000e-01 1.593550741672515869e-01
2.465820312500000000e-01 1.594800651073455811e-01
7.465820312500000000e-01 1.596050560474395752e-01
4.965820312500000000e-01 1.597300320863723755e-01
9.965820312500000000e-01 1.598550230264663696e-01
2.441406250000000000e-03 1.599799990653991699e-01
5.024414062500000000e-01 1.601049900054931641e-01
2.524414062500000000e-01 1.602299660444259644e-01
7.524414062500000000e-01 1.603549569845199585e-01
1.274414062500000000e-01 1.604799330234527588e-01
6.274414062500000000e-01 1.606049239635467529e-01
3.774414062500000000e-01 1.607299149036407471e-01
8.774414062500000000e-01 1.608548909425735474e-01
6.494140625000000000e-02 1.609798818826675415e-01
5.649414062500000000e-01 1.611048579216003418e-01
3.149414062500000000e-01 1.612298488616943359e-01
8.149414062500000000e-01 1.613548249006271362e-01
1.899414062500000000e-01 1.614798158407211304e-01
6.899414062500000000e-01 1.616048067808151245e-01
4.399414062500000000e-01 1.617297828197479248e-01
9.399414062500000000e-01 1.618547737598419189e-01
3.369140625000000000e-02 1.619797497987747192e-01
5.336914062500000000e-01 1.621047407388687134e-01
2.836914062500000000e-01 1.622297167778015137e-01
7.836914062500000000e-01 1.623547077178955078e-01
1.586914062500000000e-01 1.624796837568283081e-01
6.586914062500000000e-01 1.626046746969223022e-01
4.086914062500000000e-01 1.627296656370162964e-01
9.086914062500000000e-01 1.628546416759490967e-01
9.619140625000000000e-02 1.629796326160430908e-01
5.961914062500000000e-01 1.631046086549758911e-01
3.461914062500000000e-01 1.632295995950698853e-01
8.461914062500000000e-01 1.633545756340026855e-01
2.211914062500000000e-01 1.634795665740966797e-01
7.211914062500000000e-01 1.636045426130294800e-01
4.711914062500000000e-01 1.637295335531234741e-01
9.711914062500000000e-01 1.638545244932174683e-01
1.806640625000000000e-02 1.639795005321502686e-01
5.180664062500000000e-01 1.641044914722442627e-01
2.680664062500000000e-01 1.642294675111770630e-01
7.680664062500000000e-01 1.643544584512710571e-01
1.430664062500000000e-01 1.644794344902038574e-01
6.430664062500000000e-01 1.646044254302978516e-01
3.930664062500000000e-01 1.647294014692306519e-01
8.930664062500000000e-01 1.648543924093246460e-01
8.056640625000000000e-02 1.649793833494186401e-01
5.805664062500000000e-01 1.651043593883514404e-01
3.305664062500000000e-01 1.652293503284454346e-01
8.305664062500000000e-01 1.653543263673782349e-01
2.055664062500000000e-01 1.654793173074722290e-01
7.055664062500000000e-01 1.656042933464050293e-01
4.555664062500000000e-01 1.657292842864990234e-01
9.555664062500000000e-01 1.658542752265930176e-01
4.931640625000000000e-02 1.659792512655258179e-01
5.493164062500000000e-01 1.661042422056198120e-01
2.993164062500000000e-01 1.662292182445526123e-01
7.993164062500000000e-01 1.663542091846466064e-01
1.743164062500000000e-01 1.664791852235794067e-01
6.743164062500000000e-01 1.666041761636734009e-01
4.243164062500000000e-01 1.667291522026062012e-01
9.243164062500000000e-01 1.668541431427001953e-01
1.118164062500000000e-01 1.669791340827941895e-01
6.118164062500000000e-01 1.671041101217269897e-01
3.618164062500000000e-01 1.672291010618209839e-01
8.618164062500000000e-01 1.673540771007537842e-01
2.368164062500000000e-01 1.674790680408477783e-01
7.368164062500000000e-01 1.676040440797805786e-01
4.868164062500000000e-01 1.677290350198745728e-01
9.868164062500000000e-01 1.678540110588073730e-01
1.025390625000000000e-02 1.679790019989013672e-01
5.102539062500000000e-01 1.681039929389953613e-01
2.602539062500000000e-01 1.682289689779281616e-01
7.602539062500000000e-01 1.683539599180221558e-01
1.352539062500000000e-01 1.684789359569549561e-01
6.352539062500000000e-01 1.686039268970489502e-01
3.852539062500000000e-01 1.687289029359817505e-01
8.852539062500000000e-01 1.688538938760757446e-01
7.275390625000000000e-02 1.689788848161697388e-01
5.727539062500000000e-01 1.691038608551025391e-01
3.227539062500000000e-01 1.692288517951965332e-01
8.227539062500000000e-01 1.693538278341293335e-01
1.977539062500000000e-01 1.694788187742233276e-01
6.977539062500000000e-01 1.696037948131561279e-01
4.477539062500000000e-01 1.697287857532501221e-01
9.477539062500000000e-01 1.698537617921829224e-01
4.150390625000000000e-02 1.699787527322769165e-01
5.415039062500000000e-01 1.701037436723709106e-01
2.915039062500000000e-01 1.702287197113037109e-01
7.915039062500000000e-01 1.703537106513977051e-01
1.665039062500000000e-01 1.704786866903305054e-01
6.665039062500000000e-01 1.706036776304244995e-01
4.165039062500000000e-01 1.707286536693572998e-01
9.165039062500000000e-01 1.708536446094512939e-01
1.040039062500000000e-01 1.709786206483840942e-01
6.040039062500000000e-01 1.711036115884780884e-01
3.540039062500000000e-01 1.712286025285720825e-01
8.540039062500000000e-01 1.713535785675048828e-01
2.290039062500000000e-01 1.714785695075988770e-01
7.290039062500000000e-01 1.716035455465316772e-01
4.790039062500000000e-01 1.717285364866256714e-01
9.790039062500000000e-01 1.718535125255584717e-01
2.587890625000000000e-02 1.719785034656524658e-01
5.258789062500000000e-01 1.721034944057464600e-01
2.758789062500000000e-01 1.722284704446792603e-01
7.758789062500000000e-01 1.723534613847732544e-01
1.508789062500000000e-01 1.724784374237060547e-01
6.508789062500000000e-01 1.726034283638000488e-01
4.008789062500000000e-01 1.727284044027328491e-01
9.008789062500000000e-01 1.728533953428268433e-01
8.837890625000000000e-02 1.729783713817596436e-01
5.883789062500000000e-01 1.731033623218536377e-01
3.383789062500000000e-01 1.732283532619476318e-01
8.383789062500000000e-01 1.733533293008804321e-01
2.133789062500000000e-01 1.734783202409744263e-01
7.133789062500000000e-01 1.736032962799072266e-01
4.633789062500000000e-01 1.737282872200012207e-01
9.633789062500000000e-01 1.738532632589340210e-01
5.712890625000000000e-02 1.739782541990280151e-01
5.571289062500000000e-01 1.741032302379608154e-01
3.071289062500000000e-01 1.742282211780548096e-01
8.071289062500000000e-01 1.743532121181488037e-01
1.821289062500000000e-01 1.744781881570816040e-01
6.821289062500000000e-01 1.746031790971755981e-01
4.321289062500000000e-01 1.747281551361083984e-01
9.321289062500000000e-01 1.748531460762023926e-01
1.196289062500000000e-01 1.749781221151351929e-01
6.196289062500000000e-01 1.751031130552291870e-01
3.696289062500000000e-01 1.752280890941619873e-01
8.696289062500000000e-01 1.753530800342559814e-01
2.446289062500000000e-01 1.754780709743499756e-01
7.446289062500000000e-01 1.756030470132827759e-01
4.946289062500000000e-01 1.757280379533767700e-01
9.946289062500000000e-01 1.758530139923095703e-01
6.347656250000000000e-03 1.759780049324035645e-01
5.063476562500000000e-01 1.761029809713363647e-01
2.563476562500000000e-01 1.762279719114303589e-01
7.563476562500000000e-01 1.763529628515243530e-01
1.313476562500000000e-01 1.764779388904571533e-01
6.313476562500000000e-01 1.766029298305511475e-01
3.813476562500000000e-01 1.767279058694839478e-01
8.813476562500000000e-01 1.768528968095779419e-01
6.884765625000000000e-02 1.769778728485107422e-01
5.688476562500000000e-01 1.771028637886047363e-01
3.188476562500000000e-01 1.772278398275375366e-01
8.188476562500000000e-01 1.773528307676315308e-01
1.938476562500000000e-01 1.774778217077255249e-01
6.938476562500000000e-01 1.776027977466583252e-01
4.438476562500000000e-01 1.777277886867523193e-01
9.438476562500000000e-01 1.778527647256851196e-01
3.759765625000000000e-02 1.779777556657791138e-01
5.375976562500000000e-01 1.781027317047119141e-01
2.875976562500000000e-01 1.782277226448059082e-01
7.875976562500000000e-01 1.783526986837387085e-01
1.625976562500000000e-01 1.784776896238327026e-01
6.625976562500000000e-01 1.786026805639266968e-01
4.125976562500000000e-01 1.787276566028594971e-01
9.125976562500000000e-01 1.788526475429534912e-01
1.000976562500000000e-01 1.789776235818862915e-01
6.000976562500000000e-01 1.791026145219802856e-01
3.500976562500000000e-01 1.792275905609130859e-01
8.500976562500000000e-01 1.793525815010070801e-01
2.250976562500000000e-01 1.794775724411010742e-01
7.250976562500000000e-01 1.796025484800338745e-01
4.750976562500000000e-01 1.797275394201278687e-01
9.750976562500000000e-01 1.798525154590606689e-01
2.197265625000000000e-02 1.799775063991546631e-01
5.219726562500000000e-01 1.801024824380874634e-01
2.719726562500000000e-01 1.802274733781814575e-01
7.719726562500000000e-01 1.803524494171142578e-01
1.469726562500000000e-01 1.804774403572082520e-01
6.469726562500000000e-01 1.806024312973022461e-01
3.969726562500000000e-01 1.807274073362350464e-01
8.969726562500000000e-01 1.808523982763290405e-01
8.447265625000000000e-02 1.809773743152618408e-01
5.844726562500000000e-01 1.811023652553558350e-01
3.344726562500000000e-01 1.812273412942886353e-01
8.344726562500000000e-01 1.813523322343826294e-01
2.094726562500000000e-01 1.814773082733154297e-01
7.094726562500000000e-01 1.816022992134094238e-01
4.594726562500000000e-01 1.817272901535034180e-01
9.594726562500000000e-01 1.818522661924362183e-01
5.322265625000000000e-02 1.819772571325302124e-01
5.532226562500000000e-01 1.821022331714630127e-01
3.032226562500000000e-01 1.822272241115570068e-01
8.032226562500000000e-01 1.823522001504898071e-01
1.782226562500000000e-01 1.824771910905838013e-01
6.782226562500000000e-01 1.826021820306777954e-01
4.282226562500000000e-01 1.827271580696105957e-01
9.282226562500000000e-01 1.828521490097045898e-01
1.157226562500000000e-01 1.829771250486373901e-01
6.157226562500000000e-01 1.831021159887313843e-01
3.657226562500000000e-01 1.832270920276641846e-01
8.657226562500000000e-01 1.833520829677581787e-01
2.407226562500000000e-01 1.834770590066909790e-01
7.407226562500000000e-01 1.836020499467849731e-01
4.907226562500000000e-01 1.837270408868789673e-01
9.907226562500000000e-01 1.838520169258117676e-01
1.416015625000000000e-02 1.839770078659057617e-01
5.141601562500000000e-01 1.841019839048385620e-01
2.641601562500000000e-01 1.842269748449325562e-01
7.641601562500000000e-01 1.843519508838653564e-01
1.391601562500000000e-01 1.844769418239593506e-01
6.391601562500000000e-01 1.846019178628921509e-01
3.891601562500000000e-01 1.847269088029861450e-01
8.891601562500000000e-01 1.848518997430801392e-01
7.666015625000000000e-02 1.849768757820129395e-01
5.766601562500000000e-01 1.851018667221069336e-01
3.266601562500000000e-01 1.852268427610397339e-01
8.266601562500000000e-01 1.853518337011337280e-01
2.016601562500000000e-01 1.854768097400665283e-01
7.016601562500000000e-01 1.856018006801605225e-01
4.516601562500000000e-01 1.857267767190933228e-01
9.516601562500000000e-01 1.858517676591873169e-01
4.541015625000000000e-02 1.859767585992813110e-01
5.454101562500000000e-01 1.861017346382141113e-01
2.954101562500000000e-01 1.862267255783081055e-01
7.954101562500000000e-01 1.863517016172409058e-01
1.704101562500000000e-01 1.864766925573348999e-01
6.704101562500000000e-01 1.866016685962677002e-01
4.204101562500000000e-01 1.867266595363616943e-01
9.204101562500000000e-01 1.868516504764556885e-01
1.079101562500000000e-01 1.869766265153884888e-01
6.079101562500000000e-01 1.871016174554824829e-01
3.579101562500000000e-01 1.872265934944152832e-01
8.579101562500000000e-01 1.873515844345092773e-01
2.329101562500000000e-01 1.874765604734420776e-01
7.329101562500000000e-01 1.876015514135360718e-01
4.829101562500000000e-01 1.877265274524688721e-01
9.829101562500000000e-01 1.878515183925628662e-01
2.978515625000000000e-02 1.879765093326568604e-01
5.297851562500000000e-01 1.881014853715896606e-01
2.797851562500000000e-01 1.882264763116836548e-01
7.797851562500000000e-01 1.883514523506164551e-01
1.547851562500000000e-01 1.884764432907104492e-01
6.547851562500000000e-01 1.886014193296432495e-01
4.047851562500000000e-01 1.887264102697372437e-01
9.047851562500000000e-01 1.888513863086700439e-01
9.228515625000000000e-02 1.889763772487640381e-01
5.922851562500000000e-01 1.891013681888580322e-01
3.422851562500000000e-01 1.892263442277908325e-01
8.422851562500000000e-01 1.893513351678848267e-01
2.172851562500000000e-01 1.894763112068176270e-01
7.172851562500000000e-01 1.896013021469116211e-01
4.672851562500000000e-01 1.897262781858444214e-01
9.672851562500000000e-01 1.898512691259384155e-01
6.103515625000000000e-02 1.899762600660324097e-01
5.610351562500000000e-01 1.901012361049652100e-01
3.110351562500000000e-01 1.902262270450592041e-01
8.110351562500000000e-01 1.903512030839920044e-01
1.860351562500000000e-01 1.904761940240859985e-01
6.860351562500000000e-01 1.906011700630187988e-01
4.360351562500000000e-01 1.907261610031127930e-01
9.360351562500000000e-01 1.908511370420455933e-01
1.235351562500000000e-01 1.909761279821395874e-01
6.235351562500000000e-01 1.911011189222335815e-01
3.735351562500000000e-01 1.912260949611663818e-01
8.735351562500000000e-01 1.913510859012603760e-01
2.485351562500000000e-01 1.914760619401931763e-01
7.485351562500000000e-01 1.916010528802871704e-01
4.985351562500000000e-01 1.917260289192199707e-01
9.985351562500000000e-01 1.918510198593139648e-01
1.464843750000000000e-03 1.919759958982467651e-01
5.014648437500000000e-01 1.921009868383407593e-01
2.514648437500000000e-01 1.922259777784347534e-01
7.514648437500000000e-01 1.923509538173675537e-01
1.264648437500000000e-01 1.924759447574615479e-01
6.264648437500000000e-01 1.926009207963943481e-01
3.764648437500000000e-01 1.927259117364883423e-01
8.764648437500000000e-01 1.928508877754211426e-01
6.396484375000000000e-02 1.929758787155151367e-01
5.639648437500000000e-01 1.931008696556091309e-01
3.139648437500000000e-01 1.932258456945419312e-01
8.139648437500000000e-01 1.933508366346359253e-01
1.889648437500000000e-01 1.934758126735687256e-01
6.889648437500000000e-01 1.936008036136627197e-01
4.389648437500000000e-01 1.937257796525955200e-01
9.389648437500000000e-01 1.938507705926895142e-01
3.271484375000000000e-02 1.939757466316223145e-01
5.327148437500000000e-01 1.941007375717163086e-01
2.827148437500000000e-01 1.942257285118103027e-01
7.827148437500000000e-01 1.943507045507431030e-01
1.577148437500000000e-01 1.944756954908370972e-01
6.577148437500000000e-01 1.946006715297698975e-01
4.077148437500000000e-01 1.947256624698638916e-01
9.077148437500000000e-01 1.948506385087966919e-01
9.521484375000000000e-02 1.949756294488906860e-01
5.952148437500000000e-01 1.951006054878234863e-01
3.452148437500000000e-01 1.952255964279174805e-01
8.452148437500000000e-01 1.953505873680114746e-01
2.202148437500000000e-01 1.954755634069442749e-01
7.202148437500000000e-01 1.956005543470382690e-01
4.702148437500000000e-01 1.957255303859710693e-01
9.702148437500000000e-01 1.958505213260650635e-01
1.708984375000000000e-02 1.959754973649978638e-01
5.170898437500000000e-01 1.961004883050918579e-01
2.670898437500000000e-01 1.962254792451858521e-01
7.670898437500000000e-01 1.963504552841186523e-01
1.420898437500000000e-01 1.964754462242126465e-01
6.420898437500000000e-01 1.966004222631454468e-01
3.920898437500000000e-01 1.967254132032394409e-01
8.920898437500000000e-01 1.968503892421722412e-01
7.958984375000000000e-02 1.969753801822662354e-01
5.795898437500000000e-01 1.971003562211990356e-01
3.295898437500000000e-01 1.972253471612930298e-01
8.295898437500000000e-01 1.973503381013870239e-01
2.045898437500000000e-01 1.974753141403198242e-01
7.045898437500000000e-01 1.976003050804138184e-01
4.545898437500000000e-01 1.977252811193466187e-01
9.545898437500000000e-01 1.978502720594406128e-01
4.833984375000000000e-02 1.979752480983734131e-01
5.483398437500000000e-01 1.981002390384674072e-01
2.983398437500000000e-01 1.982252150774002075e-01
7.983398437500000000e-01 1.983502060174942017e-01
1.733398437500000000e-01 1.984751969575881958e-01
6.733398437500000000e-01 1.986001729965209961e-01
4.233398437500000000e-01 1.987251639366149902e-01
9.233398437500000000e-01 1.988501399755477905e-01
1.108398437500000000e-01 1.989751309156417847e-01
6.108398437500000000e-01 1.991001069545745850e-01
3.608398437500000000e-01 1.992250978946685791e-01
8.608398437500000000e-01 1.993500739336013794e-01
2.358398437500000000e-01 1.994750648736953735e-01
7.358398437500000000e-01 1.996000558137893677e-01
4.858398437500000000e-01 1.997250318527221680e-01
9.858398437500000000e-01 1.998500227928161621e-01
9.277343750000000000e-03 1.999749988317489624e-01
5.092773437500000000e-01 2.000999897718429565e-01
2.592773437500000000e-01 2.002249658107757568e-01
7.592773437500000000e-01 2.003499567508697510e-01
1.342773437500000000e-01 2.004749476909637451e-01
6.342773437500000000e-01 2.005999237298965454e-01
3.842773437500000000e-01 2.007249146699905396e-01
8.842773437500000000e-01 2.008498907089233398e-01
7.177734375000000000e-02 2.009748816490173340e-01
5.717773437500000000e-01 2.010998576879501343e-01
3.217773437500000000e-01 2.012248486280441284e-01
8.217773437500000000e-01 2.013498246669769287e-01
1.967773437500000000e-01 2.014748156070709229e-01
6.967773437500000000e-01 2.015998065471649170e-01
4.467773437500000000e-01 2.017247825860977173e-01
9.467773437500000000e-01 2.018497735261917114e-01
4.052734375000000000e-02 2.019747495651245117e-01
5.405273437500000000e-01 2.020997405052185059e-01
2.905273437500000000e-01 2.022247165441513062e-01
7.905273437500000000e-01 2.023497074842453003e-01
1.655273437500000000e-01 2.024746835231781006e-01
6.655273437500000000e-01 2.025996744632720947e-01
4.155273437500000000e-01 2.027246654033660889e-01
9.155273437500000000e-01 2.028496414422988892e-01
1.030273437500000000e-01 2.029746323823928833e-01
6.030273437500000000e-01 2.030996084213256836e-01
3.530273437500000000e-01 2.032245993614196777e-01
8.530273437500000000e-01 2.033495754003524780e-01
2.280273437500000000e-01 2.034745663404464722e-01
7.280273437500000000e-01 2.035995572805404663e-01
4.780273437500000000e-01 2.037245333194732666e-01
9.780273437500000000e-01 2.038495242595672607e-01
2.490234375000000000e-02 2.039745002985000610e-01
5.249023437500000000e-01 2.040994912385940552e-01
2.749023437500000000e-01 2.042244672775268555e-01
7.749023437500000000e-01 2.043494582176208496e-01
1.499023437500000000e-01 2.044744342565536499e-01
6.499023437500000000e-01 2.045994251966476440e-01
3.999023437500000000e-01 2.047244161367416382e-01
8.999023437500000000e-01 2.048493921756744385e-01
8.740234375000000000e-02 2.049743831157684326e-01
5.874023437500000000e-01 2.050993591547012329e-01
3.374023437500000000e-01 2.052243500947952271e-01
8.374023437500000000e-01 2.053493261337280273e-01
2.124023437500000000e-01 2.054743170738220215e-01
7.124023437500000000e-01 2.055992931127548218e-01
4.624023437500000000e-01 2.057242840528488159e-01
9.624023437500000000e-01 2.058492749929428101e-01
5.615234375000000000e-02 2.059742510318756104e-01
5.561523437500000000e-01 2.060992419719696045e-01
3.061523437500000000e-01 2.062242180109024048e-01
8.061523437500000000e-01 2.063492089509963989e-01
1.811523437500000000e-01 2.064741849899291992e-01
6.811523437500000000e-01 2.065991759300231934e-01
4.311523437500000000e-01 2.067241668701171875e-01
9.311523437500000000e-01 2.068491429090499878e-01
1.186523437500000000e-01 2.069741338491439819e-01
6.186523437500000000e-01 2.070991098880767822e-01
3.686523437500000000e-01 2.072241008281707764e-01
8.686523437500000000e-01 2.073490768671035767e-01
2.436523437500000000e-01 2.074740678071975708e-01
7.436523437500000000e-01 2.075990438461303711e-01
4.936523437500000000e-01 2.077240347862243652e-01
9.936523437500000000e-01 2.078490257263183594e-01
5.371093750000000000e-03 2.079740017652511597e-01
5.053710937500000000e-01 2.080989927053451538e-01
2.553710937500000000e-01 2.082239687442779541e-01
7.553710937500000000e-01 2.083489596843719482e-01
1.303710937500000000e-01 2.084739357233047485e-01
6.303710937500000000e-01 2.085989266633987427e-01
3.803710937500000000e-01 2.087239027023315430e-01
8.803710937500000000e-01 2.088488936424255371e-01
6.787109375000000000e-02 2.089738845825195312e-01
5.678710937500000000e-01 2.090988606214523315e-01
3.178710937500000000e-01 2.092238515615463257e-01
8.178710937500000000e-01 2.093488276004791260e-01
1.928710937500000000e-01 2.094738185405731201e-01
6.928710937500000000e-01 2.095987945795059204e-01
4.428710937500000000e-01 2.097237855195999146e-01
9.428710937500000000e-01 2.098487615585327148e-01
3.662109375000000000e-02 2.099737524986267090e-01
5.366210937500000000e-01 2.100987434387207031e-01
2.866210937500000000e-01 2.102237194776535034e-01
7.866210937500000000e-01 2.103487104177474976e-01
1.616210937500000000e-01 2.104736864566802979e-01
6.616210937500000000e-01 2.105986773967742920e-01
4.116210937500000000e-01 2.107236534357070923e-01
9.116210937500000000e-01 2.108486443758010864e-01
9.912109375000000000e-02 2.109736353158950806e-01
5.991210937500000000e-01 2.110986113548278809e-01
3.491210937500000000e-01 2.112236022949218750e-01
8.491210937500000000e-01 2.113485783338546753e-01
2.241210937500000000e-01 2.114735692739486694e-01
7.241210937500000000e-01 2.115985453128814697e-01
4.741210937500000000e-01 2.117235362529754639e-01
9.741210937500000000e-01 2.118485122919082642e-01
2.099609375000000000e-02 2.119735032320022583e-01
5.209960937500000000e-01 2.120984941720962524e-01
2.709960937500000000e-01 2.122234702110290527e-01
7.709960937500000000e-01 2.123484611511230469e-01
1.459960937500000000e-01 2.124734371900558472e-01
6.459960937500000000e-01 2.125984281301498413e-01
3.959960937500000000e-01 2.127234041690826416e-01
8.959960937500000000e-01 2.128483951091766357e-01
8.349609375000000000e-02 2.129733711481094360e-01
5.834960937500000000e-01 2.130983620882034302e-01
3.334960937500000000e-01 2.132233530282974243e-01
8.334960937500000000e-01 2.133483290672302246e-01
2.084960937500000000e-01 2.134733200073242188e-01
7.084960937500000000e-01 2.135982960462570190e-01
4.584960937500000000e-01 2.137232869863510132e-01
9.584960937500000000e-01 2.138482630252838135e-01
5.224609375000000000e-02 2.139732539653778076e-01
5.522460937500000000e-01 2.140982449054718018e-01
3.022460937500000000e-01 2.142232209444046021e-01
8.022460937500000000e-01 2.143482118844985962e-01
1.772460937500000000e-01 2.144731879234313965e-01
6.772460937500000000e-01 2.145981788635253906e-01
4.272460937500000000e-01 2.147231549024581909e-01
9.272460937500000000e-01 2.148481458425521851e-01
1.147460937500000000e-01 2.149731218814849854e-01
6.147460937500000000e-01 2.150981128215789795e-01
3.647460937500000000e-01 2.152231037616729736e-01
8.647460937500000000e-01 2.153480798006057739e-01
2.397460937500000000e-01 2.154730707406997681e-01
7.397460937500000000e-01 2.155980467796325684e-01
4.897460937500000000e-01 2.157230377197265625e-01
9.897460937500000000e-01 2.158480137586593628e-01
1.318359375000000000e-02 2.159730046987533569e-01
5.131835937500000000e-01 2.160979807376861572e-01
2.631835937500000000e-01 2.162229716777801514e-01
7.631835937500000000e-01 2.163479626178741455e-01
1.381835937500000000e-01 2.164729386568069458e-01
6.381835937500000000e-01 2.165979295969009399e-01
3.881835937500000000e-01 2.167229056358337402e-01
8.881835937500000000e-01 2.168478965759277344e-01
7.568359375000000000e-02 2.169728726148605347e-01
5.756835937500000000e-01 2.170978635549545288e-01
3.256835937500000000e-01 2.172228544950485229e-01
8.256835937500000000e-01 2.173478305339813232e-01
2.006835937500000000e-01 2.174728214740753174e-01
7.006835937500000000e-01 2.175977975130081177e-01
4.506835937500000000e-01 2.177227884531021118e-01
9.506835937500000000e-01 2.178477644920349121e-01
4.443359375000000000e-02 2.179727554321289062e-01
5.444335937500000000e-01 2.180977314710617065e-01
2.944335937500000000e-01 2.182227224111557007e-01
7.944335937500000000e-01 2.183477133512496948e-01
1.694335937500000000e-01 2.184726893901824951e-01
6.694335937500000000e-01 2.185976803302764893e-01
4.194335937500000000e-01 2.187226563692092896e-01
9.194335937500000000e-01 2.188476473093032837e-01
1.069335937500000000e-01 2.189726233482360840e-01
6.069335937500000000e-01 2.190976142883300781e-01
3.569335937500000000e-01 2.192225903272628784e-01
8.569335937500000000e-01 2.193475812673568726e-01
2.319335937500000000e-01 2.194725722074508667e-01
7.319335937500000000e-01 2.195975482463836670e-01
4.819335937500000000e-01 2.197225391864776611e-01
9.819335937500000000e-01 2.198475152254104614e-01
2.880859375000000000e-02 2.199725061655044556e-01
5.288085937500000000e-01 2.200974822044372559e-01
2.788085937500000000e-01 2.202224731445312500e-01
7.788085937500000000e-01 2.203474491834640503e-01
1.538085937500000000e-01 2.204724401235580444e-01
6.538085937500000000e-01 2.205974310636520386e-01
4.038085937500000000e-01 2.207224071025848389e-01
9.038085937500000000e-01 2.208473980426788330e-01
9.130859375000000000e-02 2.209723740816116333e-01
5.913085937500000000e-01 2.210973650217056274e-01
3.413085937500000000e-01 2.212223410606384277e-01
8.413085937500000000e-01 2.213473320007324219e-01
2.163085937500000000e-01 2.214723229408264160e-01
7.163085937500000000e-01 2.215972989797592163e-01
4.663085937500000000e-01 2.217222899198532104e-01
9.663085937500000000e-01 2.218472659587860107e-01
6.005859375000000000e-02 2.219722568988800049e-01
5.600585937500000000e-01 2.220972329378128052e-01
3.100585937500000000e-01 2.222222238779067993e-01
8.100585937500000000e-01 2.223471999168395996e-01
1.850585937500000000e-01 2.224721908569335938e-01
6.850585937500000000e-01 2.225971817970275879e-01
4.350585937500000000e-01 2.227221578359603882e-01
9.350585937500000000e-01 2.228471487760543823e-01
1.225585937500000000e-01 2.229721248149871826e-01
6.225585937500000000e-01 2.230971157550811768e-01
3.725585937500000000e-01 2.232220917940139771e-01
8.725585937500000000e-01 2.233470827341079712e-01
2.475585937500000000e-01 2.234720587730407715e-01
7.475585937500000000e-01 2.235970497131347656e-01
4.975585937500000000e-01 2.237220406532287598e-01
9.975585937500000000e-01 2.238470166921615601e-01
3.417968750000000000e-03 2.239720076322555542e-01
5.034179687500000000e-01 2.240969836711883545e-01
2.534179687500000000e-01 2.242219746112823486e-01
7.534179687500000000e-01 2.243469506502151489e-01
1.284179687500000000e-01 2.244719415903091431e-01
6.284179687500000000e-01 2.245969325304031372e-01
3.784179687500000000e-01 2.247219085693359375e-01
8.784179687500000000e-01 2.248468995094299316e-01
6.591796875000000000e-02 2.249718755483627319e-01
5.659179687500000000e-01 2.250968664884567261e-01
3.159179687500000000e-01 2.252218425273895264e-01
8.159179687500000000e-01 2.253468334674835205e-01
1.909179687500000000e-01 2.254718095064163208e-01
6.909179687500000000e-01 2.255968004465103149e-01
4.409179687500000000e-01 2.257217913866043091e-01
9.409179687500000000e-01 2.258467674255371094e-01
3.466796875000000000e-02 2.259717583656311035e-01
5.346679687500000000e-01 2.260967344045639038e-01
2.846679687500000000e-01 2.262217253446578979e-01
7.846679687500000000e-01 2.263467013835906982e-01
1.596679687500000000e-01 2.264716923236846924e-01
6.596679687500000000e-01 2.265966683626174927e-01
4.096679687500000000e-01 2.267216593027114868e-01
9.096679687500000000e-01 2.268466502428054810e-01
9.716796875000000000e-02 2.269716262817382812e-01
5.971679687500000000e-01 2.270966172218322754e-01
3.471679687500000000e-01 2.272215932607650757e-01
8.471679687500000000e-01 2.273465842008590698e-01
2.221679687500000000e-01 2.274715602397918701e-01
7.221679687500000000e-01 2.275965511798858643e-01
4.721679687500000000e-01 2.277215421199798584e-01
9.721679687500000000e-01 2.278465181589126587e-01
1.904296875000000000e-02 2.279715090990066528e-01
5.190429687500000000e-01 2.280964851379394531e-01
2.690429687500000000e-01 2.282214760780334473e-01
7.690429687500000000e-01 2.283464521169662476e-01
1.440429687500000000e-01 2.284714430570602417e-01
6.440429687500000000e-01 2.285964190959930420e-01
3.940429687500000000e-01 2.287214100360870361e-01
8.940429687500000000e-01 2.288464009761810303e-01
8.154296875000000000e-02 2.289713770151138306e-01
5.815429687500000000e-01 2.290963679552078247e-01
3.315429687500000000e-01 2.292213439941406250e-01
8.315429687500000000e-01 2.293463349342346191e-01
2.065429687500000000e-01 2.294713109731674194e-01
7.065429687500000000e-01 2.295963019132614136e-01
4.565429687500000000e-01 2.297212779521942139e-01
9.565429687500000000e-01 2.298462688922882080e-01
5.029296875000000000e-02 2.299712598323822021e-01
5.502929687500000000e-01 2.300962358713150024e-01
3.002929687500000000e-01 2.302212268114089966e-01
8.002929687500000000e-01 2.303462028503417969e-01
1.752929687500000000e-01 2.304711937904357910e-01
6.752929687500000000e-01 2.305961698293685913e-01
4.252929687500000000e-01 2.307211607694625854e-01
9.252929687500000000e-01 2.308461368083953857e-01
1.127929687500000000e-01 2.309711277484893799e-01
6.127929687500000000e-01 2.310961186885833740e-01
3.627929687500000000e-01 2.312210947275161743e-01
8.627929687500000000e-01 2.313460856676101685e-01
2.377929687500000000e-01 2.314710617065429688e-01
7.377929687500000000e-01 2.315960526466369629e-01
4.877929687500000000e-01 2.317210286855697632e-01
9.877929687500000000e-01 2.318460196256637573e-01
1.123046875000000000e-02 2.319710105657577515e-01
5.112304687500000000e-01 2.320959866046905518e-01
2.612304687500000000e-01 2.322209775447845459e-01
7.612304687500000000e-01 2.323459535837173462e-01
1.362304687500000000e-01 2.324709445238113403e-01
6.362304687500000000e-01 2.325959205627441406e-01
3.862304687500000000e-01 2.327209115028381348e-01
8.862304687500000000e-01 2.328458875417709351e-01
7.373046875000000000e-02 2.329708784818649292e-01
5.737304687500000000e-01 2.330958694219589233e-01
3.237304687500000000e-01 2.332208454608917236e-01
8.237304687500000000e-01 2.333458364009857178e-01
1.987304687500000000e-01 2.334708124399185181e-01
6.987304687500000000e-01 2.335958033800125122e-01
4.487304687500000000e-01 2.337207794189453125e-01
9.487304687500000000e-01 2.338457703590393066e-01
4.248046875000000000e-02 2.339707463979721069e-01
5.424804687500000000e-01 2.340957373380661011e-01
2.924804687500000000e-01 2.342207282781600952e-01
7.924804687500000000e-01 2.343457043170928955e-01
1.674804687500000000e-01 2.344706952571868896e-01
6.674804687500000000e-01 2.345956712961196899e-01
4.174804687500000000e-01 2.347206622362136841e-01
9.174804687500000000e-01 2.348456382751464844e-01
1.049804687500000000e-01 2.349706292152404785e-01
6.049804687500000000e-01 2.350956201553344727e-01
3.549804687500000000e-01 2.352205961942672729e-01
8.549804687500000000e-01 2.353455871343612671e-01
2.299804687500000000e-01 2.354705631732940674e-01
7.299804687500000000e-01 2.355955541133880615e-01
4.799804687500000000e-01 2.357205301523208618e-01
9.799804687500000000e-01 2.358455210924148560e-01
2.685546875000000000e-02 2.359704971313476562e-01
5.268554687500000000e-01 2.360954880714416504e-01
2.768554687500000000e-01 2.362204790115356445e-01
7.768554687500000000e-01 2.363454550504684448e-01
1.518554687500000000e-01 2.364704459905624390e-01
6.518554687500000000e-01 2.365954220294952393e-01
4.018554687500000000e-01 2.367204129695892334e-01
9.018554687500000000e-01 2.368453890085220337e-01
8.935546875000000000e-02 2.369703799486160278e-01
5.893554687500000000e-01 2.370953559875488281e-01
3.393554687500000000e-01 2.372203469276428223e-01
8.393554687500000000e-01 2.373453378677368164e-01
2.143554687500000000e-01 2.374703139066696167e-01
7.143554687500000000e-01 2.375953048467636108e-01
4.643554687500000000e-01 2.377202808856964111e-01
9.643554687500000000e-01 2.378452718257904053e-01
5.810546875000000000e-02 2.379702478647232056e-01
5.581054687500000000e-01 2.380952388048171997e-01
3.081054687500000000e-01 2.382202297449111938e-01
8.081054687500000000e-01 2.383452057838439941e-01
1.831054687500000000e-01 2.384701967239379883e-01
6.831054687500000000e-01 2.385951727628707886e-01
4.331054687500000000e-01 2.387201637029647827e-01
9.331054687500000000e-01 2.388451397418975830e-01
1.206054687500000000e-01 2.389701306819915771e-01
6.206054687500000000e-01 2.390951067209243774e-01
3.706054687500000000e-01 2.392200976610183716e-01
8.706054687500000000e-01 2.393450886011123657e-01
2.456054687500000000e-01 2.394700646400451660e-01
7.456054687500000000e-01 2.395950555801391602e-01
4.956054687500000000e-01 2.397200316190719604e-01
9.956054687500000000e-01 2.398450225591659546e-01
7.324218750000000000e-03 2.399699985980987549e-01
5.073242187500000000e-01 2.400949895381927490e-01
2.573242187500000000e-01 2.402199655771255493e-01
7.573242187500000000e-01 2.403449565172195435e-01
1.323242187500000000e-01 2.404699474573135376e-01
6.323242187500000000e-01 2.405949234962463379e-01
3.823242187500000000e-01 2.407199144363403320e-01
8.823242187500000000e-01 2.408448904752731323e-01
6.982421875000000000e-02 2.409698814153671265e-01
5.698242187500000000e-01 2.410948574542999268e-01
3.198242187500000000e-01 2.412198483943939209e-01
8.198242187500000000e-01 2.413448393344879150e-01
1.948242187500000000e-01 2.414698153734207153e-01
6.948242187500000000e-01 2.415948063135147095e-01
4.448242187500000000e-01 2.417197823524475098e-01
9.448242187500000000e-01 2.418447732925415039e-01
3.857421875000000000e-02 2.419697493314743042e-01
5.385742187500000000e-01 2.420947402715682983e-01
2.885742187500000000e-01 2.422197163105010986e-01
7.885742187500000000e-01 2.423447072505950928e-01
1.635742187500000000e-01 2.424696981906890869e-01
6.635742187500000000e-01 2.425946742296218872e-01
4.135742187500000000e-01 2.427196651697158813e-01
9.135742187500000000e-01 2.428446412086486816e-01
1.010742187500000000e-01 2.429696321487426758e-01
6.010742187500000000e-01 2.430946081876754761e-01
3.510742187500000000e-01 2.432195991277694702e-01
8.510742187500000000e-01 2.433445751667022705e-01
2.260742187500000000e-01 2.434695661067962646e-01
7.260742187500000000e-01 2.435945570468902588e-01
4.760742187500000000e-01 2.437195330858230591e-01
9.760742187500000000e-01 2.438445240259170532e-01
2.294921875000000000e-02 2.439695000648498535e-01
5.229492187500000000e-01 2.440944910049438477e-01
2.729492187500000000e-01 2.442194670438766479e-01
7.729492187500000000e-01 2.443444579839706421e-01
1.479492187500000000e-01 2.444694340229034424e-01
6.479492187500000000e-01 2.445944249629974365e-01
3.979492187500000000e-01 2.447194159030914307e-01
8.979492187500000000e-01 2.448443919420242310e-01
8.544921875000000000e-02 2.449693828821182251e-01
5.854492187500000000e-01 2.450943589210510254e-01
3.354492187500000000e-01 2.452193498611450195e-01
8.354492187500000000e-01 2.453443259000778198e-01
2.104492187500000000e-01 2.454693168401718140e-01
7.104492187500000000e-01 2.455943077802658081e-01
4.604492187500000000e-01 2.457192838191986084e-01
9.604492187500000000e-01 2.458442747592926025e-01
5.419921875000000000e-02 2.459692507982254028e-01
5.541992187500000000e-01 2.460942417383193970e-01
3.041992187500000000e-01 2.462192177772521973e-01
8.041992187500000000e-01 2.463442087173461914e-01
1.791992187500000000e-01 2.464691847562789917e-01
6.791992187500000000e-01 2.465941756963729858e-01
4.291992187500000000e-01 2.467191666364669800e-01
9.291992187500000000e-01 2.468441426753997803e-01
1.166992187500000000e-01 2.469691336154937744e-01
6.166992187500000000e-01 2.470941096544265747e-01
3.666992187500000000e-01 2.472191005945205688e-01
8.666992187500000000e-01 2.473440766334533691e-01
2.416992187500000000e-01 2.474690675735473633e-01
7.416992187500000000e-01 2.475940436124801636e-01
4.916992187500000000e-01 2.477190345525741577e-01
9.916992187500000000e-01 2.478440254926681519e-01
1.513671875000000000e-02 2.479690015316009521e-01
5.151367187500000000e-01 2.480939924716949463e-01
2.651367187500000000e-01 2.482189685106277466e-01
7.651367187500000000e-01 2.483439594507217407e-01
1.401367187500000000e-01 2.484689354896545410e-01
6.401367187500000000e-01 2.485939264297485352e-01
3.901367187500000000e-01 2.487189173698425293e-01
8.901367187500000000e-01 2.488438934087753296e-01
7.763671875000000000e-02 2.489688843488693237e-01
5.776367187500000000e-01 2.490938603878021240e-01
3.276367187500000000e-01 2.492188513278961182e-01
8.276367187500000000e-01 2.493438273668289185e-01
2.026367187500000000e-01 2.494688183069229126e-01
7.026367187500000000e-01 2.495937943458557129e-01
4.526367187500000000e-01 2.497187852859497070e-01
9.526367187500000000e-01 2.498437762260437012e-01
4.638671875000000000e-02 2.499687522649765015e-01
5.463867187500000000e-01 2.500937283039093018e-01
2.963867187500000000e-01 2.502187192440032959e-01
7.963867187500000000e-01 2.503437101840972900e-01
1.713867187500000000e-01 2.504687011241912842e-01
6.713867187500000000e-01 2.505936622619628906e-01
4.213867187500000000e-01 2.507186532020568848e-01
9.213867187500000000e-01 2.508436441421508789e-01
1.088867187500000000e-01 2.509686350822448730e-01
6.088867187500000000e-01 2.510936260223388672e-01
3.588867187500000000e-01 2.512185871601104736e-01
8.588867187500000000e-01 2.513435781002044678e-01
2.338867187500000000e-01 2.514685690402984619e-01
7.338867187500000000e-01 2.515935599803924561e-01
4.838867187500000000e-01 2.517185211181640625e-01
9.838867187500000000e-01 2.518435120582580566e-01
3.076171875000000000e-02 2.519685029983520508e-01
5.307617187500000000e-01 2.520934939384460449e-01
2.807617187500000000e-01 2.522184848785400391e-01
7.807617187500000000e-01 2.523434460163116455e-01
1.557617187500000000e-01 2.524684369564056396e-01
6.557617187500000000e-01 2.525934278964996338e-01
4.057617187500000000e-01 2.527184188365936279e-01
9.057617187500000000e-01 2.528433799743652344e-01
9.326171875000000000e-02 2.529683709144592285e-01
5.932617187500000000e-01 2.530933618545532227e-01
3.432617187500000000e-01 2.532183527946472168e-01
8.432617187500000000e-01 2.533433437347412109e-01
2.182617187500000000e-01 2.534683048725128174e-01
7.182617187500000000e-01 2.535932958126068115e-01
4.682617187500000000e-01 2.537182867527008057e-01
9.682617187500000000e-01 2.538432776927947998e-01
6.201171875000000000e-02 2.539682686328887939e-01
5.620117187500000000e-01 2.540932297706604004e-01
3.120117187500000000e-01 2.542182207107543945e-01
8.120117187500000000e-01 2.543432116508483887e-01
1.870117187500000000e-01 2.544682025909423828e-01
6.870117187500000000e-01 2.545931637287139893e-01
4.370117187500000000e-01 2.547181546688079834e-01
9.370117187500000000e-01 2.548431456089019775e-01
1.245117187500000000e-01 2.549681365489959717e-01
6.245117187500000000e-01 2.550931274890899658e-01
3.745117187500000000e-01 2.552180886268615723e-01
8.745117187500000000e-01 2.553430795669555664e-01
2.495117187500000000e-01 2.554680705070495605e-01
7.495117187500000000e-01 2.555930614471435547e-01
4.995117187500000000e-01 2.557180225849151611e-01
9.995117187500000000e-01 2.558430135250091553e-01
2.441406250000000000e-04 2.559680044651031494e-01
5.002441406250000000e-01 2.560929954051971436e-01
2.502441406250000000e-01 2.562179863452911377e-01
7.502441406250000000e-01 2.563429474830627441e-01
1.252441406250000000e-01 2.564679384231567383e-01
6.252441406250000000e-01 2.565929293632507324e-01
3.752441406250000000e-01 2.567179203033447266e-01
8.752441406250000000e-01 2.568428814411163330e-01
6.274414062500000000e-02 2.569678723812103271e-01
5.627441406250000000e-01 2.570928633213043213e-01
3.127441406250000000e-01 2.572178542613983154e-01
8.127441406250000000e-01 2.573428452014923096e-01
1.877441406250000000e-01 2.574678063392639160e-01
6.877441406250000000e-01 2.575927972793579102e-01
4.377441406250000000e-01 2.577177882194519043e-01
9.377441406250000000e-01 2.578427791595458984e-01
3.149414062500000000e-02 2.579677402973175049e-01
5.314941406250000000e-01 2.580927312374114990e-01
2.814941406250000000e-01 2.582177221775054932e-01
7.814941406250000000e-01 2.583427131175994873e-01
1.564941406250000000e-01 2.584677040576934814e-01
6.564941406250000000e-01 2.585926651954650879e-01
4.064941406250000000e-01 2.587176561355590820e-01
9.064941406250000000e-01 2.588426470756530762e-01
9.399414062500000000e-02 2.589676380157470703e-01
5.939941406250000000e-01 2.590925991535186768e-01
3.439941406250000000e-01 2.592175900936126709e-01
8.439941406250000000e-01 2.593425810337066650e-01
2.189941406250000000e-01 2.594675719738006592e-01
7.189941406250000000e-01 2.595925629138946533e-01
4.689941406250000000e-01 2.597175240516662598e-01
9.689941406250000000e-01 2.598425149917602539e-01
1.586914062500000000e-02 2.599675059318542480e-01
5.158691406250000000e-01 2.600924968719482422e-01
2.658691406250000000e-01 2.602174580097198486e-01
7.658691406250000000e-01 2.603424489498138428e-01
1.408691406250000000e-01 2.604674398899078369e-01
6.408691406250000000e-01 2.605924308300018311e-01
3.908691406250000000e-01 2.607174217700958252e-01
8.908691406250000000e-01 2.608423829078674316e-01
7.836914062500000000e-02 2.609673738479614258e-01
5.783691406250000000e-01 2.610923647880554199e-01
3.283691406250000000e-01 2.612173557281494141e-01
8.283691406250000000e-01 2.613423466682434082e-01
2.033691406250000000e-01 2.614673078060150146e-01
7.033691406250000000e-01 2.615922987461090088e-01
4.533691406250000000e-01 2.617172896862030029e-01
9.533691406250000000e-01 2.618422806262969971e-01
4.711914062500000000e-02 2.619672417640686035e-01
5.471191406250000000e-01 2.620922327041625977e-01
2.971191406250000000e-01 2.622172236442565918e-01
7.971191406250000000e-01 2.623422145843505859e-01
1.721191406250000000e-01 2.624672055244445801e-01
6.721191406250000000e-01 2.625921666622161865e-01
4.221191406250000000e-01 2.627171576023101807e-01
9.221191406250000000e-01 2.628421485424041748e-01
1.096191406250000000e-01 2.629671394824981689e-01
6.096191406250000000e-01 2.630921006202697754e-01
3.596191406250000000e-01 2.632170915603637695e-01
8.596191406250000000e-01 2.633420825004577637e-01
2.346191406250000000e-01 2.634670734405517578e-01
7.346191406250000000e-01 2.635920643806457520e-01
4.846191406250000000e-01 2.637170255184173584e-01
9.846191406250000000e-01 2.638420164585113525e-01
8.056640625000000000e-03 2.639670073986053467e-01
5.080566406250000000e-01 2.640919983386993408e-01
2.580566406250000000e-01 2.642169594764709473e-01
7.580566406250000000e-01 2.643419504165649414e-01
1.330566406250000000e-01 2.644669413566589355e-01
6.330566406250000000e-01 2.645919322967529297e-01
3.830566406250000000e-01 2.647169232368469238e-01
8.830566406250000000e-01 2.648418843746185303e-01
7.055664062500000000e-02 2.649668753147125244e-01
5.705566406250000000e-01 2.650918662548065186e-01
3.205566406250000000e-01 2.652168571949005127e-01
8.205566406250000000e-01 2.653418183326721191e-01
1.955566406250000000e-01 2.654668092727661133e-01
6.955566406250000000e-01 2.655918002128601074e-01
4.455566406250000000e-01 2.657167911529541016e-01
9.455566406250000000e-01 2.658417820930480957e-01
3.930664062500000000e-02 2.659667432308197021e-01
5.393066406250000000e-01 2.660917341709136963e-01
2.893066406250000000e-01 2.662167251110076904e-01
7.893066406250000000e-01 2.663417160511016846e-01
1.643066406250000000e-01 2.664666771888732910e-01
6.643066406250000000e-01 2.665916681289672852e-01
4.143066406250000000e-01 2.667166590690612793e-01
9.143066406250000000e-01 2.668416500091552734e-01
1.018066406250000000e-01 2.669666409492492676e-01
6.018066406250000000e-01 2.670916020870208740e-01
3.518066406250000000e-01 2.672165930271148682e-01
8.518066406250000000e-01 2.673415839672088623e-01
2.268066406250000000e-01 2.674665749073028564e-01
7.268066406250000000e-01 2.675915658473968506e-01
4.768066406250000000e-01 2.677165269851684570e-01
9.768066406250000000e-01 2.678415179252624512e-01
2.368164062500000000e-02 2.679665088653564453e-01
5.236816406250000000e-01 2.680914998054504395e-01
2.736816406250000000e-01 2.682164609432220459e-01
7.736816406250000000e-01 2.683414518833160400e-01
1.486816406250000000e-01 2.684664428234100342e-01
6.486816406250000000e-01 2.685914337635040283e-01
3.986816406250000000e-01 2.687164247035980225e-01
8.986816406250000000e-01 2.688413858413696289e-01
8.618164062500000000e-02 2.689663767814636230e-01
5.861816406250000000e-01 2.690913677215576172e-01
3.361816406250000000e-01 2.692163586616516113e-01
8.361816406250000000e-01 2.693413197994232178e-01
2.111816406250000000e-01 2.694663107395172119e-01
7.111816406250000000e-01 2.695913016796112061e-01
4.611816406250000000e-01 2.697162926197052002e-01
9.611816406250000000e-01 2.698412835597991943e-01
5.493164062500000000e-02 2.699662446975708008e-01
5.549316406250000000e-01 2.700912356376647949e-01
3.049316406250000000e-01 2.702162265777587891e-01
8.049316406250000000e-01 2.703412175178527832e-01
1.799316406250000000e-01 2.704661786556243896e-01
6.799316406250000000e-01 2.705911695957183838e-01
4.299316406250000000e-01 2.707161605358123779e-01
9.299316406250000000e-01 2.708411514759063721e-01
1.174316406250000000e-01 2.709661424160003662e-01
6.174316406250000000e-01 2.710911035537719727e-01
3.674316406250000000e-01 2.712160944938659668e-01
8.674316406250000000e-01 2.713410854339599609e-01
2.424316406250000000e-01 2.714660763740539551e-01
7.424316406250000000e-01 2.715910375118255615e-01
4.924316406250000000e-01 2.717160284519195557e-01
9.924316406250000000e-01 2.718410193920135498e-01
4.150390625000000000e-03 2.719660103321075439e-01
5.041503906250000000e-01 2.720910012722015381e-01
2.541503906250000000e-01 2.722159624099731445e-01
7.541503906250000000e-01 2.723409533500671387e-01
1.291503906250000000e-01 2.724659442901611328e-01
6.291503906250000000e-01 2.725909352302551270e-01
3.791503906250000000e-01 2.727158963680267334e-01
8.791503906250000000e-01 2.728408873081207275e-01
6.665039062500000000e-02 2.729658782482147217e-01
5.666503906250000000e-01 2.730908691883087158e-01
3.166503906250000000e-01 2.732158601284027100e-01
8.166503906250000000e-01 2.733408212661743164e-01
1.916503906250000000e-01 2.734658122062683105e-01
6.916503906250000000e-01 2.735908031463623047e-01
4.416503906250000000e-01 2.737157940864562988e-01
9.416503906250000000e-01 2.738407552242279053e-01
3.540039062500000000e-02 2.739657461643218994e-01
5.354003906250000000e-01 2.740907371044158936e-01
2.854003906250000000e-01 2.742157280445098877e-01
7.854003906250000000e-01 2.743407189846038818e-01
1.604003906250000000e-01 2.744656801223754883e-01
6.604003906250000000e-01 2.745906710624694824e-01
4.104003906250000000e-01 2.747156620025634766e-01
9.104003906250000000e-01 2.748406529426574707e-01
9.790039062500000000e-02 2.749656438827514648e-01
5.979003906250000000e-01 2.750906050205230713e-01
3.479003906250000000e-01 2.752155959606170654e-01
8.479003906250000000e-01 2.753405869007110596e-01
2.229003906250000000e-01 2.754655778408050537e-01
7.229003906250000000e-01 2.755905389785766602e-01
4.729003906250000000e-01 2.757155299186706543e-01
9.729003906250000000e-01 2.758405208587646484e-01
1.977539062500000000e-02 2.759655117988586426e-01
5.197753906250000000e-01 2.760905027389526367e-01
2.697753906250000000e-01 2.762154638767242432e-01
7.697753906250000000e-01 2.763404548168182373e-01
1.447753906250000000e-01 2.764654457569122314e-01
6.447753906250000000e-01 2.765904366970062256e-01
3.947753906250000000e-01 2.767153978347778320e-01
8.947753906250000000e-01 2.768403887748718262e-01
8.227539062500000000e-02 2.769653797149658203e-01
5.822753906250000000e-01 2.770903706550598145e-01
3.322753906250000000e-01 2.772153615951538086e-01
8.322753906250000000e-01 2.773403227329254150e-01
2.072753906250000000e-01 2.774653136730194092e-01
7.072753906250000000e-01 2.775903046131134033e-01
4.572753906250000000e-01 2.777152955532073975e-01
9.572753906250000000e-01 2.778402566909790039e-01
5.102539062500000000e-02 2.779652476310729980e-01
5.510253906250000000e-01 2.780902385711669922e-01
3.010253906250000000e-01 2.782152295112609863e-01
8.010253906250000000e-01 2.783402204513549805e-01
1.760253906250000000e-01 2.784651815891265869e-01
6.760253906250000000e-01 2.785901725292205811e-01
4.260253906250000000e-01 2.787151634693145752e-01
9.260253906250000000e-01 2.788401544094085693e-01
1.135253906250000000e-01 2.789651155471801758e-01
6.135253906250000000e-01 2.790901064872741699e-01
3.635253906250000000e-01 2.792150974273681641e-01
8.635253906250000000e-01 2.793400883674621582e-01
2.385253906250000000e-01 2.794650793075561523e-01
7.385253906250000000e-01 2.795900404453277588e-01
4.885253906250000000e-01 2.797150313854217529e-01
9.885253906250000000e-01 2.798400223255157471e-01
1.196289062500000000e-02 2.799650132656097412e-01
5.119628906250000000e-01 2.800899744033813477e-01
2.619628906250000000e-01 2.802149653434753418e-01
7.619628906250000000e-01 2.803399562835693359e-01
1.369628906250000000e-01 2.804649472236633301e-01
6.369628906250000000e-01 2.805899381637573242e-01
3.869628906250000000e-01 2.807148993015289307e-01
8.869628906250000000e-01 2.808398902416229248e-01
7.446289062500000000e-02 2.809648811817169189e-01
5.744628906250000000e-01 2.810898721218109131e-01
3.244628906250000000e-01 2.812148332595825195e-01
8.244628906250000000e-01 2.813398241996765137e-01
1.994628906250000000e-01 2.814648151397705078e-01
6.994628906250000000e-01 2.815898060798645020e-01
4.494628906250000000e-01 2.817147970199584961e-01
9.494628906250000000e-01 2.818397581577301025e-01
4.321289062500000000e-02 2.819647490978240967e-01
5.432128906250000000e-01 2.820897400379180908e-01
2.932128906250000000e-01 2.822147309780120850e-01
7.932128906250000000e-01 2.823397219181060791e-01
1.682128906250000000e-01 2.824646830558776855e-01
6.682128906250000000e-01 2.825896739959716797e-01
4.182128906250000000e-01 2.827146649360656738e-01
9.182128906250000000e-01 2.828396558761596680e-01
1.057128906250000000e-01 2.829646170139312744e-01
6.057128906250000000e-01 2.830896079540252686e-01
3.557128906250000000e-01 2.832145988941192627e-01
8.557128906250000000e-01 2.833395898342132568e-01
2.307128906250000000e-01 2.834645807743072510e-01
7.307128906250000000e-01 2.835895419120788574e-01
4.807128906250000000e-01 2.837145328521728516e-01
9.807128906250000000e-01 2.838395237922668457e-01
2.758789062500000000e-02 2.839645147323608398e-01
5.275878906250000000e-01 2.840894758701324463e-01
2.775878906250000000e-01 2.842144668102264404e-01
7.775878906250000000e-01 2.843394577503204346e-01
1.525878906250000000e-01 2.844644486904144287e-01
6.525878906250000000e-01 2.845894396305084229e-01
4.025878906250000000e-01 2.847144007682800293e-01
9.025878906250000000e-01 2.848393917083740234e-01
9.008789062500000000e-02 2.849643826484680176e-01
5.900878906250000000e-01 2.850893735885620117e-01
3.400878906250000000e-01 2.852143347263336182e-01
8.400878906250000000e-01 2.853393256664276123e-01
2.150878906250000000e-01 2.854643166065216064e-01
7.150878906250000000e-01 2.855893075466156006e-01
4.650878906250000000e-01 2.857142984867095947e-01
9.650878906250000000e-01 2.858392596244812012e-01
5.883789062500000000e-02 2.859642505645751953e-01
5.588378906250000000e-01 2.860892415046691895e-01
3.088378906250000000e-01 2.862142324447631836e-01
8.088378906250000000e-01 2.863391935825347900e-01
1.838378906250000000e-01 2.864641845226287842e-01
6.838378906250000000e-01 2.865891754627227783e-01
4.338378906250000000e-01 2.867141664028167725e-01
9.338378906250000000e-01 2.868391573429107666e-01
1.213378906250000000e-01 2.869641184806823730e-01
6.213378906250000000e-01 2.870891094207763672e-01
3.713378906250000000e-01 2.872141003608703613e-01
8.713378906250000000e-01 2.873390913009643555e-01
2.463378906250000000e-01 2.874640524387359619e-01
7.463378906250000000e-01 2.875890433788299561e-01
4.963378906250000000e-01 2.877140343189239502e-01
9.963378906250000000e-01 2.878390252590179443e-01
2.197265625000000000e-03 2.879640161991119385e-01
5.021972656250000000e-01 2.880889773368835449e-01
2.521972656250000000e-01 2.882139682769775391e-01
7.521972656250000000e-01 2.883389592170715332e-01
1.271972656250000000e-01 2.884639501571655273e-01
6.271972656250000000e-01 2.885889410972595215e-01
3.771972656250000000e-01 2.887139022350311279e-01
8.771972656250000000e-01 2.888388931751251221e-01
6.469726562500000000e-02 2.889638841152191162e-01
5.646972656250000000e-01 2.890888750553131104e-01
3.146972656250000000e-01 2.892138361930847168e-01
8.146972656250000000e-01 2.893388271331787109e-01
1.896972656250000000e-01 2.894638180732727051e-01
6.896972656250000000e-01 2.895888090133666992e-01
4.396972656250000000e-01 2.897137999534606934e-01
9.396972656250000000e-01 2.898387610912322998e-01
3.344726562500000000e-02 2.899637520313262939e-01
5.334472656250000000e-01 2.900887429714202881e-01
2.834472656250000000e-01 2.902137339115142822e-01
7.834472656250000000e-01 2.903386950492858887e-01
1.584472656250000000e-01 2.904636859893798828e-01
6.584472656250000000e-01 2.905886769294738770e-01
4.084472656250000000e-01 2.907136678695678711e-01
9.084472656250000000e-01 2.908386588096618652e-01
9.594726562500000000e-02 2.909636199474334717e-01
5.959472656250000000e-01 2.910886108875274658e-01
3.459472656250000000e-01 2.912136018276214600e-01
8.459472656250000000e-01 2.913385927677154541e-01
2.209472656250000000e-01 2.914635539054870605e-01
7.209472656250000000e-01 2.915885448455810547e-01
4.709472656250000000e-01 2.917135357856750488e-01
9.709472656250000000e-01 2.918385267257690430e-01
1.782226562500000000e-02 2.919635176658630371e-01
5.178222656250000000e-01 2.920884788036346436e-01
2.678222656250000000e-01 2.922134697437286377e-01
7.678222656250000000e-01 2.923384606838226318e-01
1.428222656250000000e-01 2.924634516239166260e-01
6.428222656250000000e-01 2.925884127616882324e-01
3.928222656250000000e-01 2.927134037017822266e-01
8.928222656250000000e-01 2.928383946418762207e-01
8.032226562500000000e-02 2.929633855819702148e-01
5.803222656250000000e-01 2.930883765220642090e-01
3.303222656250000000e-01 2.932133376598358154e-01
8.303222656250000000e-01 2.933383285999298096e-01
2.053222656250000000e-01 2.934633195400238037e-01
7.053222656250000000e-01 2.935883104801177979e-01
4.553222656250000000e-01 2.937132716178894043e-01
9.553222656250000000e-01 2.938382625579833984e-01
4.907226562500000000e-02 2.939632534980773926e-01
5.490722656250000000e-01 2.940882444381713867e-01
2.990722656250000000e-01 2.942132353782653809e-01
7.990722656250000000e-01 2.943381965160369873e-01
1.740722656250000000e-01 2.944631874561309814e-01
6.740722656250000000e-01 2.945881783962249756e-01
4.240722656250000000e-01 2.947131693363189697e-01
9.240722656250000000e-01 2.948381304740905762e-01
1.115722656250000000e-01 2.949631214141845703e-01
6.115722656250000000e-01 2.950881123542785645e-01
3.615722656250000000e-01 2.952131032943725586e-01
8.615722656250000000e-01 2.953380942344665527e-01
2.365722656250000000e-01 2.954630553722381592e-01
7.365722656250000000e-01 2.955880463123321533e-01
4.865722656250000000e-01 2.957130372524261475e-01
9.865722656250000000e-01 2.958380281925201416e-01
1.000976562500000000e-02 2.959630191326141357e-01
5.100097656250000000e-01 2.960879802703857422e-01
2.600097656250000000e-01 2.962129712104797363e-01
7.600097656250000000e-01 2.963379621505737305e-01
1.350097656250000000e-01 2.964629530906677246e-01
6.350097656250000000e-01 2.965879142284393311e-01
3.850097656250000000e-01 2.967129051685333252e-01
8.850097656250000000e-01 2.968378961086273193e-01
7.250976562500000000e-02 2.969628870487213135e-01
5.725097656250000000e-01 2.970878779888153076e-01
3.225097656250000000e-01 2.972128391265869141e-01
8.225097656250000000e-01 2.973378300666809082e-01
1.975097656250000000e-01 2.974628210067749023e-01
6.975097656250000000e-01 2.975878119468688965e-01
4.475097656250000000e-01 2.977127730846405029e-01
9.475097656250000000e-01 2.978377640247344971e-01
4.125976562500000000e-02 2.979627549648284912e-01
5.412597656250000000e-01 2.980877459049224854e-01
2.912597656250000000e-01 2.982127368450164795e-01
7.912597656250000000e-01 2.983376979827880859e-01
1.662597656250000000e-01 2.984626889228820801e-01
6.662597656250000000e-01 2.985876798629760742e-01
4.162597656250000000e-01 2.987126708030700684e-01
9.162597656250000000e-01 2.988376319408416748e-01
1.037597656250000000e-01 2.989626228809356689e-01
6.037597656250000000e-01 2.990876138210296631e-01
3.537597656250000000e-01 2.992126047611236572e-01
8.537597656250000000e-01 2.993375957012176514e-01
2.287597656250000000e-01 2.994625568389892578e-01
7.287597656250000000e-01 2.995875477790832520e-01
4.787597656250000000e-01 2.997125387191772461e-01
9.787597656250000000e-01 2.998375296592712402e-01
2.563476562500000000e-02 2.999624907970428467e-01
5.256347656250000000e-01 3.000874817371368408e-01
2.756347656250000000e-01 3.002124726772308350e-01
7.756347656250000000e-01 3.003374636173248291e-01
1.506347656250000000e-01 3.004624545574188232e-01
6.506347656250000000e-01 3.005874156951904297e-01
4.006347656250000000e-01 3.007124066352844238e-01
9.006347656250000000e-01 3.008373975753784180e-01
8.813476562500000000e-02 3.009623885154724121e-01
5.881347656250000000e-01 3.010873496532440186e-01
3.381347656250000000e-01 3.012123405933380127e-01
8.381347656250000000e-01 3.013373315334320068e-01
2.131347656250000000e-01 3.014623224735260010e-01
7.131347656250000000e-01 3.015873134136199951e-01
4.631347656250000000e-01 3.017122745513916016e-01
9.631347656250000000e-01 3.018372654914855957e-01
5.688476562500000000e-02 3.019622564315795898e-01
5.568847656250000000e-01 3.020872473716735840e-01
3.068847656250000000e-01 3.022122383117675781e-01
8.068847656250000000e-01 3.023371994495391846e-01
1.818847656250000000e-01 3.024621903896331787e-01
6.818847656250000000e-01 3.025871813297271729e-01
4.318847656250000000e-01 3.027121722698211670e-01
9.318847656250000000e-01 3.028371334075927734e-01
1.193847656250000000e-01 3.029621243476867676e-01
6.193847656250000000e-01 3.030871152877807617e-01
3.693847656250000000e-01 3.032121062278747559e-01
8.693847656250000000e-01 3.033370971679687500e-01
2.443847656250000000e-01 3.034620583057403564e-01
7.443847656250000000e-01 3.035870492458343506e-01
4.943847656250000000e-01 3.037120401859283447e-01
9.943847656250000000e-01 3.038370311260223389e-01
6.103515625000000000e-03 3.039619922637939453e-01
5.061035156250000000e-01 3.040869832038879395e-01
2.561035156250000000e-01 3.042119741439819336e-01
7.561035156250000000e-01 3.043369650840759277e-01
1.311035156250000000e-01 3.044619560241699219e-01
6.311035156250000000e-01 3.045869171619415283e-01
3.811035156250000000e-01 3.047119081020355225e-01
8.811035156250000000e-01 3.048368990421295166e-01
6.860351562500000000e-02 3.049618899822235107e-01
5.686035156250000000e-01 3.050868511199951172e-01
3.186035156250000000e-01 3.052118420600891113e-01
8.186035156250000000e-01 3.053368330001831055e-01
1.936035156250000000e-01 3.054618239402770996e-01
6.936035156250000000e-01 3.055868148803710938e-01
4.436035156250000000e-01 3.057117760181427002e-01
9.436035156250000000e-01 3.058367669582366943e-01
3.735351562500000000e-02 3.059617578983306885e-01
5.373535156250000000e-01 3.060867488384246826e-01
2.873535156250000000e-01 3.062117099761962891e-01
7.873535156250000000e-01 3.063367009162902832e-01
1.623535156250000000e-01 3.064616918563842773e-01
6.623535156250000000e-01 3.065866827964782715e-01
4.123535156250000000e-01 3.067116737365722656e-01
9.123535156250000000e-01 3.068366348743438721e-01
9.985351562500000000e-02 3.069616258144378662e-01
5.998535156250000000e-01 3.070866167545318604e-01
3.498535156250000000e-01 3.072116076946258545e-01
8.498535156250000000e-01 3.073365688323974609e-01
2.248535156250000000e-01 3.074615597724914551e-01
7.248535156250000000e-01 3.075865507125854492e-01
4.748535156250000000e-01 3.077115416526794434e-01
9.748535156250000000e-01 3.078365325927734375e-01
2.172851562500000000e-02 3.079614937305450439e-01
5.217285156250000000e-01 3.080864846706390381e-01
2.717285156250000000e-01 3.082114756107330322e-01
7.717285156250000000e-01 3.083364665508270264e-01
1.467285156250000000e-01 3.084614276885986328e-01
6.467285156250000000e-01 3.085864186286926270e-01
3.967285156250000000e-01 3.087114095687866211e-01
8.967285156250000000e-01 3.088364005088806152e-01
8.422851562500000000e-02 3.089613914489746094e-01
5.842285156250000000e-01 3.090863525867462158e-01
3.342285156250000000e-01 3.092113435268402100e-01
8.342285156250000000e-01 3.093363344669342041e-01
2.092285156250000000e-01 3.094613254070281982e-01
7.092285156250000000e-01 3.095863163471221924e-01
4.592285156250000000e-01 3.097112774848937988e-01
9.592285156250000000e-01 3.098362684249877930e-01
5.297851562500000000e-02 3.099612593650817871e-01
5.529785156250000000e-01 3.100862503051757812e-01
3.029785156250000000e-01 3.102112114429473877e-01
8.029785156250000000e-01 3.103362023830413818e-01
1.779785156250000000e-01 3.104611933231353760e-01
6.779785156250000000e-01 3.105861842632293701e-01
4.279785156250000000e-01 3.107111752033233643e-01
9.279785156250000000e-01 3.108361363410949707e-01
1.154785156250000000e-01 3.109611272811889648e-01
6.154785156250000000e-01 3.110861182212829590e-01
3.654785156250000000e-01 3.112111091613769531e-01
8.654785156250000000e-01 3.113360702991485596e-01
2.404785156250000000e-01 3.114610612392425537e-01
7.404785156250000000e-01 3.115860521793365479e-01
4.904785156250000000e-01 3.117110431194305420e-01
9.904785156250000000e-01 3.118360340595245361e-01
1.391601562500000000e-02 3.119609951972961426e-01
5.139160156250000000e-01 3.120859861373901367e-01
2.639160156250000000e-01 3.122109770774841309e-01
7.639160156250000000e-01 3.123359680175781250e-01
1.389160156250000000e-01 3.124609291553497314e-01
6.389160156250000000e-01 3.125859200954437256e-01
3.889160156250000000e-01 3.127109110355377197e-01
8.889160156250000000e-01 3.128359019756317139e-01
7.641601562500000000e-02 3.129608929157257080e-01
5.764160156250000000e-01 3.130858540534973145e-01
3.264160156250000000e-01 3.132108449935913086e-01
8.264160156250000000e-01 3.133358359336853027e-01
2.014160156250000000e-01 3.134608268737792969e-01
7.014160156250000000e-01 3.135857880115509033e-01
4.514160156250000000e-01 3.137107789516448975e-01
9.514160156250000000e-01 3.138357698917388916e-01
4.516601562500000000e-02 3.139607608318328857e-01
5.451660156250000000e-01 3.140857517719268799e-01
2.951660156250000000e-01 3.142107129096984863e-01
7.951660156250000000e-01 3.143357038497924805e-01
1.701660156250000000e-01 3.144606947898864746e-01
6.701660156250000000e-01 3.145856857299804688e-01
4.201660156250000000e-01 3.147106468677520752e-01
9.201660156250000000e-01 3.148356378078460693e-01
1.076660156250000000e-01 3.149606287479400635e-01
6.076660156250000000e-01 3.150856196880340576e-01
3.576660156250000000e-01 3.152106106281280518e-01
8.576660156250000000e-01 3.153355717658996582e-01
2.326660156250000000e-01 3.154605627059936523e-01
7.326660156250000000e-01 3.155855536460876465e-01
4.826660156250000000e-01 3.157105445861816406e-01
9.826660156250000000e-01 3.158355057239532471e-01
2.954101562500000000e-02 3.159604966640472412e-01
5.295410156250000000e-01 3.160854876041412354e-01
2.795410156250000000e-01 3.162104785442352295e-01
7.795410156250000000e-01 3.163354694843292236e-01
1.545410156250000000e-01 3.164604306221008301e-01
6.545410156250000000e-01 3.165854215621948242e-01
4.045410156250000000e-01 3.167104125022888184e-01
9.045410156250000000e-01 3.168354034423828125e-01
9.204101562500000000e-02 3.169603943824768066e-01
5.920410156250000000e-01 3.170853555202484131e-01
3.420410156250000000e-01 3.172103464603424072e-01
8.420410156250000000e-01 3.173353374004364014e-01
2.170410156250000000e-01 3.174603283405303955e-01
7.170410156250000000e-01 3.175852894783020020e-01
4.670410156250000000e-01 3.177102804183959961e-01
9.670410156250000000e-01 3.178352713584899902e-01
6.079101562500000000e-02 3.179602622985839844e-01
5.607910156250000000e-01 3.180852532386779785e-01
3.107910156250000000e-01 3.182102143764495850e-01
8.107910156250000000e-01 3.183352053165435791e-01
1.857910156250000000e-01 3.184601962566375732e-01
6.857910156250000000e-01 3.185851871967315674e-01
4.357910156250000000e-01 3.187101483345031738e-01
9.357910156250000000e-01 3.188351392745971680e-01
1.232910156250000000e-01 3.189601302146911621e-01
6.232910156250000000e-01 3.190851211547851562e-01
3.732910156250000000e-01 3.192101120948791504e-01
8.732910156250000000e-01 3.193350732326507568e-01
2.482910156250000000e-01 3.194600641727447510e-01
7.482910156250000000e-01 3.195850551128387451e-01
4.982910156250000000e-01 3.197100460529327393e-01
9.982910156250000000e-01 3.198350071907043457e-01
1.220703125000000000e-03 3.199599981307983398e-01
5.012207031250000000e-01 3.200849890708923340e-01
2.512207031250000000e-01 3.202099800109863281e-01
7.512207031250000000e-01 3.203349709510803223e-01
1.262207031250000000e-01 3.204599320888519287e-01
6.262207031250000000e-01 3.205849230289459229e-01
3.762207031250000000e-01 3.207099139690399170e-01
8.762207031250000000e-01 3.208349049091339111e-01
6.372070312500000000e-02 3.209598660469055176e-01
5.637207031250000000e-01 3.210848569869995117e-01
3.137207031250000000e-01 3.212098479270935059e-01
8.137207031250000000e-01 3.213348388671875000e-01
1.887207031250000000e-01 3.214598298072814941e-01
6.887207031250000000e-01 3.215847909450531006e-01
4.387207031250000000e-01 3.217097818851470947e-01
9.387207031250000000e-01 3.218347728252410889e-01
3.247070312500000000e-02 3.219597637653350830e-01
5.324707031250000000e-01 3.220847249031066895e-01
2.824707031250000000e-01 3.222097158432006836e-01
7.824707031250000000e-01 3.223347067832946777e-01
1.574707031250000000e-01 3.224596977233886719e-01
6.574707031250000000e-01 3.225846886634826660e-01
4.074707031250000000e-01 3.227096498012542725e-01
9.074707031250000000e-01 3.228346407413482666e-01
9.497070312500000000e-02 3.229596316814422607e-01
5.949707031250000000e-01 3.230846226215362549e-01
3.449707031250000000e-01 3.232096135616302490e-01
8.449707031250000000e-01 3.233345746994018555e-01
2.199707031250000000e-01 3.234595656394958496e-01
7.199707031250000000e-01 3.235845565795898438e-01
4.699707031250000000e-01 3.237095475196838379e-01
9.699707031250000000e-01 3.238345086574554443e-01
1.684570312500000000e-02 3.239594995975494385e-01
5.168457031250000000e-01 3.240844905376434326e-01
2.668457031250000000e-01 3.242094814777374268e-01
7.668457031250000000e-01 3.243344724178314209e-01
1.418457031250000000e-01 3.244594335556030273e-01
6.418457031250000000e-01 3.245844244956970215e-01
3.918457031250000000e-01 3.247094154357910156e-01
8.918457031250000000e-01 3.248344063758850098e-01
7.934570312500000000e-02 3.249593675136566162e-01
5.793457031250000000e-01 3.250843584537506104e-01
3.293457031250000000e-01 3.252093493938446045e-01
8.293457031250000000e-01 3.253343403339385986e-01
2.043457031250000000e-01 3.254593312740325928e-01
7.043457031250000000e-01 3.255842924118041992e-01
4.543457031250000000e-01 3.257092833518981934e-01
9.543457031250000000e-01 3.258342742919921875e-01
4.809570312500000000e-02 3.259592652320861816e-01
5.480957031250000000e-01 3.260842263698577881e-01
2.980957031250000000e-01 3.262092173099517822e-01
7.980957031250000000e-01 3.263342082500457764e-01
1.730957031250000000e-01 3.264591991901397705e-01
6.730957031250000000e-01 3.265841901302337646e-01
4.230957031250000000e-01 3.267091512680053711e-01
9.230957031250000000e-01 3.268341422080993652e-01
1.105957031250000000e-01 3.269591331481933594e-01
6.105957031250000000e-01 3.270841240882873535e-01
3.605957031250000000e-01 3.272090852260589600e-01
8.605957031250000000e-01 3.273340761661529541e-01
2.355957031250000000e-01 3.274590671062469482e-01
7.355957031250000000e-01 3.275840580463409424e-01
4.855957031250000000e-01 3.277090489864349365e-01
9.855957031250000000e-01 3.278340101242065430e-01
9.033203125000000000e-03 3.279590010643005371e-01
5.090332031250000000e-01 3.280839920043945312e-01
2.590332031250000000e-01 3.282089829444885254e-01
7.590332031250000000e-01 3.283339440822601318e-01
1.340332031250000000e-01 3.284589350223541260e-01
6.340332031250000000e-01 3.285839259624481201e-01
3.840332031250000000e-01 3.287089169025421143e-01
8.840332031250000000e-01 3.288339078426361084e-01
7.153320312500000000e-02 3.289588689804077148e-01
5.715332031250000000e-01 3.290838599205017090e-01
3.215332031250000000e-01 3.292088508605957031e-01
8.215332031250000000e-01 3.293338418006896973e-01
1.965332031250000000e-01 3.294588029384613037e-01
6.965332031250000000e-01 3.295837938785552979e-01
4.465332031250000000e-01 3.297087848186492920e-01
9.465332031250000000e-01 3.298337757587432861e-01
4.028320312500000000e-02 3.299587666988372803e-01
5.402832031250000000e-01 3.300837278366088867e-01
2.902832031250000000e-01 3.302087187767028809e-01
7.902832031250000000e-01 3.303337097167968750e-01
1.652832031250000000e-01 3.304587006568908691e-01
6.652832031250000000e-01 3.305836915969848633e-01
4.152832031250000000e-01 3.307086527347564697e-01
9.152832031250000000e-01 3.308336436748504639e-01
1.027832031250000000e-01 3.309586346149444580e-01
6.027832031250000000e-01 3.310836255550384521e-01
3.527832031250000000e-01 3.312085866928100586e-01
8.527832031250000000e-01 3.313335776329040527e-01
2.277832031250000000e-01 3.314585685729980469e-01
7.277832031250000000e-01 3.315835595130920410e-01
4.777832031250000000e-01 3.317085504531860352e-01
9.777832031250000000e-01 3.318335115909576416e-01
2.465820312500000000e-02 3.319585025310516357e-01
5.246582031250000000e-01 3.320834934711456299e-01
2.746582031250000000e-01 3.322084844112396240e-01
7.746582031250000000e-01 3.323334455490112305e-01
1.496582031250000000e-01 3.324584364891052246e-01
6.496582031250000000e-01 3.325834274291992188e-01
3.996582031250000000e-01 3.327084183692932129e-01
8.996582031250000000e-01 3.328334093093872070e-01
8.715820312500000000e-02 3.329583704471588135e-01
5.871582031250000000e-01 3.330833613872528076e-01
3.371582031250000000e-01 3.332083523273468018e-01
8.371582031250000000e-01 3.333333432674407959e-01
2.121582031250000000e-01 3.334583044052124023e-01
7.121582031250000000e-01 3.335832953453063965e-01
4.621582031250000000e-01 3.337082862854003906e-01
9.621582031250000000e-01 3.338332772254943848e-01
5.590820312500000000e-02 3.339582681655883789e-01
5.559082031250000000e-01 3.340832293033599854e-01
3.059082031250000000e-01 3.342082202434539795e-01
8.059082031250000000e-01 3.343332111835479736e-01
1.809082031250000000e-01 3.344582021236419678e-01
6.809082031250000000e-01 3.345831632614135742e-01
4.309082031250000000e-01 3.347081542015075684e-01
9.309082031250000000e-01 3.348331451416015625e-01
1.184082031250000000e-01 3.349581360816955566e-01
6.184082031250000000e-01 3.350831270217895508e-01
3.684082031250000000e-01 3.352080881595611572e-01
8.684082031250000000e-01 3.353330790996551514e-01
2.434082031250000000e-01 3.354580700397491455e-01
7.434082031250000000e-01 3.355830609798431396e-01
4.934082031250000000e-01 3.357080221176147461e-01
9.934082031250000000e-01 3.358330130577087402e-01
5.126953125000000000e-03 3.359580039978027344e-01
5.051269531250000000e-01 3.360829949378967285e-01
2.551269531250000000e-01 3.362079858779907227e-01
7.551269531250000000e-01 3.363329470157623291e-01
1.301269531250000000e-01 3.364579379558563232e-01
6.301269531250000000e-01 3.365829288959503174e-01
3.801269531250000000e-01 3.367079198360443115e-01
8.801269531250000000e-01 3.368329107761383057e-01
6.762695312500000000e-02 3.369578719139099121e-01
5.676269531250000000e-01 3.370828628540039062e-01
3.176269531250000000e-01 3.372078537940979004e-01
8.176269531250000000e-01 3.373328447341918945e-01
1.926269531250000000e-01 3.374578058719635010e-01
6.926269531250000000e-01 3.375827968120574951e-01
4.426269531250000000e-01 3.377077877521514893e-01
9.426269531250000000e-01 3.378327786922454834e-01
3.637695312500000000e-02 3.379577696323394775e-01
5.363769531250000000e-01 3.380827307701110840e-01
2.863769531250000000e-01 3.382077217102050781e-01
7.863769531250000000e-01 3.383327126502990723e-01
1.613769531250000000e-01 3.384577035903930664e-01
6.613769531250000000e-01 3.385826647281646729e-01
4.113769531250000000e-01 3.387076556682586670e-01
9.113769531250000000e-01 3.388326466083526611e-01
9.887695312500000000e-02 3.389576375484466553e-01
5.988769531250000000e-01 3.390826284885406494e-01
3.488769531250000000e-01 3.392075896263122559e-01
8.488769531250000000e-01 3.393325805664062500e-01
2.238769531250000000e-01 3.394575715065002441e-01
7.238769531250000000e-01 3.395825624465942383e-01
4.738769531250000000e-01 3.397075235843658447e-01
9.738769531250000000e-01 3.398325145244598389e-01
2.075195312500000000e-02 3.399575054645538330e-01
5.207519531250000000e-01 3.400824964046478271e-01
2.707519531250000000e-01 3.402074873447418213e-01
7.707519531250000000e-01 3.403324484825134277e-01
1.457519531250000000e-01 3.404574394226074219e-01
6.457519531250000000e-01 3.405824303627014160e-01
3.957519531250000000e-01 3.407074213027954102e-01
8.957519531250000000e-01 3.408323824405670166e-01
8.325195312500000000e-02 3.409573733806610107e-01
5.832519531250000000e-01 3.410823643207550049e-01
3.332519531250000000e-01 3.412073552608489990e-01
8.332519531250000000e-01 3.413323462009429932e-01
2.082519531250000000e-01 3.414573073387145996e-01
7.082519531250000000e-01 3.415822982788085938e-01
4.582519531250000000e-01 3.417072892189025879e-01
9.582519531250000000e-01 3.418322801589965820e-01
5.200195312500000000e-02 3.419572412967681885e-01
5.520019531250000000e-01 3.420822322368621826e-01
3.020019531250000000e-01 3.422072231769561768e-01
8.020019531250000000e-01 3.423322141170501709e-01
1.770019531250000000e-01 3.424572050571441650e-01
6.770019531250000000e-01 3.425821661949157715e-01
4.270019531250000000e-01 3.427071571350097656e-01
9.270019531250000000e-01 3.428321480751037598e-01
1.145019531250000000e-01 3.429571390151977539e-01
6.145019531250000000e-01 3.430821001529693604e-01
3.645019531250000000e-01 3.432070910930633545e-01
8.645019531250000000e-01 3.433320820331573486e-01
2.395019531250000000e-01 3.434570729732513428e-01
7.395019531250000000e-01 3.435820639133453369e-01
4.895019531250000000e-01 3.437070250511169434e-01
9.895019531250000000e-01 3.438320159912109375e-01
1.293945312500000000e-02 3.439570069313049316e-01
5.129394531250000000e-01 3.440819978713989258e-01
2.629394531250000000e-01 3.442069888114929199e-01
7.629394531250000000e-01 3.443319499492645264e-01
1.379394531250000000e-01 3.444569408893585205e-01
6.379394531250000000e-01 3.445819318294525146e-01
3.879394531250000000e-01 3.447069227695465088e-01
8.879394531250000000e-01 3.448318839073181152e-01
7.543945312500000000e-02 3.449568748474121094e-01
5.754394531250000000e-01 3.450818657875061035e-01
3.254394531250000000e-01 3.452068567276000977e-01
8.254394531250000000e-01 3.453318476676940918e-01
2.004394531250000000e-01 3.454568088054656982e-01
7.004394531250000000e-01 3.455817997455596924e-01
4.504394531250000000e-01 3.457067906856536865e-01
9.504394531250000000e-01 3.458317816257476807e-01
4.418945312500000000e-02 3.459567427635192871e-01
5.441894531250000000e-01 3.460817337036132812e-01
2.941894531250000000e-01 3.462067246437072754e-01
7.941894531250000000e-01 3.463317155838012695e-01
1.691894531250000000e-01 3.464567065238952637e-01
6.691894531250000000e-01 3.465816676616668701e-01
4.191894531250000000e-01 3.467066586017608643e-01
9.191894531250000000e-01 3.468316495418548584e-01
1.066894531250000000e-01 3.469566404819488525e-01
6.066894531250000000e-01 3.470816016197204590e-01
3.566894531250000000e-01 3.472065925598144531e-01
8.566894531250000000e-01 3.473315834999084473e-01
2.316894531250000000e-01 3.474565744400024414e-01
7.316894531250000000e-01 3.475815653800964355e-01
4.816894531250000000e-01 3.477065265178680420e-01
9.816894531250000000e-01 3.478315174579620361e-01
2.856445312500000000e-02 3.479565083980560303e-01
5.285644531250000000e-01 3.480814993381500244e-01
2.785644531250000000e-01 3.482064604759216309e-01
7.785644531250000000e-01 3.483314514160156250e-01
1.535644531250000000e-01 3.484564423561096191e-01
6.535644531250000000e-01 3.485814332962036133e-01
4.035644531250000000e-01 3.487064242362976074e-01
9.035644531250000000e-01 3.488313853740692139e-01
9.106445312500000000e-02 3.489563763141632080e-01
5.910644531250000000e-01 3.490813672542572021e-01
3.410644531250000000e-01 3.492063581943511963e-01
8.410644531250000000e-01 3.493313193321228027e-01
2.160644531250000000e-01 3.494563102722167969e-01
7.160644531250000000e-01 3.495813012123107910e-01
4.660644531250000000e-01 3.497062921524047852e-01
9.660644531250000000e-01 3.498312830924987793e-01
5.981445312500000000e-02 3.499562442302703857e-01
5.598144531250000000e-01 3.500812351703643799e-01
3.098144531250000000e-01 3.502062261104583740e-01
8.098144531250000000e-01 3.503312170505523682e-01
1.848144531250000000e-01 3.504561781883239746e-01
6.848144531250000000e-01 3.505811691284179688e-01
4.348144531250000000e-01 3.507061600685119629e-01
9.348144531250000000e-01 3.508311510086059570e-01
1.223144531250000000e-01 3.509561419486999512e-01
6.223144531250000000e-01 3.510811030864715576e-01
3.723144531250000000e-01 3.512060940265655518e-01
8.723144531250000000e-01 3.513310849666595459e-01
2.473144531250000000e-01 3.514560759067535400e-01
7.473144531250000000e-01 3.515810668468475342e-01
4.973144531250000000e-01 3.517060279846191406e-01
9.973144531250000000e-01 3.518310189247131348e-01
3.173828125000000000e-03 3.519560098648071289e-01
5.031738281250000000e-01 3.520810008049011230e-01
2.531738281250000000e-01 3.522059619426727295e-01
7.531738281250000000e-01 3.523309528827667236e-01
1.281738281250000000e-01 3.524559438228607178e-01
6.281738281250000000e-01 3.525809347629547119e-01
3.781738281250000000e-01 3.527059257030487061e-01
8.781738281250000000e-01 3.528308868408203125e-01
6.567382812500000000e-02 3.529558777809143066e-01
5.656738281250000000e-01 3.530808687210083008e-01
3.156738281250000000e-01 3.532058596611022949e-01
8.156738281250000000e-01 3.533308207988739014e-01
1.906738281250000000e-01 3.534558117389678955e-01
6.906738281250000000e-01 3.535808026790618896e-01
4.406738281250000000e-01 3.537057936191558838e-01
9.406738281250000000e-01 3.538307845592498779e-01
3.442382812500000000e-02 3.539557456970214844e-01
5.344238281250000000e-01 3.540807366371154785e-01
2.844238281250000000e-01 3.542057275772094727e-01
7.844238281250000000e-01 3.543307185173034668e-01
1.594238281250000000e-01 3.544556796550750732e-01
6.594238281250000000e-01 3.545806705951690674e-01
4.094238281250000000e-01 3.547056615352630615e-01
9.094238281250000000e-01 3.548306524753570557e-01
9.692382812500000000e-02 3.549556434154510498e-01
5.969238281250000000e-01 3.550806045532226562e-01
3.469238281250000000e-01 3.552055954933166504e-01
8.469238281250000000e-01 3.553305864334106445e-01
2.219238281250000000e-01 3.554555773735046387e-01
7.219238281250000000e-01 3.555805385112762451e-01
4.719238281250000000e-01 3.557055294513702393e-01
9.719238281250000000e-01 3.558305203914642334e-01
1.879882812500000000e-02 3.559555113315582275e-01
5.187988281250000000e-01 3.560805022716522217e-01
2.687988281250000000e-01 3.562054634094238281e-01
7.687988281250000000e-01 3.563304543495178223e-01
1.437988281250000000e-01 3.564554452896118164e-01
6.437988281250000000e-01 3.565804362297058105e-01
3.937988281250000000e-01 3.567053973674774170e-01
8.937988281250000000e-01 3.568303883075714111e-01
8.129882812500000000e-02 3.569553792476654053e-01
5.812988281250000000e-01 3.570803701877593994e-01
3.312988281250000000e-01 3.572053611278533936e-01
8.312988281250000000e-01 3.573303222656250000e-01
2.062988281250000000e-01 3.574553132057189941e-01
7.062988281250000000e-01 3.575803041458129883e-01
4.562988281250000000e-01 3.577052950859069824e-01
9.562988281250000000e-01 3.578302860260009766e-01
5.004882812500000000e-02 3.579552471637725830e-01
5.500488281250000000e-01 3.580802381038665771e-01
3.000488281250000000e-01 3.582052290439605713e-01
8.000488281250000000e-01 3.583302199840545654e-01
1.750488281250000000e-01 3.584551811218261719e-01
6.750488281250000000e-01 3.585801720619201660e-01
4.250488281250000000e-01 3.587051630020141602e-01
9.250488281250000000e-01 3.588301539421081543e-01
1.125488281250000000e-01 3.589551448822021484e-01
6.125488281250000000e-01 3.590801060199737549e-01
3.625488281250000000e-01 3.592050969600677490e-01
8.625488281250000000e-01 3.593300879001617432e-01
2.375488281250000000e-01 3.594550788402557373e-01
7.375488281250000000e-01 3.595800399780273438e-01
4.875488281250000000e-01 3.597050309181213379e-01
9.875488281250000000e-01 3.598300218582153320e-01
1.098632812500000000e-02 3.599550127983093262e-01
5.109863281250000000e-01 3.600800037384033203e-01
2.609863281250000000e-01 3.602049648761749268e-01
7.609863281250000000e-01 3.603299558162689209e-01
1.359863281250000000e-01 3.604549467563629150e-01
6.359863281250000000e-01 3.605799376964569092e-01
3.859863281250000000e-01 3.607048988342285156e-01
8.859863281250000000e-01 3.608298897743225098e-01
7.348632812500000000e-02 3.609548807144165039e-01
5.734863281250000000e-01 3.610798716545104980e-01
3.234863281250000000e-01 3.612048625946044922e-01
8.234863281250000000e-01 3.613298237323760986e-01
1.984863281250000000e-01 3.614548146724700928e-01
6.984863281250000000e-01 3.615798056125640869e-01
4.484863281250000000e-01 3.617047965526580811e-01
9.484863281250000000e-01 3.618297576904296875e-01
4.223632812500000000e-02 3.619547486305236816e-01
5.422363281250000000e-01 3.620797395706176758e-01
2.922363281250000000e-01 3.622047305107116699e-01
7.922363281250000000e-01 3.623297214508056641e-01
1.672363281250000000e-01 3.624546825885772705e-01
6.672363281250000000e-01 3.625796735286712646e-01
4.172363281250000000e-01 3.627046644687652588e-01
9.172363281250000000e-01 3.628296554088592529e-01
1.047363281250000000e-01 3.629546165466308594e-01
6.047363281250000000e-01 3.630796074867248535e-01
3.547363281250000000e-01 3.632045984268188477e-01
8.547363281250000000e-01 3.633295893669128418e-01
2.297363281250000000e-01 3.634545803070068359e-01
7.297363281250000000e-01 3.635795414447784424e-01
4.797363281250000000e-01 3.637045323848724365e-01
9.797363281250000000e-01 3.638295233249664307e-01
2.661132812500000000e-02 3.639545142650604248e-01
5.266113281250000000e-01 3.640794754028320312e-01
2.766113281250000000e-01 3.642044663429260254e-01
7.766113281250000000e-01 3.643294572830200195e-01
1.516113281250000000e-01 3.644544482231140137e-01
6.516113281250000000e-01 3.645794391632080078e-01
4.016113281250000000e-01 3.647044003009796143e-01
9.016113281250000000e-01 3.648293912410736084e-01
8.911132812500000000e-02 3.649543821811676025e-01
5.891113281250000000e-01 3.650793731212615967e-01
3.391113281250000000e-01 3.652043640613555908e-01
8.391113281250000000e-01 3.653293251991271973e-01
2.141113281250000000e-01 3.654543161392211914e-01
7.141113281250000000e-01 3.655793070793151855e-01
4.641113281250000000e-01 3.657042980194091797e-01
9.641113281250000000e-01 3.658292591571807861e-01
5.786132812500000000e-02 3.659542500972747803e-01
5.578613281250000000e-01 3.660792410373687744e-01
3.078613281250000000e-01 3.662042319774627686e-01
8.078613281250000000e-01 3.663292229175567627e-01
1.828613281250000000e-01 3.664541840553283691e-01
6.828613281250000000e-01 3.665791749954223633e-01
4.328613281250000000e-01 3.667041659355163574e-01
9.328613281250000000e-01 3.668291568756103516e-01
1.203613281250000000e-01 3.669541180133819580e-01
6.203613281250000000e-01 3.670791089534759521e-01
3.703613281250000000e-01 3.672040998935699463e-01
8.703613281250000000e-01 3.673290908336639404e-01
2.453613281250000000e-01 3.674540817737579346e-01
7.453613281250000000e-01 3.675790429115295410e-01
4.953613281250000000e-01 3.677040338516235352e-01
9.953613281250000000e-01 3.678290247917175293e-01
7.080078125000000000e-03 3.679540157318115234e-01
5.070800781250000000e-01 3.680789768695831299e-01
2.570800781250000000e-01 3.682039678096771240e-01
7.570800781250000000e-01 3.683289587497711182e-01
1.320800781250000000e-01 3.684539496898651123e-01
6.320800781250000000e-01 3.685789406299591064e-01
3.820800781250000000e-01 3.687039017677307129e-01
8.820800781250000000e-01 3.688288927078247070e-01
6.958007812500000000e-02 3.689538836479187012e-01
5.695800781250000000e-01 3.690788745880126953e-01
3.195800781250000000e-01 3.692038357257843018e-01
8.195800781250000000e-01 3.693288266658782959e-01
1.945800781250000000e-01 3.694538176059722900e-01
6.945800781250000000e-01 3.695788085460662842e-01
4.445800781250000000e-01 3.697037994861602783e-01
9.445800781250000000e-01 3.698287606239318848e-01
3.833007812500000000e-02 3.699537515640258789e-01
5.383300781250000000e-01 3.700787425041198730e-01
2.883300781250000000e-01 3.702037334442138672e-01
7.883300781250000000e-01 3.703286945819854736e-01
1.633300781250000000e-01 3.704536855220794678e-01
6.633300781250000000e-01 3.705786764621734619e-01
4.133300781250000000e-01 3.707036674022674561e-01
9.133300781250000000e-01 3.708286583423614502e-01
1.008300781250000000e-01 3.709536194801330566e-01
6.008300781250000000e-01 3.710786104202270508e-01
3.508300781250000000e-01 3.712036013603210449e-01
8.508300781250000000e-01 3.713285923004150391e-01
2.258300781250000000e-01 3.714535534381866455e-01
7.258300781250000000e-01 3.715785443782806396e-01
4.758300781250000000e-01 3.717035353183746338e-01
9.758300781250000000e-01 3.718285262584686279e-01
2.270507812500000000e-02 3.719535171985626221e-01
5.227050781250000000e-01 3.720784783363342285e-01
2.727050781250000000e-01 3.722034692764282227e-01
7.727050781250000000e-01 3.723284602165222168e-01
1.477050781250000000e-01 3.724534511566162109e-01
6.477050781250000000e-01 3.725784420967102051e-01
3.977050781250000000e-01 3.727034032344818115e-01
8.977050781250000000e-01 3.728283941745758057e-01
8.520507812500000000e-02 3.729533851146697998e-01
5.852050781250000000e-01 3.730783760547637939e-01
3.352050781250000000e-01 3.732033371925354004e-01
8.352050781250000000e-01 3.733283281326293945e-01
2.102050781250000000e-01 3.734533190727233887e-01
7.102050781250000000e-01 3.735783100128173828e-01
4.602050781250000000e-01 3.737033009529113770e-01
9.602050781250000000e-01 3.738282620906829834e-01
5.395507812500000000e-02 3.739532530307769775e-01
5.539550781250000000e-01 3.740782439708709717e-01
3.039550781250000000e-01 3.742032349109649658e-01
8.039550781250000000e-01 3.743281960487365723e-01
1.789550781250000000e-01 3.744531869888305664e-01
6.789550781250000000e-01 3.745781779289245605e-01
4.289550781250000000e-01 3.747031688690185547e-01
9.289550781250000000e-01 3.748281598091125488e-01
1.164550781250000000e-01 3.749531209468841553e-01
6.164550781250000000e-01 3.750781118869781494e-01
3.664550781250000000e-01 3.752031028270721436e-01
8.664550781250000000e-01 3.753280937671661377e-01
2.414550781250000000e-01 3.754530549049377441e-01
7.414550781250000000e-01 3.755780458450317383e-01
4.914550781250000000e-01 3.757030367851257324e-01
9.914550781250000000e-01 3.758280277252197266e-01
1.489257812500000000e-02 3.759530186653137207e-01
5.148925781250000000e-01 3.760779798030853271e-01
2.648925781250000000e-01 3.762029707431793213e-01
7.648925781250000000e-01 3.763279616832733154e-01
1.398925781250000000e-01 3.764529526233673096e-01
6.398925781250000000e-01 3.765779137611389160e-01
3.898925781250000000e-01 3.767029047012329102e-01
8.898925781250000000e-01 3.768278956413269043e-01
7.739257812500000000e-02 3.769528865814208984e-01
5.773925781250000000e-01 3.770778775215148926e-01
3.273925781250000000e-01 3.772028386592864990e-01
8.273925781250000000e-01 3.773278295993804932e-01
2.023925781250000000e-01 3.774528205394744873e-01
7.023925781250000000e-01 3.775778114795684814e-01
4.523925781250000000e-01 3.777027726173400879e-01
9.523925781250000000e-01 3.778277635574340820e-01
4.614257812500000000e-02 3.779527544975280762e-01
5.461425781250000000e-01 3.780777454376220703e-01
2.961425781250000000e-01 3.782027363777160645e-01
7.961425781250000000e-01 3.783276975154876709e-01
1.711425781250000000e-01 3.784526884555816650e-01
6.711425781250000000e-01 3.785776793956756592e-01
4.211425781250000000e-01 3.787026703357696533e-01
9.211425781250000000e-01 3.788276612758636475e-01
1.086425781250000000e-01 3.789526224136352539e-01
6.086425781250000000e-01 3.790776133537292480e-01
3.586425781250000000e-01 3.792026042938232422e-01
8.586425781250000000e-01 3.793275952339172363e-01
2.336425781250000000e-01 3.794525563716888428e-01
7.336425781250000000e-01 3.795775473117828369e-01
4.836425781250000000e-01 3.797025382518768311e-01
9.836425781250000000e-01 3.798275291919708252e-01
3.051757812500000000e-02 3.799525201320648193e-01
5.305175781250000000e-01 3.800774812698364258e-01
2.805175781250000000e-01 3.802024722099304199e-01
7.805175781250000000e-01 3.803274631500244141e-01
1.555175781250000000e-01 3.804524540901184082e-01
6.555175781250000000e-01 3.805774152278900146e-01
4.055175781250000000e-01 3.807024061679840088e-01
9.055175781250000000e-01 3.808273971080780029e-01
9.301757812500000000e-02 3.809523880481719971e-01
5.930175781250000000e-01 3.810773789882659912e-01
3.430175781250000000e-01 3.812023401260375977e-01
8.430175781250000000e-01 3.813273310661315918e-01
2.180175781250000000e-01 3.814523220062255859e-01
7.180175781250000000e-01 3.815773129463195801e-01
4.680175781250000000e-01 3.817022740840911865e-01
9.680175781250000000e-01 3.818272650241851807e-01
6.176757812500000000e-02 3.819522559642791748e-01
5.617675781250000000e-01 3.820772469043731689e-01
3.117675781250000000e-01 3.822022378444671631e-01
8.117675781250000000e-01 3.823271989822387695e-01
1.867675781250000000e-01 3.824521899223327637e-01
6.867675781250000000e-01 3.825771808624267578e-01
4.367675781250000000e-01 3.827021718025207520e-01
9.367675781250000000e-01 3.828271329402923584e-01
1.242675781250000000e-01 3.829521238803863525e-01
6.242675781250000000e-01 3.830771148204803467e-01
3.742675781250000000e-01 3.832021057605743408e-01
8.742675781250000000e-01 3.833270967006683350e-01
2.492675781250000000e-01 3.834520578384399414e-01
7.492675781250000000e-01 3.835770487785339355e-01
4.992675781250000000e-01 3.837020397186279297e-01
9.992675781250000000e-01 3.838270306587219238e-01
7.324218750000000000e-04 3.839519917964935303e-01
5.007324218750000000e-01 3.840769827365875244e-01
2.507324218750000000e-01 3.842019736766815186e-01
7.507324218750000000e-01 3.843269646167755127e-01
1.257324218750000000e-01 3.844519555568695068e-01
6.257324218750000000e-01 3.845769166946411133e-01
3.757324218750000000e-01 3.847019076347351074e-01
8.757324218750000000e-01 3.848268985748291016e-01
6.323242187500000000e-02 3.849518895149230957e-01
5.632324218750000000e-01 3.850768506526947021e-01
3.132324218750000000e-01 3.852018415927886963e-01
8.132324218750000000e-01 3.853268325328826904e-01
1.882324218750000000e-01 3.854518234729766846e-01
6.882324218750000000e-01 3.855768144130706787e-01
4.382324218750000000e-01 3.857017755508422852e-01
9.382324218750000000e-01 3.858267664909362793e-01
3.198242187500000000e-02 3.859517574310302734e-01
5.319824218750000000e-01 3.860767483711242676e-01
2.819824218750000000e-01 3.862017393112182617e-01
7.819824218750000000e-01 3.863267004489898682e-01
1.569824218750000000e-01 3.864516913890838623e-01
6.569824218750000000e-01 3.865766823291778564e-01
4.069824218750000000e-01 3.867016732692718506e-01
9.069824218750000000e-01 3.868266344070434570e-01
9.448242187500000000e-02 3.869516253471374512e-01
5.944824218750000000e-01 3.870766162872314453e-01
3.444824218750000000e-01 3.872016072273254395e-01
8.444824218750000000e-01 3.873265981674194336e-01
2.194824218750000000e-01 3.874515593051910400e-01
7.194824218750000000e-01 3.875765502452850342e-01
4.694824218750000000e-01 3.877015411853790283e-01
9.694824218750000000e-01 3.878265321254730225e-01
1.635742187500000000e-02 3.879514932632446289e-01
5.163574218750000000e-01 3.880764842033386230e-01
2.663574218750000000e-01 3.882014751434326172e-01
7.663574218750000000e-01 3.883264660835266113e-01
1.413574218750000000e-01 3.884514570236206055e-01
6.413574218750000000e-01 3.885764181613922119e-01
3.913574218750000000e-01 3.887014091014862061e-01
8.913574218750000000e-01 3.888264000415802002e-01
7.885742187500000000e-02 3.889513909816741943e-01
5.788574218750000000e-01 3.890763521194458008e-01
3.288574218750000000e-01 3.892013430595397949e-01
8.288574218750000000e-01 3.893263339996337891e-01
2.038574218750000000e-01 3.894513249397277832e-01
7.038574218750000000e-01 3.895763158798217773e-01
4.538574218750000000e-01 3.897012770175933838e-01
9.538574218750000000e-01 3.898262679576873779e-01
4.760742187500000000e-02 3.899512588977813721e-01
5.476074218750000000e-01 3.900762498378753662e-01
2.976074218750000000e-01 3.902012109756469727e-01
7.976074218750000000e-01 3.903262019157409668e-01
1.726074218750000000e-01 3.904511928558349609e-01
6.726074218750000000e-01 3.905761837959289551e-01
4.226074218750000000e-01 3.907011747360229492e-01
9.226074218750000000e-01 3.908261358737945557e-01
1.101074218750000000e-01 3.909511268138885498e-01
6.101074218750000000e-01 3.910761177539825439e-01
3.601074218750000000e-01 3.912011086940765381e-01
8.601074218750000000e-01 3.913260698318481445e-01
2.351074218750000000e-01 3.914510607719421387e-01
7.351074218750000000e-01 3.915760517120361328e-01
4.851074218750000000e-01 3.917010426521301270e-01
9.851074218750000000e-01 3.918260335922241211e-01
8.544921875000000000e-03 3.919509947299957275e-01
5.085449218750000000e-01 3.920759856700897217e-01
2.585449218750000000e-01 3.922009766101837158e-01
7.585449218750000000e-01 3.923259675502777100e-01
1.335449218750000000e-01 3.924509584903717041e-01
6.335449218750000000e-01 3.925759196281433105e-01
3.835449218750000000e-01 3.927009105682373047e-01
8.835449218750000000e-01 3.928259015083312988e-01
7.104492187500000000e-02 3.929508924484252930e-01
5.710449218750000000e-01 3.930758535861968994e-01
3.210449218750000000e-01 3.932008445262908936e-01
8.210449218750000000e-01 3.933258354663848877e-01
1.960449218750000000e-01 3.934508264064788818e-01
6.960449218750000000e-01 3.935758173465728760e-01
4.460449218750000000e-01 3.937007784843444824e-01
9.460449218750000000e-01 3.938257694244384766e-01
3.979492187500000000e-02 3.939507603645324707e-01
5.397949218750000000e-01 3.940757513046264648e-01
2.897949218750000000e-01 3.942007124423980713e-01
7.897949218750000000e-01 3.943257033824920654e-01
1.647949218750000000e-01 3.944506943225860596e-01
6.647949218750000000e-01 3.945756852626800537e-01
4.147949218750000000e-01 3.947006762027740479e-01
9.147949218750000000e-01 3.948256373405456543e-01
1.022949218750000000e-01 3.949506282806396484e-01
6.022949218750000000e-01 3.950756192207336426e-01
3.522949218750000000e-01 3.952006101608276367e-01
8.522949218750000000e-01 3.953255712985992432e-01
2.272949218750000000e-01 3.954505622386932373e-01
7.272949218750000000e-01 3.955755531787872314e-01
4.772949218750000000e-01 3.957005441188812256e-01
9.772949218750000000e-01 3.958255350589752197e-01
2.416992187500000000e-02 3.959504961967468262e-01
5.241699218750000000e-01 3.960754871368408203e-01
2.741699218750000000e-01 3.962004780769348145e-01
7.741699218750000000e-01 3.963254690170288086e-01
1.491699218750000000e-01 3.964504301548004150e-01
6.491699218750000000e-01 3.965754210948944092e-01
3.991699218750000000e-01 3.967004120349884033e-01
8.991699218750000000e-01 3.968254029750823975e-01
8.666992187500000000e-02 3.969503939151763916e-01
5.866699218750000000e-01 3.970753550529479980e-01
3.366699218750000000e-01 3.972003459930419922e-01
8.366699218750000000e-01 3.973253369331359863e-01
2.116699218750000000e-01 3.974503278732299805e-01
7.116699218750000000e-01 3.975752890110015869e-01
4.616699218750000000e-01 3.977002799510955811e-01
9.616699218750000000e-01 3.978252708911895752e-01
5.541992187500000000e-02 3.979502618312835693e-01
5.554199218750000000e-01 3.980752527713775635e-01
3.054199218750000000e-01 3.982002139091491699e-01
8.054199218750000000e-01 3.983252048492431641e-01
1.804199218750000000e-01 3.984501957893371582e-01
6.804199218750000000e-01 3.985751867294311523e-01
4.304199218750000000e-01 3.987001478672027588e-01
9.304199218750000000e-01 3.988251388072967529e-01
1.179199218750000000e-01 3.989501297473907471e-01
6.179199218750000000e-01 3.990751206874847412e-01
3.679199218750000000e-01 3.992001116275787354e-01
8.679199218750000000e-01 3.993250727653503418e-01
2.429199218750000000e-01 3.994500637054443359e-01
7.429199218750000000e-01 3.995750546455383301e-01
4.929199218750000000e-01 3.997000455856323242e-01
9.929199218750000000e-01 3.998250365257263184e-01
4.638671875000000000e-03 3.999499976634979248e-01
5.046386718750000000e-01 4.000749886035919189e-01
2.546386718750000000e-01 4.001999795436859131e-01
7.546386718750000000e-01 4.003249704837799072e-01
1.296386718750000000e-01 4.004499316215515137e-01
6.296386718750000000e-01 4.005749225616455078e-01
3.796386718750000000e-01 4.006999135017395020e-01
8.796386718750000000e-01 4.008249044418334961e-01
6.713867187500000000e-02 4.009498953819274902e-01
5.671386718750000000e-01 4.010748565196990967e-01
3.171386718750000000e-01 4.011998474597930908e-01
8.171386718750000000e-01 4.013248383998870850e-01
1.921386718750000000e-01 4.014498293399810791e-01
6.921386718750000000e-01 4.015747904777526855e-01
4.421386718750000000e-01 4.016997814178466797e-01
9.421386718750000000e-01 4.018247723579406738e-01
3.588867187500000000e-02 4.019497632980346680e-01
5.358886718750000000e-01 4.020747542381286621e-01
2.858886718750000000e-01 4.021997153759002686e-01
7.858886718750000000e-01 4.023247063159942627e-01
1.608886718750000000e-01 4.024496972560882568e-01
6.608886718750000000e-01 4.025746881961822510e-01
4.108886718750000000e-01 4.026996493339538574e-01
9.108886718750000000e-01 4.028246402740478516e-01
9.838867187500000000e-02 4.029496312141418457e-01
5.983886718750000000e-01 4.030746221542358398e-01
3.483886718750000000e-01 4.031996130943298340e-01
8.483886718750000000e-01 4.033245742321014404e-01
2.233886718750000000e-01 4.034495651721954346e-01
7.233886718750000000e-01 4.035745561122894287e-01
4.733886718750000000e-01 4.036995470523834229e-01
9.733886718750000000e-01 4.038245081901550293e-01
2.026367187500000000e-02 4.039494991302490234e-01
5.202636718750000000e-01 4.040744900703430176e-01
2.702636718750000000e-01 4.041994810104370117e-01
7.702636718750000000e-01 4.043244719505310059e-01
1.452636718750000000e-01 4.044494330883026123e-01
6.452636718750000000e-01 4.045744240283966064e-01
3.952636718750000000e-01 4.046994149684906006e-01
8.952636718750000000e-01 4.048244059085845947e-01
8.276367187500000000e-02 4.049493670463562012e-01
5.827636718750000000e-01 4.050743579864501953e-01
3.327636718750000000e-01 4.051993489265441895e-01
8.327636718750000000e-01 4.053243398666381836e-01
2.077636718750000000e-01 4.054493308067321777e-01
7.077636718750000000e-01 4.055742919445037842e-01
4.577636718750000000e-01 4.056992828845977783e-01
9.577636718750000000e-01 4.058242738246917725e-01
5.151367187500000000e-02 4.059492647647857666e-01
5.515136718750000000e-01 4.060742259025573730e-01
3.015136718750000000e-01 4.061992168426513672e-01
8.015136718750000000e-01 4.063242077827453613e-01
1.765136718750000000e-01 4.064491987228393555e-01
6.765136718750000000e-01 4.065741896629333496e-01
4.265136718750000000e-01 4.066991508007049561e-01
9.265136718750000000e-01 4.068241417407989502e-01
1.140136718750000000e-01 4.069491326808929443e-01
6.140136718750000000e-01 4.070741236209869385e-01
3.640136718750000000e-01 4.071991145610809326e-01
8.640136718750000000e-01 4.073240756988525391e-01
2.390136718750000000e-01 4.074490666389465332e-01
7.390136718750000000e-01 4.075740575790405273e-01
4.890136718750000000e-01 4.076990485191345215e-01
9.890136718750000000e-01 4.078240096569061279e-01
1.245117187500000000e-02 4.079490005970001221e-01
5.124511718750000000e-01 4.080739915370941162e-01
2.624511718750000000e-01 4.081989824771881104e-01
7.624511718750000000e-01 4.083239734172821045e-01
1.374511718750000000e-01 4.084489345550537109e-01
6.374511718750000000e-01 4.085739254951477051e-01
3.874511718750000000e-01 4.086989164352416992e-01
8.874511718750000000e-01 4.088239073753356934e-01
7.495117187500000000e-02 4.089488685131072998e-01
5.749511718750000000e-01 4.090738594532012939e-01
3.249511718750000000e-01 4.091988503932952881e-01
8.249511718750000000e-01 4.093238413333892822e-01
1.999511718750000000e-01 4.094488322734832764e-01
6.999511718750000000e-01 4.095737934112548828e-01
4.499511718750000000e-01 4.096987843513488770e-01
9.499511718750000000e-01 4.098237752914428711e-01
4.370117187500000000e-02 4.099487662315368652e-01
5.437011718750000000e-01 4.100737273693084717e-01
2.937011718750000000e-01 4.101987183094024658e-01
7.937011718750000000e-01 4.103237092494964600e-01
1.687011718750000000e-01 4.104487001895904541e-01
6.687011718750000000e-01 4.105736911296844482e-01
4.187011718750000000e-01 4.106986522674560547e-01
9.187011718750000000e-01 4.108236432075500488e-01
1.062011718750000000e-01 4.109486341476440430e-01
6.062011718750000000e-01 4.110736250877380371e-01
3.562011718750000000e-01 4.111985862255096436e-01
8.562011718750000000e-01 4.113235771656036377e-01
2.312011718750000000e-01 4.114485681056976318e-01
7.312011718750000000e-01 4.115735590457916260e-01
4.812011718750000000e-01 4.116985499858856201e-01
9.812011718750000000e-01 4.118235111236572266e-01
2.807617187500000000e-02 4.119485020637512207e-01
5.280761718750000000e-01 4.120734930038452148e-01
2.780761718750000000e-01 4.121984839439392090e-01
7.780761718750000000e-01 4.123234450817108154e-01
1.530761718750000000e-01 4.124484360218048096e-01
6.530761718750000000e-01 4.125734269618988037e-01
4.030761718750000000e-01 4.126984179019927979e-01
9.030761718750000000e-01 4.128234088420867920e-01
9.057617187500000000e-02 4.129483699798583984e-01
5.905761718750000000e-01 4.130733609199523926e-01
3.405761718750000000e-01 4.131983518600463867e-01
8.405761718750000000e-01 4.133233428001403809e-01
2.155761718750000000e-01 4.134483337402343750e-01
7.155761718750000000e-01 4.135732948780059814e-01
4.655761718750000000e-01 4.136982858180999756e-01
9.655761718750000000e-01 4.138232767581939697e-01
5.932617187500000000e-02 4.139482676982879639e-01
5.593261718750000000e-01 4.140732288360595703e-01
3.093261718750000000e-01 4.141982197761535645e-01
8.093261718750000000e-01 4.143232107162475586e-01
1.843261718750000000e-01 4.144482016563415527e-01
6.843261718750000000e-01 4.145731925964355469e-01
4.343261718750000000e-01 4.146981537342071533e-01
9.343261718750000000e-01 4.148231446743011475e-01
1.218261718750000000e-01 4.149481356143951416e-01
6.218261718750000000e-01 4.150731265544891357e-01
3.718261718750000000e-01 4.151980876922607422e-01
8.718261718750000000e-01 4.153230786323547363e-01
2.468261718750000000e-01 4.154480695724487305e-01
7.468261718750000000e-01 4.155730605125427246e-01
4.968261718750000000e-01 4.156980514526367188e-01
9.968261718750000000e-01 4.158230125904083252e-01
2.685546875000000000e-03 4.159480035305023193e-01
5.026855468750000000e-01 4.160729944705963135e-01
2.526855468750000000e-01 4.161979854106903076e-01
7.526855468750000000e-01 4.163229465484619141e-01
1.276855468750000000e-01 4.164479374885559082e-01
6.276855468750000000e-01 4.165729284286499023e-01
3.776855468750000000e-01 4.166979193687438965e-01
8.776855468750000000e-01 4.168229103088378906e-01
6.518554687500000000e-02 4.169478714466094971e-01
5.651855468750000000e-01 4.170728623867034912e-01
3.151855468750000000e-01 4.171978533267974854e-01
8.151855468750000000e-01 4.173228442668914795e-01
1.901855468750000000e-01 4.174478054046630859e-01
6.901855468750000000e-01 4.175727963447570801e-01
4.401855468750000000e-01 4.176977872848510742e-01
9.401855468750000000e-01 4.178227782249450684e-01
3.393554687500000000e-02 4.179477691650390625e-01
5.339355468750000000e-01 4.180727303028106689e-01
2.839355468750000000e-01 4.181977212429046631e-01
7.839355468750000000e-01 4.183227121829986572e-01
1.589355468750000000e-01 4.184477031230926514e-01
6.589355468750000000e-01 4.185726642608642578e-01
4.089355468750000000e-01 4.186976552009582520e-01
9.089355468750000000e-01 4.188226461410522461e-01
9.643554687500000000e-02 4.189476370811462402e-01
5.964355468750000000e-01 4.190726280212402344e-01
3.464355468750000000e-01 4.191975891590118408e-01
8.464355468750000000e-01 4.193225800991058350e-01
2.214355468750000000e-01 4.194475710391998291e-01
7.214355468750000000e-01 4.195725619792938232e-01
4.714355468750000000e-01 4.196975231170654297e-01
9.714355468750000000e-01 4.198225140571594238e-01
1.831054687500000000e-02 4.199475049972534180e-01
5.183105468750000000e-01 4.200724959373474121e-01
2.683105468750000000e-01 4.201974868774414062e-01
7.683105468750000000e-01 4.203224480152130127e-01
1.433105468750000000e-01 4.204474389553070068e-01
6.433105468750000000e-01 4.205724298954010010e-01
3.933105468750000000e-01 4.206974208354949951e-01
8.933105468750000000e-01 4.208224117755889893e-01
8.081054687500000000e-02 4.209473729133605957e-01
5.808105468750000000e-01 4.210723638534545898e-01
3.308105468750000000e-01 4.211973547935485840e-01
8.308105468750000000e-01 4.213223457336425781e-01
2.058105468750000000e-01 4.214473068714141846e-01
7.058105468750000000e-01 4.215722978115081787e-01
4.558105468750000000e-01 4.216972887516021729e-01
9.558105468750000000e-01 4.218222796916961670e-01
4.956054687500000000e-02 4.219472706317901611e-01
5.495605468750000000e-01 4.220722317695617676e-01
2.995605468750000000e-01 4.221972227096557617e-01
7.995605468750000000e-01 4.223222136497497559e-01
1.745605468750000000e-01 4.224472045898437500e-01
6.745605468750000000e-01 4.225721657276153564e-01
4.245605468750000000e-01 4.226971566677093506e-01
9.245605468750000000e-01 4.228221476078033447e-01
1.120605468750000000e-01 4.229471385478973389e-01
6.120605468750000000e-01 4.230721294879913330e-01
3.620605468750000000e-01 4.231970906257629395e-01
8.620605468750000000e-01 4.233220815658569336e-01
2.370605468750000000e-01 4.234470725059509277e-01
7.370605468750000000e-01 4.235720634460449219e-01
4.870605468750000000e-01 4.236970245838165283e-01
9.870605468750000000e-01 4.238220155239105225e-01
1.049804687500000000e-02 4.239470064640045166e-01
5.104980468750000000e-01 4.240719974040985107e-01
2.604980468750000000e-01 4.241969883441925049e-01
7.604980468750000000e-01 4.243219494819641113e-01
1.354980468750000000e-01 4.244469404220581055e-01
6.354980468750000000e-01 4.245719313621520996e-01
3.854980468750000000e-01 4.246969223022460938e-01
8.854980468750000000e-01 4.248218834400177002e-01
7.299804687500000000e-02 4.249468743801116943e-01
5.729980468750000000e-01 4.250718653202056885e-01
3.229980468750000000e-01 4.251968562602996826e-01
8.229980468750000000e-01 4.253218472003936768e-01
1.979980468750000000e-01 4.254468083381652832e-01
6.979980468750000000e-01 4.255717992782592773e-01
4.479980468750000000e-01 4.256967902183532715e-01
9.479980468750000000e-01 4.258217811584472656e-01
4.174804687500000000e-02 4.259467422962188721e-01
5.417480468750000000e-01 4.260717332363128662e-01
2.917480468750000000e-01 4.261967241764068604e-01
7.917480468750000000e-01 4.263217151165008545e-01
1.667480468750000000e-01 4.264467060565948486e-01
6.667480468750000000e-01 4.265716671943664551e-01
4.167480468750000000e-01 4.266966581344604492e-01
9.167480468750000000e-01 4.268216490745544434e-01
1.042480468750000000e-01 4.269466400146484375e-01
6.042480468750000000e-01 4.270716011524200439e-01
3.542480468750000000e-01 4.271965920925140381e-01
8.542480468750000000e-01 4.273215830326080322e-01
2.292480468750000000e-01 4.274465739727020264e-01
7.292480468750000000e-01 4.275715649127960205e-01
4.792480468750000000e-01 4.276965260505676270e-01
9.792480468750000000e-01 4.278215169906616211e-01
2.612304687500000000e-02 4.279465079307556152e-01
5.261230468750000000e-01 4.280714988708496094e-01
2.761230468750000000e-01 4.281964898109436035e-01
7.761230468750000000e-01 4.283214509487152100e-01
1.511230468750000000e-01 4.284464418888092041e-01
6.511230468750000000e-01 4.285714328289031982e-01
4.011230468750000000e-01 4.286964237689971924e-01
9.011230468750000000e-01 4.288213849067687988e-01
8.862304687500000000e-02 4.289463758468627930e-01
5.886230468750000000e-01 4.290713667869567871e-01
3.386230468750000000e-01 4.291963577270507812e-01
8.386230468750000000e-01 4.293213486671447754e-01
2.136230468750000000e-01 4.294463098049163818e-01
7.136230468750000000e-01 4.295713007450103760e-01
4.636230468750000000e-01 4.296962916851043701e-01
9.636230468750000000e-01 4.298212826251983643e-01
5.737304687500000000e-02 4.299462437629699707e-01
5.573730468750000000e-01 4.300712347030639648e-01
3.073730468750000000e-01 4.301962256431579590e-01
8.073730468750000000e-01 4.303212165832519531e-01
1.823730468750000000e-01 4.304462075233459473e-01
6.823730468750000000e-01 4.305711686611175537e-01
4.323730468750000000e-01 4.306961596012115479e-01
9.323730468750000000e-01 4.308211505413055420e-01
1.198730468750000000e-01 4.309461414813995361e-01
6.198730468750000000e-01 4.310711026191711426e-01
3.698730468750000000e-01 4.311960935592651367e-01
8.698730468750000000e-01 4.313210844993591309e-01
2.448730468750000000e-01 4.314460754394531250e-01
7.448730468750000000e-01 4.315710663795471191e-01
4.948730468750000000e-01 4.316960275173187256e-01
9.948730468750000000e-01 4.318210184574127197e-01
6.591796875000000000e-03 4.319460093975067139e-01
5.065917968750000000e-01 4.320710003376007080e-01
2.565917968750000000e-01 4.321959614753723145e-01
7.565917968750000000e-01 4.323209524154663086e-01
1.315917968750000000e-01 4.324459433555603027e-01
6.315917968750000000e-01 4.325709342956542969e-01
3.815917968750000000e-01 4.326959252357482910e-01
8.815917968750000000e-01 4.328208863735198975e-01
6.909179687500000000e-02 4.329458773136138916e-01
5.690917968750000000e-01 4.330708682537078857e-01
3.190917968750000000e-01 4.331958591938018799e-01
8.190917968750000000e-01 4.333208203315734863e-01
1.940917968750000000e-01 4.334458112716674805e-01
6.940917968750000000e-01 4.335708022117614746e-01
4.440917968750000000e-01 4.336957931518554688e-01
9.440917968750000000e-01 4.338207840919494629e-01
3.784179687500000000e-02 4.339457452297210693e-01
5.378417968750000000e-01 4.340707361698150635e-01
2.878417968750000000e-01 4.341957271099090576e-01
7.878417968750000000e-01 4.343207180500030518e-01
1.628417968750000000e-01 4.344457089900970459e-01
6.628417968750000000e-01 4.345706701278686523e-01
4.128417968750000000e-01 4.346956610679626465e-01
9.128417968750000000e-01 4.348206520080566406e-01
1.003417968750000000e-01 4.349456429481506348e-01
6.003417968750000000e-01 4.350706040859222412e-01
3.503417968750000000e-01 4.351955950260162354e-01
8.503417968750000000e-01 4.353205859661102295e-01
2.253417968750000000e-01 4.354455769062042236e-01
7.253417968750000000e-01 4.355705678462982178e-01
4.753417968750000000e-01 4.356955289840698242e-01
9.753417968750000000e-01 4.358205199241638184e-01
2.221679687500000000e-02 4.359455108642578125e-01
5.222167968750000000e-01 4.360705018043518066e-01
2.722167968750000000e-01 4.361954629421234131e-01
7.722167968750000000e-01 4.363204538822174072e-01
1.472167968750000000e-01 4.364454448223114014e-01
6.472167968750000000e-01 4.365704357624053955e-01
3.972167968750000000e-01 4.366954267024993896e-01
8.972167968750000000e-01 4.368203878402709961e-01
8.471679687500000000e-02 4.369453787803649902e-01
5.847167968750000000e-01 4.370703697204589844e-01
3.347167968750000000e-01 4.371953606605529785e-01
8.347167968750000000e-01 4.373203217983245850e-01
2.097167968750000000e-01 4.374453127384185791e-01
7.097167968750000000e-01 4.375703036785125732e-01
4.597167968750000000e-01 4.376952946186065674e-01
9.597167968750000000e-01 4.378202855587005615e-01
5.346679687500000000e-02 4.379452466964721680e-01
5.534667968750000000e-01 4.380702376365661621e-01
3.034667968750000000e-01 4.381952285766601562e-01
8.034667968750000000e-01 4.383202195167541504e-01
1.784667968750000000e-01 4.384451806545257568e-01
6.784667968750000000e-01 4.385701715946197510e-01
4.284667968750000000e-01 4.386951625347137451e-01
9.284667968750000000e-01 4.388201534748077393e-01
1.159667968750000000e-01 4.389451444149017334e-01
6.159667968750000000e-01 4.390701055526733398e-01
3.659667968750000000e-01 4.391950964927673340e-01
8.659667968750000000e-01 4.393200874328613281e-01
2.409667968750000000e-01 4.394450783729553223e-01
7.409667968750000000e-01 4.395700395107269287e-01
4.909667968750000000e-01 4.396950304508209229e-01
9.909667968750000000e-01 4.398200213909149170e-01
1.440429687500000000e-02 4.399450123310089111e-01
5.144042968750000000e-01 4.400700032711029053e-01
2.644042968750000000e-01 4.401949644088745117e-01
7.644042968750000000e-01 4.403199553489685059e-01
1.394042968750000000e-01 4.404449462890625000e-01
6.394042968750000000e-01 4.405699372291564941e-01
3.894042968750000000e-01 4.406948983669281006e-01
8.894042968750000000e-01 4.408198893070220947e-01
7.690429687500000000e-02 4.409448802471160889e-01
5.769042968750000000e-01 4.410698711872100830e-01
3.269042968750000000e-01 4.411948621273040771e-01
8.269042968750000000e-01 4.413198232650756836e-01
2.019042968750000000e-01 4.414448142051696777e-01
7.019042968750000000e-01 4.415698051452636719e-01
4.519042968750000000e-01 4.416947960853576660e-01
9.519042968750000000e-01 4.418197870254516602e-01
4.565429687500000000e-02 4.419447481632232666e-01
5.456542968750000000e-01 4.420697391033172607e-01
2.956542968750000000e-01 4.421947300434112549e-01
7.956542968750000000e-01 4.423197209835052490e-01
1.706542968750000000e-01 4.424446821212768555e-01
6.706542968750000000e-01 4.425696730613708496e-01
4.206542968750000000e-01 4.426946640014648438e-01
9.206542968750000000e-01 4.428196549415588379e-01
1.081542968750000000e-01 4.429446458816528320e-01
6.081542968750000000e-01 4.430696070194244385e-01
3.581542968750000000e-01 4.431945979595184326e-01
8.581542968750000000e-01 4.433195888996124268e-01
2.331542968750000000e-01 4.434445798397064209e-01
7.331542968750000000e-01 4.435695409774780273e-01
4.831542968750000000e-01 4.436945319175720215e-01
9.831542968750000000e-01 4.438195228576660156e-01
3.002929687500000000e-02 4.439445137977600098e-01
5.300292968750000000e-01 4.440695047378540039e-01
2.800292968750000000e-01 4.441944658756256104e-01
7.800292968750000000e-01 4.443194568157196045e-01
1.550292968750000000e-01 4.444444477558135986e-01
6.550292968750000000e-01 4.445694386959075928e-01
4.050292968750000000e-01 4.446943998336791992e-01
9.050292968750000000e-01 4.448193907737731934e-01
9.252929687500000000e-02 4.449443817138671875e-01
5.925292968750000000e-01 4.450693726539611816e-01
3.425292968750000000e-01 4.451943635940551758e-01
8.425292968750000000e-01 4.453193247318267822e-01
2.175292968750000000e-01 4.454443156719207764e-01
7.175292968750000000e-01 4.455693066120147705e-01
4.675292968750000000e-01 4.456942975521087646e-01
9.675292968750000000e-01 4.458192586898803711e-01
6.127929687500000000e-02 4.459442496299743652e-01
5.612792968750000000e-01 4.460692405700683594e-01
3.112792968750000000e-01 4.461942315101623535e-01
8.112792968750000000e-01 4.463192224502563477e-01
1.862792968750000000e-01 4.464441835880279541e-01
6.862792968750000000e-01 4.465691745281219482e-01
4.362792968750000000e-01 4.466941654682159424e-01
9.362792968750000000e-01 4.468191564083099365e-01
1.237792968750000000e-01 4.469441175460815430e-01
6.237792968750000000e-01 4.470691084861755371e-01
3.737792968750000000e-01 4.471940994262695312e-01
8.737792968750000000e-01 4.473190903663635254e-01
2.487792968750000000e-01 4.474440813064575195e-01
7.487792968750000000e-01 4.475690424442291260e-01
4.987792968750000000e-01 4.476940333843231201e-01
9.987792968750000000e-01 4.478190243244171143e-01
1.708984375000000000e-03 4.479440152645111084e-01
5.017089843750000000e-01 4.480690062046051025e-01
2.517089843750000000e-01 4.481939673423767090e-01
7.517089843750000000e-01 4.483189582824707031e-01
1.267089843750000000e-01 4.484439492225646973e-01
6.267089843750000000e-01 4.485689401626586914e-01
3.767089843750000000e-01 4.486939013004302979e-01
8.767089843750000000e-01 4.488188922405242920e-01
6.420898437500000000e-02 4.489438831806182861e-01
5.642089843750000000e-01 4.490688741207122803e-01
3.142089843750000000e-01 4.491938650608062744e-01
8.142089843750000000e-01 4.493188261985778809e-01
1.892089843750000000e-01 4.494438171386718750e-01
6.892089843750000000e-01 4.495688080787658691e-01
4.392089843750000000e-01 4.496937990188598633e-01
9.392089843750000000e-01 4.498187601566314697e-01
3.295898437500000000e-02 4.499437510967254639e-01
5.329589843750000000e-01 4.500687420368194580e-01
2.829589843750000000e-01 4.501937329769134521e-01
7.829589843750000000e-01 4.503187239170074463e-01
1.579589843750000000e-01 4.504436850547790527e-01
6.579589843750000000e-01 4.505686759948730469e-01
4.079589843750000000e-01 4.506936669349670410e-01
9.079589843750000000e-01 4.508186578750610352e-01
9.545898437500000000e-02 4.509436190128326416e-01
5.954589843750000000e-01 4.510686099529266357e-01
3.454589843750000000e-01 4.511936008930206299e-01
8.454589843750000000e-01 4.513185918331146240e-01
2.204589843750000000e-01 4.514435827732086182e-01
7.204589843750000000e-01 4.515685439109802246e-01
4.704589843750000000e-01 4.516935348510742188e-01
9.704589843750000000e-01 4.518185257911682129e-01
1.733398437500000000e-02 4.519435167312622070e-01
5.173339843750000000e-01 4.520684778690338135e-01
2.673339843750000000e-01 4.521934688091278076e-01
7.673339843750000000e-01 4.523184597492218018e-01
1.423339843750000000e-01 4.524434506893157959e-01
6.423339843750000000e-01 4.525684416294097900e-01
3.923339843750000000e-01 4.526934027671813965e-01
8.923339843750000000e-01 4.528183937072753906e-01
7.983398437500000000e-02 4.529433846473693848e-01
5.798339843750000000e-01 4.530683755874633789e-01
3.298339843750000000e-01 4.531933367252349854e-01
8.298339843750000000e-01 4.533183276653289795e-01
2.048339843750000000e-01 4.534433186054229736e-01
7.048339843750000000e-01 4.535683095455169678e-01
4.548339843750000000e-01 4.536933004856109619e-01
9.548339843750000000e-01 4.538182616233825684e-01
4.858398437500000000e-02 4.539432525634765625e-01
5.485839843750000000e-01 4.540682435035705566e-01
2.985839843750000000e-01 4.541932344436645508e-01
7.985839843750000000e-01 4.543181955814361572e-01
1.735839843750000000e-01 4.544431865215301514e-01
6.735839843750000000e-01 4.545681774616241455e-01
4.235839843750000000e-01 4.546931684017181396e-01
9.235839843750000000e-01 4.548181593418121338e-01
1.110839843750000000e-01 4.549431204795837402e-01
6.110839843750000000e-01 4.550681114196777344e-01
3.610839843750000000e-01 4.551931023597717285e-01
8.610839843750000000e-01 4.553180932998657227e-01
2.360839843750000000e-01 4.554430842399597168e-01
7.360839843750000000e-01 4.555680453777313232e-01
4.860839843750000000e-01 4.556930363178253174e-01
9.860839843750000000e-01 4.558180272579193115e-01
9.521484375000000000e-03 4.559430181980133057e-01
5.095214843750000000e-01 4.560679793357849121e-01
2.595214843750000000e-01 4.561929702758789062e-01
7.595214843750000000e-01 4.563179612159729004e-01
1.345214843750000000e-01 4.564429521560668945e-01
6.345214843750000000e-01 4.565679430961608887e-01
3.845214843750000000e-01 4.566929042339324951e-01
8.845214843750000000e-01 4.568178951740264893e-01
7.202148437500000000e-02 4.569428861141204834e-01
5.720214843750000000e-01 4.570678770542144775e-01
3.220214843750000000e-01 4.571928381919860840e-01
8.220214843750000000e-01 4.573178291320800781e-01
1.970214843750000000e-01 4.574428200721740723e-01
6.970214843750000000e-01 4.575678110122680664e-01
4.470214843750000000e-01 4.576928019523620605e-01
9.470214843750000000e-01 4.578177630901336670e-01
4.077148437500000000e-02 4.579427540302276611e-01
5.407714843750000000e-01 4.580677449703216553e-01
2.907714843750000000e-01 4.581927359104156494e-01
7.907714843750000000e-01 4.583176970481872559e-01
1.657714843750000000e-01 4.584426879882812500e-01
6.657714843750000000e-01 4.585676789283752441e-01
4.157714843750000000e-01 4.586926698684692383e-01
9.157714843750000000e-01 4.588176608085632324e-01
1.032714843750000000e-01 4.589426219463348389e-01
6.032714843750000000e-01 4.590676128864288330e-01
3.532714843750000000e-01 4.591926038265228271e-01
8.532714843750000000e-01 4.593175947666168213e-01
2.282714843750000000e-01 4.594425559043884277e-01
7.282714843750000000e-01 4.595675468444824219e-01
4.782714843750000000e-01 4.596925377845764160e-01
9.782714843750000000e-01 4.598175287246704102e-01
2.514648437500000000e-02 4.599425196647644043e-01
5.251464843750000000e-01 4.600674808025360107e-01
2.751464843750000000e-01 4.601924717426300049e-01
7.751464843750000000e-01 4.603174626827239990e-01
1.501464843750000000e-01 4.604424536228179932e-01
6.501464843750000000e-01 4.605674147605895996e-01
4.001464843750000000e-01 4.606924057006835938e-01
9.001464843750000000e-01 4.608173966407775879e-01
8.764648437500000000e-02 4.609423875808715820e-01
5.876464843750000000e-01 4.610673785209655762e-01
3.376464843750000000e-01 4.611923396587371826e-01
8.376464843750000000e-01 4.613173305988311768e-01
2.126464843750000000e-01 4.614423215389251709e-01
7.126464843750000000e-01 4.615673124790191650e-01
4.626464843750000000e-01 4.616922736167907715e-01
9.626464843750000000e-01 4.618172645568847656e-01
5.639648437500000000e-02 4.619422554969787598e-01
5.563964843750000000e-01 4.620672464370727539e-01
3.063964843750000000e-01 4.621922373771667480e-01
8.063964843750000000e-01 4.623171985149383545e-01
1.813964843750000000e-01 4.624421894550323486e-01
6.813964843750000000e-01 4.625671803951263428e-01
4.313964843750000000e-01 4.626921713352203369e-01
9.313964843750000000e-01 4.628171622753143311e-01
1.188964843750000000e-01 4.629421234130859375e-01
6.188964843750000000e-01 4.630671143531799316e-01
3.688964843750000000e-01 4.631921052932739258e-01
8.688964843750000000e-01 4.633170962333679199e-01
2.438964843750000000e-01 4.634420573711395264e-01
7.438964843750000000e-01 4.635670483112335205e-01
4.938964843750000000e-01 4.636920392513275146e-01
9.938964843750000000e-01 4.638170301914215088e-01
5.615234375000000000e-03 4.639420211315155029e-01
5.056152343750000000e-01 4.640669822692871094e-01
2.556152343750000000e-01 4.641919732093811035e-01
7.556152343750000000e-01 4.643169641494750977e-01
1.306152343750000000e-01 4.644419550895690918e-01
6.306152343750000000e-01 4.645669162273406982e-01
3.806152343750000000e-01 4.646919071674346924e-01
8.806152343750000000e-01 4.648168981075286865e-01
6.811523437500000000e-02 4.649418890476226807e-01
5.681152343750000000e-01 4.650668799877166748e-01
3.181152343750000000e-01 4.651918411254882812e-01
8.181152343750000000e-01 4.653168320655822754e-01
1.931152343750000000e-01 4.654418230056762695e-01
6.931152343750000000e-01 4.655668139457702637e-01
4.431152343750000000e-01 4.656917750835418701e-01
9.431152343750000000e-01 4.658167660236358643e-01
3.686523437500000000e-02 4.659417569637298584e-01
5.368652343750000000e-01 4.660667479038238525e-01
2.868652343750000000e-01 4.661917388439178467e-01
7.868652343750000000e-01 4.663166999816894531e-01
1.618652343750000000e-01 4.664416909217834473e-01
6.618652343750000000e-01 4.665666818618774414e-01
4.118652343750000000e-01 4.666916728019714355e-01
9.118652343750000000e-01 4.668166339397430420e-01
9.936523437500000000e-02 4.669416248798370361e-01
5.993652343750000000e-01 4.670666158199310303e-01
3.493652343750000000e-01 4.671916067600250244e-01
8.493652343750000000e-01 4.673165977001190186e-01
2.243652343750000000e-01 4.674415588378906250e-01
7.243652343750000000e-01 4.675665497779846191e-01
4.743652343750000000e-01 4.676915407180786133e-01
9.743652343750000000e-01 4.678165316581726074e-01
2.124023437500000000e-02 4.679414927959442139e-01
5.212402343750000000e-01 4.680664837360382080e-01
2.712402343750000000e-01 4.681914746761322021e-01
7.712402343750000000e-01 4.683164656162261963e-01
1.462402343750000000e-01 4.684414565563201904e-01
6.462402343750000000e-01 4.685664176940917969e-01
3.962402343750000000e-01 4.686914086341857910e-01
8.962402343750000000e-01 4.688163995742797852e-01
8.374023437500000000e-02 4.689413905143737793e-01
5.837402343750000000e-01 4.690663814544677734e-01
3.337402343750000000e-01 4.691913425922393799e-01
8.337402343750000000e-01 4.693163335323333740e-01
2.087402343750000000e-01 4.694413244724273682e-01
7.087402343750000000e-01 4.695663154125213623e-01
4.587402343750000000e-01 4.696912765502929688e-01
9.587402343750000000e-01 4.698162674903869629e-01
5.249023437500000000e-02 4.699412584304809570e-01
5.524902343750000000e-01 4.700662493705749512e-01
3.024902343750000000e-01 4.701912403106689453e-01
8.024902343750000000e-01 4.703162014484405518e-01
1.774902343750000000e-01 4.704411923885345459e-01
6.774902343750000000e-01 4.705661833286285400e-01
4.274902343750000000e-01 4.706911742687225342e-01
9.274902343750000000e-01 4.708161354064941406e-01
1.149902343750000000e-01 4.709411263465881348e-01
6.149902343750000000e-01 4.710661172866821289e-01
3.649902343750000000e-01 4.711911082267761230e-01
8.649902343750000000e-01 4.713160991668701172e-01
2.399902343750000000e-01 4.714410603046417236e-01
7.399902343750000000e-01 4.715660512447357178e-01
4.899902343750000000e-01 4.716910421848297119e-01
9.899902343750000000e-01 4.718160331249237061e-01
1.342773437500000000e-02 4.719409942626953125e-01
5.134277343750000000e-01 4.720659852027893066e-01
2.634277343750000000e-01 4.721909761428833008e-01
7.634277343750000000e-01 4.723159670829772949e-01
1.384277343750000000e-01 4.724409580230712891e-01
6.384277343750000000e-01 4.725659191608428955e-01
3.884277343750000000e-01 4.726909101009368896e-01
8.884277343750000000e-01 4.728159010410308838e-01
7.592773437500000000e-02 4.729408919811248779e-01
5.759277343750000000e-01 4.730658531188964844e-01
3.259277343750000000e-01 4.731908440589904785e-01
8.259277343750000000e-01 4.733158349990844727e-01
2.009277343750000000e-01 4.734408259391784668e-01
7.009277343750000000e-01 4.735658168792724609e-01
4.509277343750000000e-01 4.736907780170440674e-01
9.509277343750000000e-01 4.738157689571380615e-01
4.467773437500000000e-02 4.739407598972320557e-01
5.446777343750000000e-01 4.740657508373260498e-01
2.946777343750000000e-01 4.741907119750976562e-01
7.946777343750000000e-01 4.743157029151916504e-01
1.696777343750000000e-01 4.744406938552856445e-01
6.696777343750000000e-01 4.745656847953796387e-01
4.196777343750000000e-01 4.746906757354736328e-01
9.196777343750000000e-01 4.748156368732452393e-01
1.071777343750000000e-01 4.749406278133392334e-01
6.071777343750000000e-01 4.750656187534332275e-01
3.571777343750000000e-01 4.751906096935272217e-01
8.571777343750000000e-01 4.753155708312988281e-01
2.321777343750000000e-01 4.754405617713928223e-01
7.321777343750000000e-01 4.755655527114868164e-01
4.821777343750000000e-01 4.756905436515808105e-01
9.821777343750000000e-01 4.758155345916748047e-01
2.905273437500000000e-02 4.759404957294464111e-01
5.290527343750000000e-01 4.760654866695404053e-01
2.790527343750000000e-01 4.761904776096343994e-01
7.790527343750000000e-01 4.763154685497283936e-01
1.540527343750000000e-01 4.764404594898223877e-01
6.540527343750000000e-01 4.765654206275939941e-01
4.040527343750000000e-01 4.766904115676879883e-01
9.040527343750000000e-01 4.768154025077819824e-01
9.155273437500000000e-02 4.769403934478759766e-01
5.915527343750000000e-01 4.770653545856475830e-01
3.415527343750000000e-01 4.771903455257415771e-01
8.415527343750000000e-01 4.773153364658355713e-01
2.165527343750000000e-01 4.774403274059295654e-01
7.165527343750000000e-01 4.775653183460235596e-01
4.665527343750000000e-01 4.776902794837951660e-01
9.665527343750000000e-01 4.778152704238891602e-01
6.030273437500000000e-02 4.779402613639831543e-01
5.603027343750000000e-01 4.780652523040771484e-01
3.103027343750000000e-01 4.781902134418487549e-01
8.103027343750000000e-01 4.783152043819427490e-01
1.853027343750000000e-01 4.784401953220367432e-01
6.853027343750000000e-01 4.785651862621307373e-01
4.353027343750000000e-01 4.786901772022247314e-01
9.353027343750000000e-01 4.788151383399963379e-01
1.228027343750000000e-01 4.789401292800903320e-01
6.228027343750000000e-01 4.790651202201843262e-01
3.728027343750000000e-01 4.791901111602783203e-01
8.728027343750000000e-01 4.793150722980499268e-01
2.478027343750000000e-01 4.794400632381439209e-01
7.478027343750000000e-01 4.795650541782379150e-01
4.978027343750000000e-01 4.796900451183319092e-01
9.978027343750000000e-01 4.798150360584259033e-01
3.662109375000000000e-03 4.799399971961975098e-01
5.036621093750000000e-01 4.800649881362915039e-01
2.536621093750000000e-01 4.801899790763854980e-01
7.536621093750000000e-01 4.803149700164794922e-01
1.286621093750000000e-01 4.804399311542510986e-01
6.286621093750000000e-01 4.805649220943450928e-01
3.786621093750000000e-01 4.806899130344390869e-01
8.786621093750000000e-01 4.808149039745330811e-01
6.616210937500000000e-02 4.809398949146270752e-01
5.661621093750000000e-01 4.810648560523986816e-01
3.161621093750000000e-01 4.811898469924926758e-01
8.161621093750000000e-01 4.813148379325866699e-01
1.911621093750000000e-01 4.814398288726806641e-01
6.911621093750000000e-01 4.815647900104522705e-01
4.411621093750000000e-01 4.816897809505462646e-01
9.411621093750000000e-01 4.818147718906402588e-01
3.491210937500000000e-02 4.819397628307342529e-01
5.349121093750000000e-01 4.820647537708282471e-01
2.849121093750000000e-01 4.821897149085998535e-01
7.849121093750000000e-01 4.823147058486938477e-01
1.599121093750000000e-01 4.824396967887878418e-01
6.599121093750000000e-01 4.825646877288818359e-01
4.099121093750000000e-01 4.826896786689758301e-01
9.099121093750000000e-01 4.828146398067474365e-01
9.741210937500000000e-02 4.829396307468414307e-01
5.974121093750000000e-01 4.830646216869354248e-01
3.474121093750000000e-01 4.831896126270294189e-01
8.474121093750000000e-01 4.833145737648010254e-01
2.224121093750000000e-01 4.834395647048950195e-01
7.224121093750000000e-01 4.835645556449890137e-01
4.724121093750000000e-01 4.836895465850830078e-01
9.724121093750000000e-01 4.838145375251770020e-01
1.928710937500000000e-02 4.839394986629486084e-01
5.192871093750000000e-01 4.840644896030426025e-01
2.692871093750000000e-01 4.841894805431365967e-01
7.692871093750000000e-01 4.843144714832305908e-01
1.442871093750000000e-01 4.844394326210021973e-01
6.442871093750000000e-01 4.845644235610961914e-01
3.942871093750000000e-01 4.846894145011901855e-01
8.942871093750000000e-01 4.848144054412841797e-01
8.178710937500000000e-02 4.849393963813781738e-01
5.817871093750000000e-01 4.850643575191497803e-01
3.317871093750000000e-01 4.851893484592437744e-01
8.317871093750000000e-01 4.853143393993377686e-01
2.067871093750000000e-01 4.854393303394317627e-01
7.067871093750000000e-01 4.855642914772033691e-01
4.567871093750000000e-01 4.856892824172973633e-01
9.567871093750000000e-01 4.858142733573913574e-01
5.053710937500000000e-02 4.859392642974853516e-01
5.505371093750000000e-01 4.860642552375793457e-01
3.005371093750000000e-01 4.861892163753509521e-01
8.005371093750000000e-01 4.863142073154449463e-01
1.755371093750000000e-01 4.864391982555389404e-01
6.755371093750000000e-01 4.865641891956329346e-01
4.255371093750000000e-01 4.866891503334045410e-01
9.255371093750000000e-01 4.868141412734985352e-01
1.130371093750000000e-01 4.869391322135925293e-01
6.130371093750000000e-01 4.870641231536865234e-01
3.630371093750000000e-01 4.871891140937805176e-01
8.630371093750000000e-01 4.873140752315521240e-01
2.380371093750000000e-01 4.874390661716461182e-01
7.380371093750000000e-01 4.875640571117401123e-01
4.880371093750000000e-01 4.876890480518341064e-01
9.880371093750000000e-01 4.878140091896057129e-01
1.147460937500000000e-02 4.879390001296997070e-01
5.114746093750000000e-01 4.880639910697937012e-01
2.614746093750000000e-01 4.881889820098876953e-01
7.614746093750000000e-01 4.883139729499816895e-01
1.364746093750000000e-01 4.884389340877532959e-01
6.364746093750000000e-01 4.885639250278472900e-01
3.864746093750000000e-01 4.886889159679412842e-01
8.864746093750000000e-01 4.888139069080352783e-01
7.397460937500000000e-02 4.889388680458068848e-01
5.739746093750000000e-01 4.890638589859008789e-01
3.239746093750000000e-01 4.891888499259948730e-01
8.239746093750000000e-01 4.893138408660888672e-01
1.989746093750000000e-01 4.894388318061828613e-01
6.989746093750000000e-01 4.895637929439544678e-01
4.489746093750000000e-01 4.896887838840484619e-01
9.489746093750000000e-01 4.898137748241424561e-01
4.272460937500000000e-02 4.899387657642364502e-01
5.427246093750000000e-01 4.900637567043304443e-01
2.927246093750000000e-01 4.901887178421020508e-01
7.927246093750000000e-01 4.903137087821960449e-01
1.677246093750000000e-01 4.904386997222900391e-01
6.677246093750000000e-01 4.905636906623840332e-01
4.177246093750000000e-01 4.906886518001556396e-01
9.177246093750000000e-01 4.908136427402496338e-01
1.052246093750000000e-01 4.909386336803436279e-01
6.052246093750000000e-01 4.910636246204376221e-01
3.552246093750000000e-01 4.911886155605316162e-01
8.552246093750000000e-01 4.913135766983032227e-01
2.302246093750000000e-01 4.914385676383972168e-01
7.302246093750000000e-01 4.915635585784912109e-01
4.802246093750000000e-01 4.916885495185852051e-01
9.802246093750000000e-01 4.918135106563568115e-01
2.709960937500000000e-02 4.919385015964508057e-01
5.270996093750000000e-01 4.920634925365447998e-01
2.770996093750000000e-01 4.921884834766387939e-01
7.770996093750000000e-01 4.923134744167327881e-01
1.520996093750000000e-01 4.924384355545043945e-01
6.520996093750000000e-01 4.925634264945983887e-01
4.020996093750000000e-01 4.926884174346923828e-01
9.020996093750000000e-01 4.928134083747863770e-01
8.959960937500000000e-02 4.929383695125579834e-01
5.895996093750000000e-01 4.930633604526519775e-01
3.395996093750000000e-01 4.931883513927459717e-01
8.395996093750000000e-01 4.933133423328399658e-01
2.145996093750000000e-01 4.934383332729339600e-01
7.145996093750000000e-01 4.935632944107055664e-01
4.645996093750000000e-01 4.936882853507995605e-01
9.645996093750000000e-01 4.938132762908935547e-01
5.834960937500000000e-02 4.939382672309875488e-01
5.583496093750000000e-01 4.940632283687591553e-01
3.083496093750000000e-01 4.941882193088531494e-01
8.083496093750000000e-01 4.943132102489471436e-01
1.833496093750000000e-01 4.944382011890411377e-01
6.833496093750000000e-01 4.945631921291351318e-01
4.333496093750000000e-01 4.946881532669067383e-01
9.333496093750000000e-01 4.948131442070007324e-01
1.208496093750000000e-01 4.949381351470947266e-01
6.208496093750000000e-01 4.950631260871887207e-01
3.708496093750000000e-01 4.951880872249603271e-01
8.708496093750000000e-01 4.953130781650543213e-01
2.458496093750000000e-01 4.954380691051483154e-01
7.458496093750000000e-01 4.955630600452423096e-01
4.958496093750000000e-01 4.956880509853363037e-01
9.958496093750000000e-01 4.958130121231079102e-01
7.568359375000000000e-03 4.959380030632019043e-01
5.075683593750000000e-01 4.960629940032958984e-01
2.575683593750000000e-01 4.961879849433898926e-01
7.575683593750000000e-01 4.963129460811614990e-01
1.325683593750000000e-01 4.964379370212554932e-01
6.325683593750000000e-01 4.965629279613494873e-01
3.825683593750000000e-01 4.966879189014434814e-01
8.825683593750000000e-01 4.968129098415374756e-01
7.006835937500000000e-02 4.969378709793090820e-01
5.700683593750000000e-01 4.970628619194030762e-01
3.200683593750000000e-01 4.971878528594970703e-01
8.200683593750000000e-01 4.973128437995910645e-01
1.950683593750000000e-01 4.974378347396850586e-01
6.950683593750000000e-01 4.975627958774566650e-01
4.450683593750000000e-01 4.976877868175506592e-01
9.450683593750000000e-01 4.978127777576446533e-01
3.881835937500000000e-02 4.979377686977386475e-01
5.388183593750000000e-01 4.980627298355102539e-01
2.888183593750000000e-01 4.981877207756042480e-01
7.888183593750000000e-01 4.983127117156982422e-01
1.638183593750000000e-01 4.984377026557922363e-01
6.638183593750000000e-01 4.985626935958862305e-01
4.138183593750000000e-01 4.986876547336578369e-01
9.138183593750000000e-01 4.988126456737518311e-01
1.013183593750000000e-01 4.989376366138458252e-01
6.013183593750000000e-01 4.990626275539398193e-01
3.513183593750000000e-01 4.991875886917114258e-01
8.513183593750000000e-01 4.993125796318054199e-01
2.263183593750000000e-01 4.994375705718994141e-01
7.263183593750000000e-01 4.995625615119934082e-01
4.763183593750000000e-01 4.996875524520874023e-01
9.763183593750000000e-01 4.998125135898590088e-01
2.319335937500000000e-02 4.999375045299530029e-01
5.231933593750000000e-01 5.000624656677246094e-01
2.731933593750000000e-01 5.001874566078186035e-01
7.731933593750000000e-01 5.003124475479125977e-01
1.481933593750000000e-01 5.004374384880065918e-01
6.481933593750000000e-01 5.005624294281005859e-01
3.981933593750000000e-01 5.006874203681945801e-01
8.981933593750000000e-01 5.008124113082885742e-01
8.569335937500000000e-02 5.009374022483825684e-01
5.856933593750000000e-01 5.010623931884765625e-01
3.356933593750000000e-01 5.011873245239257812e-01
8.356933593750000000e-01 5.013123154640197754e-01
2.106933593750000000e-01 5.014373064041137695e-01
7.106933593750000000e-01 5.015622973442077637e-01
4.606933593750000000e-01 5.016872882843017578e-01
9.606933593750000000e-01 5.018122792243957520e-01
5.444335937500000000e-02 5.019372701644897461e-01
5.544433593750000000e-01 5.020622611045837402e-01
3.044433593750000000e-01 5.021872520446777344e-01
8.044433593750000000e-01 5.023121833801269531e-01
1.794433593750000000e-01 5.024371743202209473e-01
6.794433593750000000e-01 5.025621652603149414e-01
4.294433593750000000e-01 5.026871562004089355e-01
9.294433593750000000e-01 5.028121471405029297e-01
1.169433593750000000e-01 5.029371380805969238e-01
6.169433593750000000e-01 5.030621290206909180e-01
3.669433593750000000e-01 5.031871199607849121e-01
8.669433593750000000e-01 5.033121109008789062e-01
2.419433593750000000e-01 5.034370422363281250e-01
7.419433593750000000e-01 5.035620331764221191e-01
4.919433593750000000e-01 5.036870241165161133e-01
9.919433593750000000e-01 5.038120150566101074e-01
1.538085937500000000e-02 5.039370059967041016e-01
5.153808593750000000e-01 5.040619969367980957e-01
2.653808593750000000e-01 5.041869878768920898e-01
7.653808593750000000e-01 5.043119788169860840e-01
1.403808593750000000e-01 5.044369697570800781e-01
6.403808593750000000e-01 5.045619010925292969e-01
3.903808593750000000e-01 5.046868920326232910e-01
8.903808593750000000e-01 5.048118829727172852e-01
7.788085937500000000e-02 5.049368739128112793e-01
5.778808593750000000e-01 5.050618648529052734e-01
3.278808593750000000e-01 5.051868557929992676e-01
8.278808593750000000e-01 5.053118467330932617e-01
2.028808593750000000e-01 5.054368376731872559e-01
7.028808593750000000e-01 5.055618286132812500e-01
4.528808593750000000e-01 5.056867599487304688e-01
9.528808593750000000e-01 5.058117508888244629e-01
4.663085937500000000e-02 5.059367418289184570e-01
5.466308593750000000e-01 5.060617327690124512e-01
2.966308593750000000e-01 5.061867237091064453e-01
7.966308593750000000e-01 5.063117146492004395e-01
1.716308593750000000e-01 5.064367055892944336e-01
6.716308593750000000e-01 5.065616965293884277e-01
4.216308593750000000e-01 5.066866874694824219e-01
9.216308593750000000e-01 5.068116188049316406e-01
1.091308593750000000e-01 5.069366097450256348e-01
6.091308593750000000e-01 5.070616006851196289e-01
3.591308593750000000e-01 5.071865916252136230e-01
8.591308593750000000e-01 5.073115825653076172e-01
2.341308593750000000e-01 5.074365735054016113e-01
7.341308593750000000e-01 5.075615644454956055e-01
4.841308593750000000e-01 5.076865553855895996e-01
9.841308593750000000e-01 5.078115463256835938e-01
3.100585937500000000e-02 5.079365372657775879e-01
5.310058593750000000e-01 5.080614686012268066e-01
2.810058593750000000e-01 5.081864595413208008e-01
7.810058593750000000e-01 5.083114504814147949e-01
1.560058593750000000e-01 5.084364414215087891e-01
6.560058593750000000e-01 5.085614323616027832e-01
4.060058593750000000e-01 5.086864233016967773e-01
9.060058593750000000e-01 5.088114142417907715e-01
9.350585937500000000e-02 5.089364051818847656e-01
5.935058593750000000e-01 5.090613961219787598e-01
3.435058593750000000e-01 5.091863274574279785e-01
8.435058593750000000e-01 5.093113183975219727e-01
2.185058593750000000e-01 5.094363093376159668e-01
7.185058593750000000e-01 5.095613002777099609e-01
4.685058593750000000e-01 5.096862912178039551e-01
9.685058593750000000e-01 5.098112821578979492e-01
6.225585937500000000e-02 5.099362730979919434e-01
5.622558593750000000e-01 5.100612640380859375e-01
3.122558593750000000e-01 5.101862549781799316e-01
8.122558593750000000e-01 5.103111863136291504e-01
1.872558593750000000e-01 5.104361772537231445e-01
6.872558593750000000e-01 5.105611681938171387e-01
4.372558593750000000e-01 5.106861591339111328e-01
9.372558593750000000e-01 5.108111500740051270e-01
1.247558593750000000e-01 5.109361410140991211e-01
6.247558593750000000e-01 5.110611319541931152e-01
3.747558593750000000e-01 5.111861228942871094e-01
8.747558593750000000e-01 5.113111138343811035e-01
2.497558593750000000e-01 5.114360451698303223e-01
7.497558593750000000e-01 5.115610361099243164e-01
4.997558593750000000e-01 5.116860270500183105e-01
9.997558593750000000e-01 5.118110179901123047e-01
1.220703125000000000e-04 5.119360089302062988e-01
5.001220703125000000e-01 5.120609998703002930e-01
2.501220703125000000e-01 5.121859908103942871e-01
7.501220703125000000e-01 5.123109817504882812e-01
1.251220703125000000e-01 5.124359726905822754e-01
6.251220703125000000e-01 5.125609040260314941e-01
3.751220703125000000e-01 5.126858949661254883e-01
8.751220703125000000e-01 5.128108859062194824e-01
6.262207031250000000e-02 5.129358768463134766e-01
5.626220703125000000e-01 5.130608677864074707e-01
3.126220703125000000e-01 5.131858587265014648e-01
8.126220703125000000e-01 5.133108496665954590e-01
1.876220703125000000e-01 5.134358406066894531e-01
6.876220703125000000e-01 5.135608315467834473e-01
4.376220703125000000e-01 5.136857628822326660e-01
9.376220703125000000e-01 5.138107538223266602e-01
3.137207031250000000e-02 5.139357447624206543e-01
5.313720703125000000e-01 5.140607357025146484e-01
2.813720703125000000e-01 5.141857266426086426e-01
7.813720703125000000e-01 5.143107175827026367e-01
1.563720703125000000e-01 5.144357085227966309e-01
6.563720703125000000e-01 5.145606994628906250e-01
4.063720703125000000e-01 5.146856904029846191e-01
9.063720703125000000e-01 5.148106217384338379e-01
9.387207031250000000e-02 5.149356126785278320e-01
5.938720703125000000e-01 5.150606036186218262e-01
3.438720703125000000e-01 5.151855945587158203e-01
8.438720703125000000e-01 5.153105854988098145e-01
2.188720703125000000e-01 5.154355764389038086e-01
7.188720703125000000e-01 5.155605673789978027e-01
4.688720703125000000e-01 5.156855583190917969e-01
9.688720703125000000e-01 5.158105492591857910e-01
1.574707031250000000e-02 5.159354805946350098e-01
5.157470703125000000e-01 5.160604715347290039e-01
2.657470703125000000e-01 5.161854624748229980e-01
7.657470703125000000e-01 5.163104534149169922e-01
1.407470703125000000e-01 5.164354443550109863e-01
6.407470703125000000e-01 5.165604352951049805e-01
3.907470703125000000e-01 5.166854262351989746e-01
8.907470703125000000e-01 5.168104171752929688e-01
7.824707031250000000e-02 5.169354081153869629e-01
5.782470703125000000e-01 5.170603394508361816e-01
3.282470703125000000e-01 5.171853303909301758e-01
8.282470703125000000e-01 5.173103213310241699e-01
2.032470703125000000e-01 5.174353122711181641e-01
7.032470703125000000e-01 5.175603032112121582e-01
4.532470703125000000e-01 5.176852941513061523e-01
9.532470703125000000e-01 5.178102850914001465e-01
4.699707031250000000e-02 5.179352760314941406e-01
5.469970703125000000e-01 5.180602669715881348e-01
2.969970703125000000e-01 5.181851983070373535e-01
7.969970703125000000e-01 5.183101892471313477e-01
1.719970703125000000e-01 5.184351801872253418e-01
6.719970703125000000e-01 5.185601711273193359e-01
4.219970703125000000e-01 5.186851620674133301e-01
9.219970703125000000e-01 5.188101530075073242e-01
1.094970703125000000e-01 5.189351439476013184e-01
6.094970703125000000e-01 5.190601348876953125e-01
3.594970703125000000e-01 5.191851258277893066e-01
8.594970703125000000e-01 5.193100571632385254e-01
2.344970703125000000e-01 5.194350481033325195e-01
7.344970703125000000e-01 5.195600390434265137e-01
4.844970703125000000e-01 5.196850299835205078e-01
9.844970703125000000e-01 5.198100209236145020e-01
7.934570312500000000e-03 5.199350118637084961e-01
5.079345703125000000e-01 5.200600028038024902e-01
2.579345703125000000e-01 5.201849937438964844e-01
7.579345703125000000e-01 5.203099846839904785e-01
1.329345703125000000e-01 5.204349160194396973e-01
6.329345703125000000e-01 5.205599069595336914e-01
3.829345703125000000e-01 5.206848978996276855e-01
8.829345703125000000e-01 5.208098888397216797e-01
7.043457031250000000e-02 5.209348797798156738e-01
5.704345703125000000e-01 5.210598707199096680e-01
3.204345703125000000e-01 5.211848616600036621e-01
8.204345703125000000e-01 5.213098526000976562e-01
1.954345703125000000e-01 5.214348435401916504e-01
6.954345703125000000e-01 5.215598344802856445e-01
4.454345703125000000e-01 5.216847658157348633e-01
9.454345703125000000e-01 5.218097567558288574e-01
3.918457031250000000e-02 5.219347476959228516e-01
5.391845703125000000e-01 5.220597386360168457e-01
2.891845703125000000e-01 5.221847295761108398e-01
7.891845703125000000e-01 5.223097205162048340e-01
1.641845703125000000e-01 5.224347114562988281e-01
6.641845703125000000e-01 5.225597023963928223e-01
4.141845703125000000e-01 5.226846933364868164e-01
9.141845703125000000e-01 5.228096246719360352e-01
1.016845703125000000e-01 5.229346156120300293e-01
6.016845703125000000e-01 5.230596065521240234e-01
3.516845703125000000e-01 5.231845974922180176e-01
8.516845703125000000e-01 5.233095884323120117e-01
2.266845703125000000e-01 5.234345793724060059e-01
7.266845703125000000e-01 5.235595703125000000e-01
4.766845703125000000e-01 5.236845612525939941e-01
9.766845703125000000e-01 5.238095521926879883e-01
2.355957031250000000e-02 5.239344835281372070e-01
5.235595703125000000e-01 5.240594744682312012e-01
2.735595703125000000e-01 5.241844654083251953e-01
7.735595703125000000e-01 5.243094563484191895e-01
1.485595703125000000e-01 5.244344472885131836e-01
6.485595703125000000e-01 5.245594382286071777e-01
3.985595703125000000e-01 5.246844291687011719e-01
8.985595703125000000e-01 5.248094201087951660e-01
8.605957031250000000e-02 5.249344110488891602e-01
5.860595703125000000e-01 5.250593423843383789e-01
3.360595703125000000e-01 5.251843333244323730e-01
8.360595703125000000e-01 5.253093242645263672e-01
2.110595703125000000e-01 5.254343152046203613e-01
7.110595703125000000e-01 5.255593061447143555e-01
4.610595703125000000e-01 5.256842970848083496e-01
9.610595703125000000e-01 5.258092880249023438e-01
5.480957031250000000e-02 5.259342789649963379e-01
5.548095703125000000e-01 5.260592699050903320e-01
3.048095703125000000e-01 5.261842012405395508e-01
8.048095703125000000e-01 5.263091921806335449e-01
1.798095703125000000e-01 5.264341831207275391e-01
6.798095703125000000e-01 5.265591740608215332e-01
4.298095703125000000e-01 5.266841650009155273e-01
9.298095703125000000e-01 5.268091559410095215e-01
1.173095703125000000e-01 5.269341468811035156e-01
6.173095703125000000e-01 5.270591378211975098e-01
3.673095703125000000e-01 5.271841287612915039e-01
8.673095703125000000e-01 5.273090600967407227e-01
2.423095703125000000e-01 5.274340510368347168e-01
7.423095703125000000e-01 5.275590419769287109e-01
4.923095703125000000e-01 5.276840329170227051e-01
9.923095703125000000e-01 5.278090238571166992e-01
4.028320312500000000e-03 5.279340147972106934e-01
5.040283203125000000e-01 5.280590057373046875e-01
2.540283203125000000e-01 5.281839966773986816e-01
7.540283203125000000e-01 5.283089876174926758e-01
1.290283203125000000e-01 5.284339189529418945e-01
6.290283203125000000e-01 5.285589098930358887e-01
3.790283203125000000e-01 5.286839008331298828e-01
8.790283203125000000e-01 5.288088917732238770e-01
6.652832031250000000e-02 5.289338827133178711e-01
5.665283203125000000e-01 5.290588736534118652e-01
3.165283203125000000e-01 5.291838645935058594e-01
8.165283203125000000e-01 5.293088555335998535e-01
1.915283203125000000e-01 5.294338464736938477e-01
6.915283203125000000e-01 5.295587778091430664e-01
4.415283203125000000e-01 5.296837687492370605e-01
9.415283203125000000e-01 5.298087596893310547e-01
3.527832031250000000e-02 5.299337506294250488e-01
5.352783203125000000e-01 5.300587415695190430e-01
2.852783203125000000e-01 5.301837325096130371e-01
7.852783203125000000e-01 5.303087234497070312e-01
1.602783203125000000e-01 5.304337143898010254e-01
6.602783203125000000e-01 5.305587053298950195e-01
4.102783203125000000e-01 5.306836366653442383e-01
9.102783203125000000e-01 5.308086276054382324e-01
9.777832031250000000e-02 5.309336185455322266e-01
5.977783203125000000e-01 5.310586094856262207e-01
3.477783203125000000e-01 5.311836004257202148e-01
8.477783203125000000e-01 5.313085913658142090e-01
2.227783203125000000e-01 5.314335823059082031e-01
7.227783203125000000e-01 5.315585732460021973e-01
4.727783203125000000e-01 5.316835641860961914e-01
9.727783203125000000e-01 5.318084955215454102e-01
1.965332031250000000e-02 5.319334864616394043e-01
5.196533203125000000e-01 5.320584774017333984e-01
2.696533203125000000e-01 5.321834683418273926e-01
7.696533203125000000e-01 5.323084592819213867e-01
1.446533203125000000e-01 5.324334502220153809e-01
6.446533203125000000e-01 5.325584411621093750e-01
3.946533203125000000e-01 5.326834321022033691e-01
8.946533203125000000e-01 5.328084230422973633e-01
8.215332031250000000e-02 5.329333543777465820e-01
5.821533203125000000e-01 5.330583453178405762e-01
3.321533203125000000e-01 5.331833362579345703e-01
8.321533203125000000e-01 5.333083271980285645e-01
2.071533203125000000e-01 5.334333181381225586e-01
7.071533203125000000e-01 5.335583090782165527e-01
4.571533203125000000e-01 5.336833000183105469e-01
9.571533203125000000e-01 5.338082909584045410e-01
5.090332031250000000e-02 5.339332818984985352e-01
5.509033203125000000e-01 5.340582132339477539e-01
3.009033203125000000e-01 5.341832041740417480e-01
8.009033203125000000e-01 5.343081951141357422e-01
1.759033203125000000e-01 5.344331860542297363e-01
6.759033203125000000e-01 5.345581769943237305e-01
4.259033203125000000e-01 5.346831679344177246e-01
9.259033203125000000e-01 5.348081588745117188e-01
1.134033203125000000e-01 5.349331498146057129e-01
6.134033203125000000e-01 5.350581407546997070e-01
3.634033203125000000e-01 5.351831316947937012e-01
8.634033203125000000e-01 5.353080630302429199e-01
2.384033203125000000e-01 5.354330539703369141e-01
7.384033203125000000e-01 5.355580449104309082e-01
4.884033203125000000e-01 5.356830358505249023e-01
9.884033203125000000e-01 5.358080267906188965e-01
1.184082031250000000e-02 5.359330177307128906e-01
5.118408203125000000e-01 5.360580086708068848e-01
2.618408203125000000e-01 5.361829996109008789e-01
7.618408203125000000e-01 5.363079905509948730e-01
1.368408203125000000e-01 5.364329218864440918e-01
6.368408203125000000e-01 5.365579128265380859e-01
3.868408203125000000e-01 5.366829037666320801e-01
8.868408203125000000e-01 5.368078947067260742e-01
7.434082031250000000e-02 5.369328856468200684e-01
5.743408203125000000e-01 5.370578765869140625e-01
3.243408203125000000e-01 5.371828675270080566e-01
8.243408203125000000e-01 5.373078584671020508e-01
1.993408203125000000e-01 5.374328494071960449e-01
6.993408203125000000e-01 5.375577807426452637e-01
4.493408203125000000e-01 5.376827716827392578e-01
9.493408203125000000e-01 5.378077626228332520e-01
4.309082031250000000e-02 5.379327535629272461e-01
5.430908203125000000e-01 5.380577445030212402e-01
2.930908203125000000e-01 5.381827354431152344e-01
7.930908203125000000e-01 5.383077263832092285e-01
1.680908203125000000e-01 5.384327173233032227e-01
6.680908203125000000e-01 5.385577082633972168e-01
4.180908203125000000e-01 5.386826395988464355e-01
9.180908203125000000e-01 5.388076305389404297e-01
1.055908203125000000e-01 5.389326214790344238e-01
6.055908203125000000e-01 5.390576124191284180e-01
3.555908203125000000e-01 5.391826033592224121e-01
8.555908203125000000e-01 5.393075942993164062e-01
2.305908203125000000e-01 5.394325852394104004e-01
7.305908203125000000e-01 5.395575761795043945e-01
4.805908203125000000e-01 5.396825671195983887e-01
9.805908203125000000e-01 5.398074984550476074e-01
2.746582031250000000e-02 5.399324893951416016e-01
5.274658203125000000e-01 5.400574803352355957e-01
2.774658203125000000e-01 5.401824712753295898e-01
7.774658203125000000e-01 5.403074622154235840e-01
1.524658203125000000e-01 5.404324531555175781e-01
6.524658203125000000e-01 5.405574440956115723e-01
4.024658203125000000e-01 5.406824350357055664e-01
9.024658203125000000e-01 5.408074259757995605e-01
8.996582031250000000e-02 5.409323573112487793e-01
5.899658203125000000e-01 5.410573482513427734e-01
3.399658203125000000e-01 5.411823391914367676e-01
8.399658203125000000e-01 5.413073301315307617e-01
2.149658203125000000e-01 5.414323210716247559e-01
7.149658203125000000e-01 5.415573120117187500e-01
4.649658203125000000e-01 5.416823029518127441e-01
9.649658203125000000e-01 5.418072938919067383e-01
5.871582031250000000e-02 5.419322848320007324e-01
5.587158203125000000e-01 5.420572161674499512e-01
3.087158203125000000e-01 5.421822071075439453e-01
8.087158203125000000e-01 5.423071980476379395e-01
1.837158203125000000e-01 5.424321889877319336e-01
6.837158203125000000e-01 5.425571799278259277e-01
4.337158203125000000e-01 5.426821708679199219e-01
9.337158203125000000e-01 5.428071618080139160e-01
1.212158203125000000e-01 5.429321527481079102e-01
6.212158203125000000e-01 5.430571436882019043e-01
3.712158203125000000e-01 5.431820750236511230e-01
8.712158203125000000e-01 5.433070659637451172e-01
2.462158203125000000e-01 5.434320569038391113e-01
7.462158203125000000e-01 5.435570478439331055e-01
4.962158203125000000e-01 5.436820387840270996e-01
9.962158203125000000e-01 5.438070297241210938e-01
2.075195312500000000e-03 5.439320206642150879e-01
5.020751953125000000e-01 5.440570116043090820e-01
2.520751953125000000e-01 5.441820025444030762e-01
7.520751953125000000e-01 5.443069338798522949e-01
1.270751953125000000e-01 5.444319248199462891e-01
6.270751953125000000e-01 5.445569157600402832e-01
3.770751953125000000e-01 5.446819067001342773e-01
8.770751953125000000e-01 5.448068976402282715e-01
6.457519531250000000e-02 5.449318885803222656e-01
5.645751953125000000e-01 5.450568795204162598e-01
3.145751953125000000e-01 5.451818704605102539e-01
8.145751953125000000e-01 5.453068614006042480e-01
1.895751953125000000e-01 5.454317927360534668e-01
6.895751953125000000e-01 5.455567836761474609e-01
4.395751953125000000e-01 5.456817746162414551e-01
9.395751953125000000e-01 5.458067655563354492e-01
3.332519531250000000e-02 5.459317564964294434e-01
5.333251953125000000e-01 5.460567474365234375e-01
2.833251953125000000e-01 5.461817383766174316e-01
7.833251953125000000e-01 5.463067293167114258e-01
1.583251953125000000e-01 5.464317202568054199e-01
6.583251953125000000e-01 5.465566515922546387e-01
4.083251953125000000e-01 5.466816425323486328e-01
9.083251953125000000e-01 5.468066334724426270e-01
9.582519531250000000e-02 5.469316244125366211e-01
5.958251953125000000e-01 5.470566153526306152e-01
3.458251953125000000e-01 5.471816062927246094e-01
8.458251953125000000e-01 5.473065972328186035e-01
2.208251953125000000e-01 5.474315881729125977e-01
7.208251953125000000e-01 5.475565791130065918e-01
4.708251953125000000e-01 5.476815104484558105e-01
9.708251953125000000e-01 5.478065013885498047e-01
1.770019531250000000e-02 5.479314923286437988e-01
5.177001953125000000e-01 5.480564832687377930e-01
2.677001953125000000e-01 5.481814742088317871e-01
7.677001953125000000e-01 5.483064651489257812e-01
1.427001953125000000e-01 5.484314560890197754e-01
6.427001953125000000e-01 5.485564470291137695e-01
3.927001953125000000e-01 5.486814379692077637e-01
8.927001953125000000e-01 5.488064289093017578e-01
8.020019531250000000e-02 5.489313602447509766e-01
5.802001953125000000e-01 5.490563511848449707e-01
3.302001953125000000e-01 5.491813421249389648e-01
8.302001953125000000e-01 5.493063330650329590e-01
2.052001953125000000e-01 5.494313240051269531e-01
7.052001953125000000e-01 5.495563149452209473e-01
4.552001953125000000e-01 5.496813058853149414e-01
9.552001953125000000e-01 5.498062968254089355e-01
4.895019531250000000e-02 5.499312877655029297e-01
5.489501953125000000e-01 5.500562191009521484e-01
2.989501953125000000e-01 5.501812100410461426e-01
7.989501953125000000e-01 5.503062009811401367e-01
1.739501953125000000e-01 5.504311919212341309e-01
6.739501953125000000e-01 5.505561828613281250e-01
4.239501953125000000e-01 5.506811738014221191e-01
9.239501953125000000e-01 5.508061647415161133e-01
1.114501953125000000e-01 5.509311556816101074e-01
6.114501953125000000e-01 5.510561466217041016e-01
3.614501953125000000e-01 5.511810779571533203e-01
8.614501953125000000e-01 5.513060688972473145e-01
2.364501953125000000e-01 5.514310598373413086e-01
7.364501953125000000e-01 5.515560507774353027e-01
4.864501953125000000e-01 5.516810417175292969e-01
9.864501953125000000e-01 5.518060326576232910e-01
9.887695312500000000e-03 5.519310235977172852e-01
5.098876953125000000e-01 5.520560145378112793e-01
2.598876953125000000e-01 5.521810054779052734e-01
7.598876953125000000e-01 5.523059368133544922e-01
1.348876953125000000e-01 5.524309277534484863e-01
6.348876953125000000e-01 5.525559186935424805e-01
3.848876953125000000e-01 5.526809096336364746e-01
8.848876953125000000e-01 5.528059005737304688e-01
7.238769531250000000e-02 5.529308915138244629e-01
5.723876953125000000e-01 5.530558824539184570e-01
3.223876953125000000e-01 5.531808733940124512e-01
8.223876953125000000e-01 5.533058643341064453e-01
1.973876953125000000e-01 5.534307956695556641e-01
6.973876953125000000e-01 5.535557866096496582e-01
4.473876953125000000e-01 5.536807775497436523e-01
9.473876953125000000e-01 5.538057684898376465e-01
4.113769531250000000e-02 5.539307594299316406e-01
5.411376953125000000e-01 5.540557503700256348e-01
2.911376953125000000e-01 5.541807413101196289e-01
7.911376953125000000e-01 5.543057322502136230e-01
1.661376953125000000e-01 5.544307231903076172e-01
6.661376953125000000e-01 5.545556545257568359e-01
4.161376953125000000e-01 5.546806454658508301e-01
9.161376953125000000e-01 5.548056364059448242e-01
1.036376953125000000e-01 5.549306273460388184e-01
6.036376953125000000e-01 5.550556182861328125e-01
3.536376953125000000e-01 5.551806092262268066e-01
8.536376953125000000e-01 5.553056001663208008e-01
2.286376953125000000e-01 5.554305911064147949e-01
7.286376953125000000e-01 5.555555820465087891e-01
4.786376953125000000e-01 5.556805133819580078e-01
9.786376953125000000e-01 5.558055043220520020e-01
2.551269531250000000e-02 5.559304952621459961e-01
5.255126953125000000e-01 5.560554862022399902e-01
2.755126953125000000e-01 5.561804771423339844e-01
7.755126953125000000e-01 5.563054680824279785e-01
1.505126953125000000e-01 5.564304590225219727e-01
6.505126953125000000e-01 5.565554499626159668e-01
4.005126953125000000e-01 5.566804409027099609e-01
9.005126953125000000e-01 5.568053722381591797e-01
8.801269531250000000e-02 5.569303631782531738e-01
5.880126953125000000e-01 5.570553541183471680e-01
3.380126953125000000e-01 5.571803450584411621e-01
8.380126953125000000e-01 5.573053359985351562e-01
2.130126953125000000e-01 5.574303269386291504e-01
7.130126953125000000e-01 5.575553178787231445e-01
4.630126953125000000e-01 5.576803088188171387e-01
9.630126953125000000e-01 5.578052997589111328e-01
5.676269531250000000e-02 5.579302310943603516e-01
5.567626953125000000e-01 5.580552220344543457e-01
3.067626953125000000e-01 5.581802129745483398e-01
8.067626953125000000e-01 5.583052039146423340e-01
1.817626953125000000e-01 5.584301948547363281e-01
6.817626953125000000e-01 5.585551857948303223e-01
4.317626953125000000e-01 5.586801767349243164e-01
9.317626953125000000e-01 5.588051676750183105e-01
1.192626953125000000e-01 5.589301586151123047e-01
6.192626953125000000e-01 5.590550899505615234e-01
3.692626953125000000e-01 5.591800808906555176e-01
8.692626953125000000e-01 5.593050718307495117e-01
2.442626953125000000e-01 5.594300627708435059e-01
7.442626953125000000e-01 5.595550537109375000e-01
4.942626953125000000e-01 5.596800446510314941e-01
9.942626953125000000e-01 5.598050355911254883e-01
5.981445312500000000e-03 5.599300265312194824e-01
5.059814453125000000e-01 5.600550174713134766e-01
2.559814453125000000e-01 5.601799488067626953e-01
7.559814453125000000e-01 5.603049397468566895e-01
1.309814453125000000e-01 5.604299306869506836e-01
6.309814453125000000e-01 5.605549216270446777e-01
3.809814453125000000e-01 5.606799125671386719e-01
8.809814453125000000e-01 5.608049035072326660e-01
6.848144531250000000e-02 5.609298944473266602e-01
5.684814453125000000e-01 5.610548853874206543e-01
3.184814453125000000e-01 5.611798763275146484e-01
8.184814453125000000e-01 5.613048076629638672e-01
1.934814453125000000e-01 5.614297986030578613e-01
6.934814453125000000e-01 5.615547895431518555e-01
4.434814453125000000e-01 5.616797804832458496e-01
9.434814453125000000e-01 5.618047714233398438e-01
3.723144531250000000e-02 5.619297623634338379e-01
5.372314453125000000e-01 5.620547533035278320e-01
2.872314453125000000e-01 5.621797442436218262e-01
7.872314453125000000e-01 5.623047351837158203e-01
1.622314453125000000e-01 5.624296665191650391e-01
6.622314453125000000e-01 5.625546574592590332e-01
4.122314453125000000e-01 5.626796483993530273e-01
9.122314453125000000e-01 5.628046393394470215e-01
9.973144531250000000e-02 5.629296302795410156e-01
5.997314453125000000e-01 5.630546212196350098e-01
3.497314453125000000e-01 5.631796121597290039e-01
8.497314453125000000e-01 5.633046030998229980e-01
2.247314453125000000e-01 5.634295940399169922e-01
7.247314453125000000e-01 5.635545849800109863e-01
4.747314453125000000e-01 5.636795163154602051e-01
9.747314453125000000e-01 5.638045072555541992e-01
2.160644531250000000e-02 5.639294981956481934e-01
5.216064453125000000e-01 5.640544891357421875e-01
2.716064453125000000e-01 5.641794800758361816e-01
7.716064453125000000e-01 5.643044710159301758e-01
1.466064453125000000e-01 5.644294619560241699e-01
6.466064453125000000e-01 5.645544528961181641e-01
3.966064453125000000e-01 5.646794438362121582e-01
8.966064453125000000e-01 5.648043751716613770e-01
8.410644531250000000e-02 5.649293661117553711e-01
5.841064453125000000e-01 5.650543570518493652e-01
3.341064453125000000e-01 5.651793479919433594e-01
8.341064453125000000e-01 5.653043389320373535e-01
2.091064453125000000e-01 5.654293298721313477e-01
7.091064453125000000e-01 5.655543208122253418e-01
4.591064453125000000e-01 5.656793117523193359e-01
9.591064453125000000e-01 5.658043026924133301e-01
5.285644531250000000e-02 5.659292340278625488e-01
5.528564453125000000e-01 5.660542249679565430e-01
3.028564453125000000e-01 5.661792159080505371e-01
8.028564453125000000e-01 5.663042068481445312e-01
1.778564453125000000e-01 5.664291977882385254e-01
6.778564453125000000e-01 5.665541887283325195e-01
4.278564453125000000e-01 5.666791796684265137e-01
9.278564453125000000e-01 5.668041706085205078e-01
1.153564453125000000e-01 5.669291615486145020e-01
6.153564453125000000e-01 5.670540928840637207e-01
3.653564453125000000e-01 5.671790838241577148e-01
8.653564453125000000e-01 5.673040747642517090e-01
2.403564453125000000e-01 5.674290657043457031e-01
7.403564453125000000e-01 5.675540566444396973e-01
4.903564453125000000e-01 5.676790475845336914e-01
9.903564453125000000e-01 5.678040385246276855e-01
1.379394531250000000e-02 5.679290294647216797e-01
5.137939453125000000e-01 5.680540204048156738e-01
2.637939453125000000e-01 5.681789517402648926e-01
7.637939453125000000e-01 5.683039426803588867e-01
1.387939453125000000e-01 5.684289336204528809e-01
6.387939453125000000e-01 5.685539245605468750e-01
3.887939453125000000e-01 5.686789155006408691e-01
8.887939453125000000e-01 5.688039064407348633e-01
7.629394531250000000e-02 5.689288973808288574e-01
5.762939453125000000e-01 5.690538883209228516e-01
3.262939453125000000e-01 5.691788792610168457e-01
8.262939453125000000e-01 5.693038105964660645e-01
2.012939453125000000e-01 5.694288015365600586e-01
7.012939453125000000e-01 5.695537924766540527e-01
4.512939453125000000e-01 5.696787834167480469e-01
9.512939453125000000e-01 5.698037743568420410e-01
4.504394531250000000e-02 5.699287652969360352e-01
5.450439453125000000e-01 5.700537562370300293e-01
2.950439453125000000e-01 5.701787471771240234e-01
7.950439453125000000e-01 5.703037381172180176e-01
1.700439453125000000e-01 5.704286694526672363e-01
6.700439453125000000e-01 5.705536603927612305e-01
4.200439453125000000e-01 5.706786513328552246e-01
9.200439453125000000e-01 5.708036422729492188e-01
1.075439453125000000e-01 5.709286332130432129e-01
6.075439453125000000e-01 5.710536241531372070e-01
3.575439453125000000e-01 5.711786150932312012e-01
8.575439453125000000e-01 5.713036060333251953e-01
2.325439453125000000e-01 5.714285969734191895e-01
7.325439453125000000e-01 5.715535283088684082e-01
4.825439453125000000e-01 5.716785192489624023e-01
9.825439453125000000e-01 5.718035101890563965e-01
2.941894531250000000e-02 5.719285011291503906e-01
5.294189453125000000e-01 5.720534920692443848e-01
2.794189453125000000e-01 5.721784830093383789e-01
7.794189453125000000e-01 5.723034739494323730e-01
1.544189453125000000e-01 5.724284648895263672e-01
6.544189453125000000e-01 5.725534558296203613e-01
4.044189453125000000e-01 5.726783871650695801e-01
9.044189453125000000e-01 5.728033781051635742e-01
9.191894531250000000e-02 5.729283690452575684e-01
5.919189453125000000e-01 5.730533599853515625e-01
3.419189453125000000e-01 5.731783509254455566e-01
8.419189453125000000e-01 5.733033418655395508e-01
2.169189453125000000e-01 5.734283328056335449e-01
7.169189453125000000e-01 5.735533237457275391e-01
4.669189453125000000e-01 5.736783146858215332e-01
9.669189453125000000e-01 5.738032460212707520e-01
6.066894531250000000e-02 5.739282369613647461e-01
5.606689453125000000e-01 5.740532279014587402e-01
3.106689453125000000e-01 5.741782188415527344e-01
8.106689453125000000e-01 5.743032097816467285e-01
1.856689453125000000e-01 5.744282007217407227e-01
6.856689453125000000e-01 5.745531916618347168e-01
4.356689453125000000e-01 5.746781826019287109e-01
9.356689453125000000e-01 5.748031735420227051e-01
1.231689453125000000e-01 5.749281048774719238e-01
6.231689453125000000e-01 5.750530958175659180e-01
3.731689453125000000e-01 5.751780867576599121e-01
8.731689453125000000e-01 5.753030776977539062e-01
2.481689453125000000e-01 5.754280686378479004e-01
7.481689453125000000e-01 5.755530595779418945e-01
4.981689453125000000e-01 5.756780505180358887e-01
9.981689453125000000e-01 5.758030414581298828e-01
1.098632812500000000e-03 5.759280323982238770e-01
5.010986328125000000e-01 5.760529637336730957e-01
2.510986328125000000e-01 5.761779546737670898e-01
7.510986328125000000e-01 5.763029456138610840e-01
1.260986328125000000e-01 5.764279365539550781e-01
6.260986328125000000e-01 5.765529274940490723e-01
3.760986328125000000e-01 5.766779184341430664e-01
8.760986328125000000e-01 5.768029093742370605e-01
6.359863281250000000e-02 5.769279003143310547e-01
5.635986328125000000e-01 5.770528912544250488e-01
3.135986328125000000e-01 5.771778821945190430e-01
8.135986328125000000e-01 5.773028135299682617e-01
1.885986328125000000e-01 5.774278044700622559e-01
6.885986328125000000e-01 5.775527954101562500e-01
4.385986328125000000e-01 5.776777863502502441e-01
9.385986328125000000e-01 5.778027772903442383e-01
3.234863281250000000e-02 5.779277682304382324e-01
5.323486328125000000e-01 5.780527591705322266e-01
2.823486328125000000e-01 5.781777501106262207e-01
7.823486328125000000e-01 5.783027410507202148e-01
1.573486328125000000e-01 5.784276723861694336e-01
6.573486328125000000e-01 5.785526633262634277e-01
4.073486328125000000e-01 5.786776542663574219e-01
9.073486328125000000e-01 5.788026452064514160e-01
9.484863281250000000e-02 5.789276361465454102e-01
5.948486328125000000e-01 5.790526270866394043e-01
3.448486328125000000e-01 5.791776180267333984e-01
8.448486328125000000e-01 5.793026089668273926e-01
2.198486328125000000e-01 5.794275999069213867e-01
7.198486328125000000e-01 5.795525312423706055e-01
4.698486328125000000e-01 5.796775221824645996e-01
9.698486328125000000e-01 5.798025131225585938e-01
1.672363281250000000e-02 5.799275040626525879e-01
5.167236328125000000e-01 5.800524950027465820e-01
2.667236328125000000e-01 5.801774859428405762e-01
7.667236328125000000e-01 5.803024768829345703e-01
1.417236328125000000e-01 5.804274678230285645e-01
6.417236328125000000e-01 5.805524587631225586e-01
3.917236328125000000e-01 5.806773900985717773e-01
8.917236328125000000e-01 5.808023810386657715e-01
7.922363281250000000e-02 5.809273719787597656e-01
5.792236328125000000e-01 5.810523629188537598e-01
3.292236328125000000e-01 5.811773538589477539e-01
8.292236328125000000e-01 5.813023447990417480e-01
2.042236328125000000e-01 5.814273357391357422e-01
7.042236328125000000e-01 5.815523266792297363e-01
4.542236328125000000e-01 5.816773176193237305e-01
9.542236328125000000e-01 5.818022489547729492e-01
4.797363281250000000e-02 5.819272398948669434e-01
5.479736328125000000e-01 5.820522308349609375e-01
2.979736328125000000e-01 5.821772217750549316e-01
7.979736328125000000e-01 5.823022127151489258e-01
1.729736328125000000e-01 5.824272036552429199e-01
6.729736328125000000e-01 5.825521945953369141e-01
4.229736328125000000e-01 5.826771855354309082e-01
9.229736328125000000e-01 5.828021764755249023e-01
1.104736328125000000e-01 5.829271078109741211e-01
6.104736328125000000e-01 5.830520987510681152e-01
3.604736328125000000e-01 5.831770896911621094e-01
8.604736328125000000e-01 5.833020806312561035e-01
2.354736328125000000e-01 5.834270715713500977e-01
7.354736328125000000e-01 5.835520625114440918e-01
4.854736328125000000e-01 5.836770534515380859e-01
9.854736328125000000e-01 5.838020443916320801e-01
8.911132812500000000e-03 5.839270353317260742e-01
5.089111328125000000e-01 5.840519666671752930e-01
2.589111328125000000e-01 5.841769576072692871e-01
7.589111328125000000e-01 5.843019485473632812e-01
1.339111328125000000e-01 5.844269394874572754e-01
6.339111328125000000e-01 5.845519304275512695e-01
3.839111328125000000e-01 5.846769213676452637e-01
8.839111328125000000e-01 5.848019123077392578e-01
7.141113281250000000e-02 5.849269032478332520e-01
5.714111328125000000e-01 5.850518941879272461e-01
3.214111328125000000e-01 5.851768255233764648e-01
8.214111328125000000e-01 5.853018164634704590e-01
1.964111328125000000e-01 5.854268074035644531e-01
6.964111328125000000e-01 5.855517983436584473e-01
4.464111328125000000e-01 5.856767892837524414e-01
9.464111328125000000e-01 5.858017802238464355e-01
4.016113281250000000e-02 5.859267711639404297e-01
5.401611328125000000e-01 5.860517621040344238e-01
2.901611328125000000e-01 5.861767530441284180e-01
7.901611328125000000e-01 5.863016843795776367e-01
1.651611328125000000e-01 5.864266753196716309e-01
6.651611328125000000e-01 5.865516662597656250e-01
4.151611328125000000e-01 5.866766571998596191e-01
9.151611328125000000e-01 5.868016481399536133e-01
1.026611328125000000e-01 5.869266390800476074e-01
6.026611328125000000e-01 5.870516300201416016e-01
3.526611328125000000e-01 5.871766209602355957e-01
8.526611328125000000e-01 5.873016119003295898e-01
2.276611328125000000e-01 5.874265432357788086e-01
7.276611328125000000e-01 5.875515341758728027e-01
4.776611328125000000e-01 5.876765251159667969e-01
9.776611328125000000e-01 5.878015160560607910e-01
2.453613281250000000e-02 5.879265069961547852e-01
5.245361328125000000e-01 5.880514979362487793e-01
2.745361328125000000e-01 5.881764888763427734e-01
7.745361328125000000e-01 5.883014798164367676e-01
1.495361328125000000e-01 5.884264707565307617e-01
6.495361328125000000e-01 5.885514020919799805e-01
3.995361328125000000e-01 5.886763930320739746e-01
8.995361328125000000e-01 5.888013839721679688e-01
8.703613281250000000e-02 5.889263749122619629e-01
5.870361328125000000e-01 5.890513658523559570e-01
3.370361328125000000e-01 5.891763567924499512e-01
8.370361328125000000e-01 5.893013477325439453e-01
2.120361328125000000e-01 5.894263386726379395e-01
7.120361328125000000e-01 5.895513296127319336e-01
4.620361328125000000e-01 5.896762609481811523e-01
9.620361328125000000e-01 5.898012518882751465e-01
5.578613281250000000e-02 5.899262428283691406e-01
5.557861328125000000e-01 5.900512337684631348e-01
3.057861328125000000e-01 5.901762247085571289e-01
8.057861328125000000e-01 5.903012156486511230e-01
1.807861328125000000e-01 5.904262065887451172e-01
6.807861328125000000e-01 5.905511975288391113e-01
4.307861328125000000e-01 5.906761884689331055e-01
9.307861328125000000e-01 5.908011794090270996e-01
1.182861328125000000e-01 5.909261107444763184e-01
6.182861328125000000e-01 5.910511016845703125e-01
3.682861328125000000e-01 5.911760926246643066e-01
8.682861328125000000e-01 5.913010835647583008e-01
2.432861328125000000e-01 5.914260745048522949e-01
7.432861328125000000e-01 5.915510654449462891e-01
4.932861328125000000e-01 5.916760563850402832e-01
9.932861328125000000e-01 5.918010473251342773e-01
5.004882812500000000e-03 5.919260382652282715e-01
5.050048828125000000e-01 5.920509696006774902e-01
2.550048828125000000e-01 5.921759605407714844e-01
7.550048828125000000e-01 5.923009514808654785e-01
1.300048828125000000e-01 5.924259424209594727e-01
6.300048828125000000e-01 5.925509333610534668e-01
3.800048828125000000e-01 5.926759243011474609e-01
8.800048828125000000e-01 5.928009152412414551e-01
6.750488281250000000e-02 5.929259061813354492e-01
5.675048828125000000e-01 5.930508971214294434e-01
3.175048828125000000e-01 5.931758284568786621e-01
8.175048828125000000e-01 5.933008193969726562e-01
1.925048828125000000e-01 5.934258103370666504e-01
6.925048828125000000e-01 5.935508012771606445e-01
4.425048828125000000e-01 5.936757922172546387e-01
9.425048828125000000e-01 5.938007831573486328e-01
3.625488281250000000e-02 5.939257740974426270e-01
5.362548828125000000e-01 5.940507650375366211e-01
2.862548828125000000e-01 5.941757559776306152e-01
7.862548828125000000e-01 5.943006873130798340e-01
1.612548828125000000e-01 5.944256782531738281e-01
6.612548828125000000e-01 5.945506691932678223e-01
4.112548828125000000e-01 5.946756601333618164e-01
9.112548828125000000e-01 5.948006510734558105e-01
9.875488281250000000e-02 5.949256420135498047e-01
5.987548828125000000e-01 5.950506329536437988e-01
3.487548828125000000e-01 5.951756238937377930e-01
8.487548828125000000e-01 5.953006148338317871e-01
2.237548828125000000e-01 5.954255461692810059e-01
7.237548828125000000e-01 5.955505371093750000e-01
4.737548828125000000e-01 5.956755280494689941e-01
9.737548828125000000e-01 5.958005189895629883e-01
2.062988281250000000e-02 5.959255099296569824e-01
5.206298828125000000e-01 5.960505008697509766e-01
2.706298828125000000e-01 5.961754918098449707e-01
7.706298828125000000e-01 5.963004827499389648e-01
1.456298828125000000e-01 5.964254736900329590e-01
6.456298828125000000e-01 5.965504050254821777e-01
3.956298828125000000e-01 5.966753959655761719e-01
8.956298828125000000e-01 5.968003869056701660e-01
8.312988281250000000e-02 5.969253778457641602e-01
5.831298828125000000e-01 5.970503687858581543e-01
3.331298828125000000e-01 5.971753597259521484e-01
8.331298828125000000e-01 5.973003506660461426e-01
2.081298828125000000e-01 5.974253416061401367e-01
7.081298828125000000e-01 5.975503325462341309e-01
4.581298828125000000e-01 5.976752638816833496e-01
9.581298828125000000e-01 5.978002548217773438e-01
5.187988281250000000e-02 5.979252457618713379e-01
5.518798828125000000e-01 5.980502367019653320e-01
3.018798828125000000e-01 5.981752276420593262e-01
8.018798828125000000e-01 5.983002185821533203e-01
1.768798828125000000e-01 5.984252095222473145e-01
6.768798828125000000e-01 5.985502004623413086e-01
4.268798828125000000e-01 5.986751914024353027e-01
9.268798828125000000e-01 5.988001227378845215e-01
1.143798828125000000e-01 5.989251136779785156e-01
6.143798828125000000e-01 5.990501046180725098e-01
3.643798828125000000e-01 5.991750955581665039e-01
8.643798828125000000e-01 5.993000864982604980e-01
2.393798828125000000e-01 5.994250774383544922e-01
7.393798828125000000e-01 5.995500683784484863e-01
4.893798828125000000e-01 5.996750593185424805e-01
9.893798828125000000e-01 5.998000502586364746e-01
1.281738281250000000e-02 5.999249815940856934e-01
5.128173828125000000e-01 6.000499725341796875e-01
2.628173828125000000e-01 6.001749634742736816e-01
7.628173828125000000e-01 6.002999544143676758e-01
1.378173828125000000e-01 6.004249453544616699e-01
6.378173828125000000e-01 6.005499362945556641e-01
3.878173828125000000e-01 6.006749272346496582e-01
8.878173828125000000e-01 6.007999181747436523e-01
7.531738281250000000e-02 6.009249091148376465e-01
5.753173828125000000e-01 6.010498404502868652e-01
3.253173828125000000e-01 6.011748313903808594e-01
8.253173828125000000e-01 6.012998223304748535e-01
2.003173828125000000e-01 6.014248132705688477e-01
7.003173828125000000e-01 6.015498042106628418e-01
4.503173828125000000e-01 6.016747951507568359e-01
9.503173828125000000e-01 6.017997860908508301e-01
4.406738281250000000e-02 6.019247770309448242e-01
5.440673828125000000e-01 6.020497679710388184e-01
2.940673828125000000e-01 6.021746993064880371e-01
7.940673828125000000e-01 6.022996902465820312e-01
1.690673828125000000e-01 6.024246811866760254e-01
6.690673828125000000e-01 6.025496721267700195e-01
4.190673828125000000e-01 6.026746630668640137e-01
9.190673828125000000e-01 6.027996540069580078e-01
1.065673828125000000e-01 6.029246449470520020e-01
6.065673828125000000e-01 6.030496358871459961e-01
3.565673828125000000e-01 6.031746268272399902e-01
8.565673828125000000e-01 6.032995581626892090e-01
2.315673828125000000e-01 6.034245491027832031e-01
7.315673828125000000e-01 6.035495400428771973e-01
4.815673828125000000e-01 6.036745309829711914e-01
9.815673828125000000e-01 6.037995219230651855e-01
2.844238281250000000e-02 6.039245128631591797e-01
5.284423828125000000e-01 6.040495038032531738e-01
2.784423828125000000e-01 6.041744947433471680e-01
7.784423828125000000e-01 6.042994856834411621e-01
1.534423828125000000e-01 6.044244766235351562e-01
6.534423828125000000e-01 6.045494079589843750e-01
4.034423828125000000e-01 6.046743988990783691e-01
9.034423828125000000e-01 6.047993898391723633e-01
9.094238281250000000e-02 6.049243807792663574e-01
5.909423828125000000e-01 6.050493717193603516e-01
3.409423828125000000e-01 6.051743626594543457e-01
8.409423828125000000e-01 6.052993535995483398e-01
2.159423828125000000e-01 6.054243445396423340e-01
7.159423828125000000e-01 6.055493354797363281e-01
4.659423828125000000e-01 6.056742668151855469e-01
9.659423828125000000e-01 6.057992577552795410e-01
5.969238281250000000e-02 6.059242486953735352e-01
5.596923828125000000e-01 6.060492396354675293e-01
3.096923828125000000e-01 6.061742305755615234e-01
8.096923828125000000e-01 6.062992215156555176e-01
1.846923828125000000e-01 6.064242124557495117e-01
6.846923828125000000e-01 6.065492033958435059e-01
4.346923828125000000e-01 6.066741943359375000e-01
9.346923828125000000e-01 6.067991256713867188e-01
1.221923828125000000e-01 6.069241166114807129e-01
6.221923828125000000e-01 6.070491075515747070e-01
3.721923828125000000e-01 6.071740984916687012e-01
8.721923828125000000e-01 6.072990894317626953e-01
2.471923828125000000e-01 6.074240803718566895e-01
7.471923828125000000e-01 6.075490713119506836e-01
4.971923828125000000e-01 6.076740622520446777e-01
9.971923828125000000e-01 6.077990531921386719e-01
3.051757812500000000e-03 6.079239845275878906e-01
5.030517578125000000e-01 6.080489754676818848e-01
2.530517578125000000e-01 6.081739664077758789e-01
7.530517578125000000e-01 6.082989573478698730e-01
1.280517578125000000e-01 6.084239482879638672e-01
6.280517578125000000e-01 6.085489392280578613e-01
3.780517578125000000e-01 6.086739301681518555e-01
8.780517578125000000e-01 6.087989211082458496e-01
6.555175781250000000e-02 6.089239120483398438e-01
5.655517578125000000e-01 6.090488433837890625e-01
3.155517578125000000e-01 6.091738343238830566e-01
8.155517578125000000e-01 6.092988252639770508e-01
1.905517578125000000e-01 6.094238162040710449e-01
6.905517578125000000e-01 6.095488071441650391e-01
4.405517578125000000e-01 6.096737980842590332e-01
9.405517578125000000e-01 6.097987890243530273e-01
3.430175781250000000e-02 6.099237799644470215e-01
5.343017578125000000e-01 6.100487709045410156e-01
2.843017578125000000e-01 6.101737022399902344e-01
7.843017578125000000e-01 6.102986931800842285e-01
1.593017578125000000e-01 6.104236841201782227e-01
6.593017578125000000e-01 6.105486750602722168e-01
4.093017578125000000e-01 6.106736660003662109e-01
9.093017578125000000e-01 6.107986569404602051e-01
9.680175781250000000e-02 6.109236478805541992e-01
5.968017578125000000e-01 6.110486388206481934e-01
3.468017578125000000e-01 6.111736297607421875e-01
8.468017578125000000e-01 6.112985610961914062e-01
2.218017578125000000e-01 6.114235520362854004e-01
7.218017578125000000e-01 6.115485429763793945e-01
4.718017578125000000e-01 6.116735339164733887e-01
9.718017578125000000e-01 6.117985248565673828e-01
1.867675781250000000e-02 6.119235157966613770e-01
5.186767578125000000e-01 6.120485067367553711e-01
2.686767578125000000e-01 6.121734976768493652e-01
7.686767578125000000e-01 6.122984886169433594e-01
1.436767578125000000e-01 6.124234199523925781e-01
6.436767578125000000e-01 6.125484108924865723e-01
3.936767578125000000e-01 6.126734018325805664e-01
8.936767578125000000e-01 6.127983927726745605e-01
8.117675781250000000e-02 6.129233837127685547e-01
5.811767578125000000e-01 6.130483746528625488e-01
3.311767578125000000e-01 6.131733655929565430e-01
8.311767578125000000e-01 6.132983565330505371e-01
2.061767578125000000e-01 6.134233474731445312e-01
7.061767578125000000e-01 6.135482788085937500e-01
4.561767578125000000e-01 6.136732697486877441e-01
9.561767578125000000e-01 6.137982606887817383e-01
4.992675781250000000e-02 6.139232516288757324e-01
5.499267578125000000e-01 6.140482425689697266e-01
2.999267578125000000e-01 6.141732335090637207e-01
7.999267578125000000e-01 6.142982244491577148e-01
1.749267578125000000e-01 6.144232153892517090e-01
6.749267578125000000e-01 6.145482063293457031e-01
4.249267578125000000e-01 6.146731376647949219e-01
9.249267578125000000e-01 6.147981286048889160e-01
1.124267578125000000e-01 6.149231195449829102e-01
6.124267578125000000e-01 6.150481104850769043e-01
3.624267578125000000e-01 6.151731014251708984e-01
8.624267578125000000e-01 6.152980923652648926e-01
2.374267578125000000e-01 6.154230833053588867e-01
7.374267578125000000e-01 6.155480742454528809e-01
4.874267578125000000e-01 6.156730651855468750e-01
9.874267578125000000e-01 6.157979965209960938e-01
1.086425781250000000e-02 6.159229874610900879e-01
5.108642578125000000e-01 6.160479784011840820e-01
2.608642578125000000e-01 6.161729693412780762e-01
7.608642578125000000e-01 6.162979602813720703e-01
1.358642578125000000e-01 6.164229512214660645e-01
6.358642578125000000e-01 6.165479421615600586e-01
3.858642578125000000e-01 6.166729331016540527e-01
8.858642578125000000e-01 6.167979240417480469e-01
7.336425781250000000e-02 6.169228553771972656e-01
5.733642578125000000e-01 6.170478463172912598e-01
3.233642578125000000e-01 6.171728372573852539e-01
8.233642578125000000e-01 6.172978281974792480e-01
1.983642578125000000e-01 6.174228191375732422e-01
6.983642578125000000e-01 6.175478100776672363e-01
4.483642578125000000e-01 6.176728010177612305e-01
9.483642578125000000e-01 6.177977919578552246e-01
4.211425781250000000e-02 6.179227828979492188e-01
5.421142578125000000e-01 6.180477142333984375e-01
2.921142578125000000e-01 6.181727051734924316e-01
7.921142578125000000e-01 6.182976961135864258e-01
1.671142578125000000e-01 6.184226870536804199e-01
6.671142578125000000e-01 6.185476779937744141e-01
4.171142578125000000e-01 6.186726689338684082e-01
9.171142578125000000e-01 6.187976598739624023e-01
1.046142578125000000e-01 6.189226508140563965e-01
6.046142578125000000e-01 6.190476417541503906e-01
3.546142578125000000e-01 6.191726326942443848e-01
8.546142578125000000e-01 6.192975640296936035e-01
2.296142578125000000e-01 6.194225549697875977e-01
7.296142578125000000e-01 6.195475459098815918e-01
4.796142578125000000e-01 6.196725368499755859e-01
9.796142578125000000e-01 6.197975277900695801e-01
2.648925781250000000e-02 6.199225187301635742e-01
5.264892578125000000e-01 6.200475096702575684e-01
2.764892578125000000e-01 6.201725006103515625e-01
7.764892578125000000e-01 6.202974915504455566e-01
1.514892578125000000e-01 6.204224228858947754e-01
6.514892578125000000e-01 6.205474138259887695e-01
4.014892578125000000e-01 6.206724047660827637e-01
9.014892578125000000e-01 6.207973957061767578e-01
8.898925781250000000e-02 6.209223866462707520e-01
5.889892578125000000e-01 6.210473775863647461e-01
3.389892578125000000e-01 6.211723685264587402e-01
8.389892578125000000e-01 6.212973594665527344e-01
2.139892578125000000e-01 6.214223504066467285e-01
7.139892578125000000e-01 6.215472817420959473e-01
4.639892578125000000e-01 6.216722726821899414e-01
9.639892578125000000e-01 6.217972636222839355e-01
5.773925781250000000e-02 6.219222545623779297e-01
5.577392578125000000e-01 6.220472455024719238e-01
3.077392578125000000e-01 6.221722364425659180e-01
8.077392578125000000e-01 6.222972273826599121e-01
1.827392578125000000e-01 6.224222183227539062e-01
6.827392578125000000e-01 6.225472092628479004e-01
4.327392578125000000e-01 6.226721405982971191e-01
9.327392578125000000e-01 6.227971315383911133e-01
1.202392578125000000e-01 6.229221224784851074e-01
6.202392578125000000e-01 6.230471134185791016e-01
3.702392578125000000e-01 6.231721043586730957e-01
8.702392578125000000e-01 6.232970952987670898e-01
2.452392578125000000e-01 6.234220862388610840e-01
7.452392578125000000e-01 6.235470771789550781e-01
4.952392578125000000e-01 6.236720681190490723e-01
9.952392578125000000e-01 6.237969994544982910e-01
6.958007812500000000e-03 6.239219903945922852e-01
5.069580078125000000e-01 6.240469813346862793e-01
2.569580078125000000e-01 6.241719722747802734e-01
7.569580078125000000e-01 6.242969632148742676e-01
1.319580078125000000e-01 6.244219541549682617e-01
6.319580078125000000e-01 6.245469450950622559e-01
3.819580078125000000e-01 6.246719360351562500e-01
8.819580078125000000e-01 6.247969269752502441e-01
6.945800781250000000e-02 6.249218583106994629e-01
5.694580078125000000e-01 6.250468492507934570e-01
3.194580078125000000e-01 6.251718401908874512e-01
8.194580078125000000e-01 6.252968311309814453e-01
1.944580078125000000e-01 6.254218220710754395e-01
6.944580078125000000e-01 6.255468130111694336e-01
4.444580078125000000e-01 6.256718039512634277e-01
9.444580078125000000e-01 6.257967948913574219e-01
3.820800781250000000e-02 6.259217858314514160e-01
5.382080078125000000e-01 6.260467171669006348e-01
2.882080078125000000e-01 6.261717081069946289e-01
7.882080078125000000e-01 6.262966990470886230e-01
1.632080078125000000e-01 6.264216899871826172e-01
6.632080078125000000e-01 6.265466809272766113e-01
4.132080078125000000e-01 6.266716718673706055e-01
9.132080078125000000e-01 6.267966628074645996e-01
1.007080078125000000e-01 6.269216537475585938e-01
6.007080078125000000e-01 6.270466446876525879e-01
3.507080078125000000e-01 6.271715760231018066e-01
8.507080078125000000e-01 6.272965669631958008e-01
2.257080078125000000e-01 6.274215579032897949e-01
7.257080078125000000e-01 6.275465488433837891e-01
4.757080078125000000e-01 6.276715397834777832e-01
9.757080078125000000e-01 6.277965307235717773e-01
2.258300781250000000e-02 6.279215216636657715e-01
5.225830078125000000e-01 6.280465126037597656e-01
2.725830078125000000e-01 6.281715035438537598e-01
7.725830078125000000e-01 6.282964348793029785e-01
1.475830078125000000e-01 6.284214258193969727e-01
6.475830078125000000e-01 6.285464167594909668e-01
3.975830078125000000e-01 6.286714076995849609e-01
8.975830078125000000e-01 6.287963986396789551e-01
8.508300781250000000e-02 6.289213895797729492e-01
5.850830078125000000e-01 6.290463805198669434e-01
3.350830078125000000e-01 6.291713714599609375e-01
8.350830078125000000e-01 6.292963624000549316e-01
2.100830078125000000e-01 6.294212937355041504e-01
7.100830078125000000e-01 6.295462846755981445e-01
4.600830078125000000e-01 6.296712756156921387e-01
9.600830078125000000e-01 6.297962665557861328e-01
5.383300781250000000e-02 6.299212574958801270e-01
5.538330078125000000e-01 6.300462484359741211e-01
3.038330078125000000e-01 6.301712393760681152e-01
8.038330078125000000e-01 6.302962303161621094e-01
1.788330078125000000e-01 6.304212212562561035e-01
6.788330078125000000e-01 6.305461525917053223e-01
4.288330078125000000e-01 6.306711435317993164e-01
9.288330078125000000e-01 6.307961344718933105e-01
1.163330078125000000e-01 6.309211254119873047e-01
6.163330078125000000e-01 6.310461163520812988e-01
3.663330078125000000e-01 6.311711072921752930e-01
8.663330078125000000e-01 6.312960982322692871e-01
2.413330078125000000e-01 6.314210891723632812e-01
7.413330078125000000e-01 6.315460801124572754e-01
4.913330078125000000e-01 6.316710114479064941e-01
9.913330078125000000e-01 6.317960023880004883e-01
1.477050781250000000e-02 6.319209933280944824e-01
5.147705078125000000e-01 6.320459842681884766e-01
2.647705078125000000e-01 6.321709752082824707e-01
7.647705078125000000e-01 6.322959661483764648e-01
1.397705078125000000e-01 6.324209570884704590e-01
6.397705078125000000e-01 6.325459480285644531e-01
3.897705078125000000e-01 6.326709389686584473e-01
8.897705078125000000e-01 6.327959299087524414e-01
7.727050781250000000e-02 6.329208612442016602e-01
5.772705078125000000e-01 6.330458521842956543e-01
3.272705078125000000e-01 6.331708431243896484e-01
8.272705078125000000e-01 6.332958340644836426e-01
2.022705078125000000e-01 6.334208250045776367e-01
7.022705078125000000e-01 6.335458159446716309e-01
4.522705078125000000e-01 6.336708068847656250e-01
9.522705078125000000e-01 6.337957978248596191e-01
4.602050781250000000e-02 6.339207887649536133e-01
5.460205078125000000e-01 6.340457201004028320e-01
2.960205078125000000e-01 6.341707110404968262e-01
7.960205078125000000e-01 6.342957019805908203e-01
1.710205078125000000e-01 6.344206929206848145e-01
6.710205078125000000e-01 6.345456838607788086e-01
4.210205078125000000e-01 6.346706748008728027e-01
9.210205078125000000e-01 6.347956657409667969e-01
1.085205078125000000e-01 6.349206566810607910e-01
6.085205078125000000e-01 6.350456476211547852e-01
3.585205078125000000e-01 6.351705789566040039e-01
8.585205078125000000e-01 6.352955698966979980e-01
2.335205078125000000e-01 6.354205608367919922e-01
7.335205078125000000e-01 6.355455517768859863e-01
4.835205078125000000e-01 6.356705427169799805e-01
9.835205078125000000e-01 6.357955336570739746e-01
3.039550781250000000e-02 6.359205245971679688e-01
5.303955078125000000e-01 6.360455155372619629e-01
2.803955078125000000e-01 6.361705064773559570e-01
7.803955078125000000e-01 6.362954378128051758e-01
1.553955078125000000e-01 6.364204287528991699e-01
6.553955078125000000e-01 6.365454196929931641e-01
4.053955078125000000e-01 6.366704106330871582e-01
9.053955078125000000e-01 6.367954015731811523e-01
9.289550781250000000e-02 6.369203925132751465e-01
5.928955078125000000e-01 6.370453834533691406e-01
3.428955078125000000e-01 6.371703743934631348e-01
8.428955078125000000e-01 6.372953653335571289e-01
2.178955078125000000e-01 6.374202966690063477e-01
7.178955078125000000e-01 6.375452876091003418e-01
4.678955078125000000e-01 6.376702785491943359e-01
9.678955078125000000e-01 6.377952694892883301e-01
6.164550781250000000e-02 6.379202604293823242e-01
5.616455078125000000e-01 6.380452513694763184e-01
3.116455078125000000e-01 6.381702423095703125e-01
8.116455078125000000e-01 6.382952332496643066e-01
1.866455078125000000e-01 6.384202241897583008e-01
6.866455078125000000e-01 6.385451555252075195e-01
4.366455078125000000e-01 6.386701464653015137e-01
9.366455078125000000e-01 6.387951374053955078e-01
1.241455078125000000e-01 6.389201283454895020e-01
6.241455078125000000e-01 6.390451192855834961e-01
3.741455078125000000e-01 6.391701102256774902e-01
8.741455078125000000e-01 6.392951011657714844e-01
2.491455078125000000e-01 6.394200921058654785e-01
7.491455078125000000e-01 6.395450830459594727e-01
4.991455078125000000e-01 6.396700143814086914e-01
9.991455078125000000e-01 6.397950053215026855e-01
6.103515625000000000e-04 6.399199962615966797e-01
5.006103515625000000e-01 6.400449872016906738e-01
2.506103515625000000e-01 6.401699781417846680e-01
7.506103515625000000e-01 6.402949690818786621e-01
1.256103515625000000e-01 6.404199600219726562e-01
6.256103515625000000e-01 6.405449509620666504e-01
3.756103515625000000e-01 6.406699419021606445e-01
8.756103515625000000e-01 6.407948732376098633e-01
6.311035156250000000e-02 6.409198641777038574e-01
5.631103515625000000e-01 6.410448551177978516e-01
3.131103515625000000e-01 6.411698460578918457e-01
8.131103515625000000e-01 6.412948369979858398e-01
1.881103515625000000e-01 6.414198279380798340e-01
6.881103515625000000e-01 6.415448188781738281e-01
4.381103515625000000e-01 6.416698098182678223e-01
9.381103515625000000e-01 6.417948007583618164e-01
3.186035156250000000e-02 6.419197320938110352e-01
5.318603515625000000e-01 6.420447230339050293e-01
2.818603515625000000e-01 6.421697139739990234e-01
7.818603515625000000e-01 6.422947049140930176e-01
1.568603515625000000e-01 6.424196958541870117e-01
6.568603515625000000e-01 6.425446867942810059e-01
4.068603515625000000e-01 6.426696777343750000e-01
9.068603515625000000e-01 6.427946686744689941e-01
9.436035156250000000e-02 6.429196596145629883e-01
5.943603515625000000e-01 6.430445909500122070e-01
3.443603515625000000e-01 6.431695818901062012e-01
8.443603515625000000e-01 6.432945728302001953e-01
2.193603515625000000e-01 6.434195637702941895e-01
7.193603515625000000e-01 6.435445547103881836e-01
4.693603515625000000e-01 6.436695456504821777e-01
9.693603515625000000e-01 6.437945365905761719e-01
1.623535156250000000e-02 6.439195275306701660e-01
5.162353515625000000e-01 6.440445184707641602e-01
2.662353515625000000e-01 6.441694498062133789e-01
7.662353515625000000e-01 6.442944407463073730e-01
1.412353515625000000e-01 6.444194316864013672e-01
6.412353515625000000e-01 6.445444226264953613e-01
3.912353515625000000e-01 6.446694135665893555e-01
8.912353515625000000e-01 6.447944045066833496e-01
7.873535156250000000e-02 6.449193954467773438e-01
5.787353515625000000e-01 6.450443863868713379e-01
3.287353515625000000e-01 6.451693773269653320e-01
8.287353515625000000e-01 6.452943086624145508e-01
2.037353515625000000e-01 6.454192996025085449e-01
7.037353515625000000e-01 6.455442905426025391e-01
4.537353515625000000e-01 6.456692814826965332e-01
9.537353515625000000e-01 6.457942724227905273e-01
4.748535156250000000e-02 6.459192633628845215e-01
5.474853515625000000e-01 6.460442543029785156e-01
2.974853515625000000e-01 6.461692452430725098e-01
7.974853515625000000e-01 6.462942361831665039e-01
1.724853515625000000e-01 6.464192271232604980e-01
6.724853515625000000e-01 6.465441584587097168e-01
4.224853515625000000e-01 6.466691493988037109e-01
9.224853515625000000e-01 6.467941403388977051e-01
1.099853515625000000e-01 6.469191312789916992e-01
6.099853515625000000e-01 6.470441222190856934e-01
3.599853515625000000e-01 6.471691131591796875e-01
8.599853515625000000e-01 6.472941040992736816e-01
2.349853515625000000e-01 6.474190950393676758e-01
7.349853515625000000e-01 6.475440859794616699e-01
4.849853515625000000e-01 6.476690173149108887e-01
9.849853515625000000e-01 6.477940082550048828e-01
8.422851562500000000e-03 6.479189991950988770e-01
5.084228515625000000e-01 6.480439901351928711e-01
2.584228515625000000e-01 6.481689810752868652e-01
7.584228515625000000e-01 6.482939720153808594e-01
1.334228515625000000e-01 6.484189629554748535e-01
6.334228515625000000e-01 6.485439538955688477e-01
3.834228515625000000e-01 6.486689448356628418e-01
8.834228515625000000e-01 6.487938761711120605e-01
7.092285156250000000e-02 6.489188671112060547e-01
5.709228515625000000e-01 6.490438580513000488e-01
3.209228515625000000e-01 6.491688489913940430e-01
8.209228515625000000e-01 6.492938399314880371e-01
1.959228515625000000e-01 6.494188308715820312e-01
6.959228515625000000e-01 6.495438218116760254e-01
4.459228515625000000e-01 6.496688127517700195e-01
9.459228515625000000e-01 6.497938036918640137e-01
3.967285156250000000e-02 6.499187350273132324e-01
5.396728515625000000e-01 6.500437259674072266e-01
2.896728515625000000e-01 6.501687169075012207e-01
7.896728515625000000e-01 6.502937078475952148e-01
1.646728515625000000e-01 6.504186987876892090e-01
6.646728515625000000e-01 6.505436897277832031e-01
4.146728515625000000e-01 6.506686806678771973e-01
9.146728515625000000e-01 6.507936716079711914e-01
1.021728515625000000e-01 6.509186625480651855e-01
6.021728515625000000e-01 6.510435938835144043e-01
3.521728515625000000e-01 6.511685848236083984e-01
8.521728515625000000e-01 6.512935757637023926e-01
2.271728515625000000e-01 6.514185667037963867e-01
7.271728515625000000e-01 6.515435576438903809e-01
4.771728515625000000e-01 6.516685485839843750e-01
9.771728515625000000e-01 6.517935395240783691e-01
2.404785156250000000e-02 6.519185304641723633e-01
5.240478515625000000e-01 6.520435214042663574e-01
2.740478515625000000e-01 6.521684527397155762e-01
7.740478515625000000e-01 6.522934436798095703e-01
1.490478515625000000e-01 6.524184346199035645e-01
6.490478515625000000e-01 6.525434255599975586e-01
3.990478515625000000e-01 6.526684165000915527e-01
8.990478515625000000e-01 6.527934074401855469e-01
8.654785156250000000e-02 6.529183983802795410e-01
5.865478515625000000e-01 6.530433893203735352e-01
3.365478515625000000e-01 6.531683802604675293e-01
8.365478515625000000e-01 6.532933115959167480e-01
2.115478515625000000e-01 6.534183025360107422e-01
7.115478515625000000e-01 6.535432934761047363e-01
4.615478515625000000e-01 6.536682844161987305e-01
9.615478515625000000e-01 6.537932753562927246e-01
5.529785156250000000e-02 6.539182662963867188e-01
5.552978515625000000e-01 6.540432572364807129e-01
3.052978515625000000e-01 6.541682481765747070e-01
8.052978515625000000e-01 6.542932391166687012e-01
1.802978515625000000e-01 6.544181704521179199e-01
6.802978515625000000e-01 6.545431613922119141e-01
4.302978515625000000e-01 6.546681523323059082e-01
9.302978515625000000e-01 6.547931432723999023e-01
1.177978515625000000e-01 6.549181342124938965e-01
6.177978515625000000e-01 6.550431251525878906e-01
3.677978515625000000e-01 6.551681160926818848e-01
8.677978515625000000e-01 6.552931070327758789e-01
2.427978515625000000e-01 6.554180979728698730e-01
7.427978515625000000e-01 6.555430293083190918e-01
4.927978515625000000e-01 6.556680202484130859e-01
9.927978515625000000e-01 6.557930111885070801e-01
4.516601562500000000e-03 6.559180021286010742e-01
5.045166015625000000e-01 6.560429930686950684e-01
2.545166015625000000e-01 6.561679840087890625e-01
7.545166015625000000e-01 6.562929749488830566e-01
1.295166015625000000e-01 6.564179658889770508e-01
6.295166015625000000e-01 6.565429568290710449e-01
3.795166015625000000e-01 6.566678881645202637e-01
8.795166015625000000e-01 6.567928791046142578e-01
6.701660156250000000e-02 6.569178700447082520e-01
5.670166015625000000e-01 6.570428609848022461e-01
3.170166015625000000e-01 6.571678519248962402e-01
8.170166015625000000e-01 6.572928428649902344e-01
1.920166015625000000e-01 6.574178338050842285e-01
6.920166015625000000e-01 6.575428247451782227e-01
4.420166015625000000e-01 6.576678156852722168e-01
9.420166015625000000e-01 6.577927470207214355e-01
3.576660156250000000e-02 6.579177379608154297e-01
5.357666015625000000e-01 6.580427289009094238e-01
2.857666015625000000e-01 6.581677198410034180e-01
7.857666015625000000e-01 6.582927107810974121e-01
1.607666015625000000e-01 6.584177017211914062e-01
6.607666015625000000e-01 6.585426926612854004e-01
4.107666015625000000e-01 6.586676836013793945e-01
9.107666015625000000e-01 6.587926745414733887e-01
9.826660156250000000e-02 6.589176058769226074e-01
5.982666015625000000e-01 6.590425968170166016e-01
3.482666015625000000e-01 6.591675877571105957e-01
8.482666015625000000e-01 6.592925786972045898e-01
2.232666015625000000e-01 6.594175696372985840e-01
7.232666015625000000e-01 6.595425605773925781e-01
4.732666015625000000e-01 6.596675515174865723e-01
9.732666015625000000e-01 6.597925424575805664e-01
2.014160156250000000e-02 6.599175333976745605e-01
5.201416015625000000e-01 6.600425243377685547e-01
2.701416015625000000e-01 6.601674556732177734e-01
7.701416015625000000e-01 6.602924466133117676e-01
1.451416015625000000e-01 6.604174375534057617e-01
6.451416015625000000e-01 6.605424284934997559e-01
3.951416015625000000e-01 6.606674194335937500e-01
8.951416015625000000e-01 6.607924103736877441e-01
8.264160156250000000e-02 6.609174013137817383e-01
5.826416015625000000e-01 6.610423922538757324e-01
3.326416015625000000e-01 6.611673831939697266e-01
8.326416015625000000e-01 6.612923145294189453e-01
2.076416015625000000e-01 6.614173054695129395e-01
7.076416015625000000e-01 6.615422964096069336e-01
4.576416015625000000e-01 6.616672873497009277e-01
9.576416015625000000e-01 6.617922782897949219e-01
5.139160156250000000e-02 6.619172692298889160e-01
5.513916015625000000e-01 6.620422601699829102e-01
3.013916015625000000e-01 6.621672511100769043e-01
8.013916015625000000e-01 6.622922420501708984e-01
1.763916015625000000e-01 6.624171733856201172e-01
6.763916015625000000e-01 6.625421643257141113e-01
4.263916015625000000e-01 6.626671552658081055e-01
9.263916015625000000e-01 6.627921462059020996e-01
1.138916015625000000e-01 6.629171371459960938e-01
6.138916015625000000e-01 6.630421280860900879e-01
3.638916015625000000e-01 6.631671190261840820e-01
8.638916015625000000e-01 6.632921099662780762e-01
2.388916015625000000e-01 6.634171009063720703e-01
7.388916015625000000e-01 6.635420322418212891e-01
4.888916015625000000e-01 6.636670231819152832e-01
9.888916015625000000e-01 6.637920141220092773e-01
1.232910156250000000e-02 6.639170050621032715e-01
5.123291015625000000e-01 6.640419960021972656e-01
2.623291015625000000e-01 6.641669869422912598e-01
7.623291015625000000e-01 6.642919778823852539e-01
1.373291015625000000e-01 6.644169688224792480e-01
6.373291015625000000e-01 6.645419597625732422e-01
3.873291015625000000e-01 6.646668910980224609e-01
8.873291015625000000e-01 6.647918820381164551e-01
7.482910156250000000e-02 6.649168729782104492e-01
5.748291015625000000e-01 6.650418639183044434e-01
3.248291015625000000e-01 6.651668548583984375e-01
8.248291015625000000e-01 6.652918457984924316e-01
1.998291015625000000e-01 6.654168367385864258e-01
6.998291015625000000e-01 6.655418276786804199e-01
4.498291015625000000e-01 6.656668186187744141e-01
9.498291015625000000e-01 6.657917499542236328e-01
4.357910156250000000e-02 6.659167408943176270e-01
5.435791015625000000e-01 6.660417318344116211e-01
2.935791015625000000e-01 6.661667227745056152e-01
7.935791015625000000e-01 6.662917137145996094e-01
1.685791015625000000e-01 6.664167046546936035e-01
6.685791015625000000e-01 6.665416955947875977e-01
4.185791015625000000e-01 6.666666865348815918e-01
9.185791015625000000e-01 6.667916774749755859e-01
1.060791015625000000e-01 6.669166088104248047e-01
6.060791015625000000e-01 6.670415997505187988e-01
3.560791015625000000e-01 6.671665906906127930e-01
8.560791015625000000e-01 6.672915816307067871e-01
2.310791015625000000e-01 6.674165725708007812e-01
7.310791015625000000e-01 6.675415635108947754e-01
4.810791015625000000e-01 6.676665544509887695e-01
9.810791015625000000e-01 6.677915453910827637e-01
2.795410156250000000e-02 6.679165363311767578e-01
5.279541015625000000e-01 6.680414676666259766e-01
2.779541015625000000e-01 6.681664586067199707e-01
7.779541015625000000e-01 6.682914495468139648e-01
1.529541015625000000e-01 6.684164404869079590e-01
6.529541015625000000e-01 6.685414314270019531e-01
4.029541015625000000e-01 6.686664223670959473e-01
9.029541015625000000e-01 6.687914133071899414e-01
9.045410156250000000e-02 6.689164042472839355e-01
5.904541015625000000e-01 6.690413951873779297e-01
3.404541015625000000e-01 6.691663265228271484e-01
8.404541015625000000e-01 6.692913174629211426e-01
2.154541015625000000e-01 6.694163084030151367e-01
7.154541015625000000e-01 6.695412993431091309e-01
4.654541015625000000e-01 6.696662902832031250e-01
9.654541015625000000e-01 6.697912812232971191e-01
5.920410156250000000e-02 6.699162721633911133e-01
5.592041015625000000e-01 6.700412631034851074e-01
3.092041015625000000e-01 6.701662540435791016e-01
8.092041015625000000e-01 6.702911853790283203e-01
1.842041015625000000e-01 6.704161763191223145e-01
6.842041015625000000e-01 6.705411672592163086e-01
4.342041015625000000e-01 6.706661581993103027e-01
9.342041015625000000e-01 6.707911491394042969e-01
1.217041015625000000e-01 6.709161400794982910e-01
6.217041015625000000e-01 6.710411310195922852e-01
3.717041015625000000e-01 6.711661219596862793e-01
8.717041015625000000e-01 6.712911128997802734e-01
2.467041015625000000e-01 6.714160442352294922e-01
7.467041015625000000e-01 6.715410351753234863e-01
4.967041015625000000e-01 6.716660261154174805e-01
9.967041015625000000e-01 6.717910170555114746e-01
2.563476562500000000e-03 6.719160079956054688e-01
5.025634765625000000e-01 6.720409989356994629e-01
2.525634765625000000e-01 6.721659898757934570e-01
7.525634765625000000e-01 6.722909808158874512e-01
1.275634765625000000e-01 6.724159717559814453e-01
6.275634765625000000e-01 6.725409030914306641e-01
3.775634765625000000e-01 6.726658940315246582e-01
8.775634765625000000e-01 6.727908849716186523e-01
6.506347656250000000e-02 6.729158759117126465e-01
5.650634765625000000e-01 6.730408668518066406e-01
3.150634765625000000e-01 6.731658577919006348e-01
8.150634765625000000e-01 6.732908487319946289e-01
1.900634765625000000e-01 6.734158396720886230e-01
6.900634765625000000e-01 6.735408306121826172e-01
4.400634765625000000e-01 6.736658215522766113e-01
9.400634765625000000e-01 6.737907528877258301e-01
3.381347656250000000e-02 6.739157438278198242e-01
5.338134765625000000e-01 6.740407347679138184e-01
2.838134765625000000e-01 6.741657257080078125e-01
7.838134765625000000e-01 6.742907166481018066e-01
1.588134765625000000e-01 6.744157075881958008e-01
6.588134765625000000e-01 6.745406985282897949e-01
4.088134765625000000e-01 6.746656894683837891e-01
9.088134765625000000e-01 6.747906804084777832e-01
9.631347656250000000e-02 6.749156117439270020e-01
5.963134765625000000e-01 6.750406026840209961e-01
3.463134765625000000e-01 6.751655936241149902e-01
8.463134765625000000e-01 6.752905845642089844e-01
2.213134765625000000e-01 6.754155755043029785e-01
7.213134765625000000e-01 6.755405664443969727e-01
4.713134765625000000e-01 6.756655573844909668e-01
9.713134765625000000e-01 6.757905483245849609e-01
1.818847656250000000e-02 6.759155392646789551e-01
5.181884765625000000e-01 6.760404706001281738e-01
2.681884765625000000e-01 6.761654615402221680e-01
7.681884765625000000e-01 6.762904524803161621e-01
1.431884765625000000e-01 6.764154434204101562e-01
6.431884765625000000e-01 6.765404343605041504e-01
3.931884765625000000e-01 6.766654253005981445e-01
8.931884765625000000e-01 6.767904162406921387e-01
8.068847656250000000e-02 6.769154071807861328e-01
5.806884765625000000e-01 6.770403981208801270e-01
3.306884765625000000e-01 6.771653294563293457e-01
8.306884765625000000e-01 6.772903203964233398e-01
2.056884765625000000e-01 6.774153113365173340e-01
7.056884765625000000e-01 6.775403022766113281e-01
4.556884765625000000e-01 6.776652932167053223e-01
9.556884765625000000e-01 6.777902841567993164e-01
4.943847656250000000e-02 6.779152750968933105e-01
5.494384765625000000e-01 6.780402660369873047e-01
2.994384765625000000e-01 6.781652569770812988e-01
7.994384765625000000e-01 6.782901883125305176e-01
1.744384765625000000e-01 6.784151792526245117e-01
6.744384765625000000e-01 6.785401701927185059e-01
4.244384765625000000e-01 6.786651611328125000e-01
9.244384765625000000e-01 6.787901520729064941e-01
1.119384765625000000e-01 6.789151430130004883e-01
6.119384765625000000e-01 6.790401339530944824e-01
3.619384765625000000e-01 6.791651248931884766e-01
8.619384765625000000e-01 6.792901158332824707e-01
2.369384765625000000e-01 6.794150471687316895e-01
7.369384765625000000e-01 6.795400381088256836e-01
4.869384765625000000e-01 6.796650290489196777e-01
9.869384765625000000e-01 6.797900199890136719e-01
1.037597656250000000e-02 6.799150109291076660e-01
5.103759765625000000e-01 6.800400018692016602e-01
2.603759765625000000e-01 6.801649928092956543e-01
7.603759765625000000e-01 6.802899837493896484e-01
1.353759765625000000e-01 6.804149746894836426e-01
6.353759765625000000e-01 6.805399060249328613e-01
3.853759765625000000e-01 6.806648969650268555e-01
8.853759765625000000e-01 6.807898879051208496e-01
7.287597656250000000e-02 6.809148788452148438e-01
5.728759765625000000e-01 6.810398697853088379e-01
3.228759765625000000e-01 6.811648607254028320e-01
8.228759765625000000e-01 6.812898516654968262e-01
1.978759765625000000e-01 6.814148426055908203e-01
6.978759765625000000e-01 6.815398335456848145e-01
4.478759765625000000e-01 6.816647648811340332e-01
9.478759765625000000e-01 6.817897558212280273e-01
4.162597656250000000e-02 6.819147467613220215e-01
5.416259765625000000e-01 6.820397377014160156e-01
2.916259765625000000e-01 6.821647286415100098e-01
7.916259765625000000e-01 6.822897195816040039e-01
1.666259765625000000e-01 6.824147105216979980e-01
6.666259765625000000e-01 6.825397014617919922e-01
4.166259765625000000e-01 6.826646924018859863e-01
9.166259765625000000e-01 6.827896237373352051e-01
1.041259765625000000e-01 6.829146146774291992e-01
6.041259765625000000e-01 6.830396056175231934e-01
3.541259765625000000e-01 6.831645965576171875e-01
8.541259765625000000e-01 6.832895874977111816e-01
2.291259765625000000e-01 6.834145784378051758e-01
7.291259765625000000e-01 6.835395693778991699e-01
4.791259765625000000e-01 6.836645603179931641e-01
9.791259765625000000e-01 6.837895512580871582e-01
2.600097656250000000e-02 6.839144825935363770e-01
5.260009765625000000e-01 6.840394735336303711e-01
2.760009765625000000e-01 6.841644644737243652e-01
7.760009765625000000e-01 6.842894554138183594e-01
1.510009765625000000e-01 6.844144463539123535e-01
6.510009765625000000e-01 6.845394372940063477e-01
4.010009765625000000e-01 6.846644282341003418e-01
9.010009765625000000e-01 6.847894191741943359e-01
8.850097656250000000e-02 6.849144101142883301e-01
5.885009765625000000e-01 6.850393414497375488e-01
3.385009765625000000e-01 6.851643323898315430e-01
8.385009765625000000e-01 6.852893233299255371e-01
2.135009765625000000e-01 6.854143142700195312e-01
7.135009765625000000e-01 6.855393052101135254e-01
4.635009765625000000e-01 6.856642961502075195e-01
9.635009765625000000e-01 6.857892870903015137e-01
5.725097656250000000e-02 6.859142780303955078e-01
5.572509765625000000e-01 6.860392689704895020e-01
3.072509765625000000e-01 6.861642003059387207e-01
8.072509765625000000e-01 6.862891912460327148e-01
1.822509765625000000e-01 6.864141821861267090e-01
6.822509765625000000e-01 6.865391731262207031e-01
4.322509765625000000e-01 6.866641640663146973e-01
9.322509765625000000e-01 6.867891550064086914e-01
1.197509765625000000e-01 6.869141459465026855e-01
6.197509765625000000e-01 6.870391368865966797e-01
3.697509765625000000e-01 6.871641278266906738e-01
8.697509765625000000e-01 6.872890591621398926e-01
2.447509765625000000e-01 6.874140501022338867e-01
7.447509765625000000e-01 6.875390410423278809e-01
4.947509765625000000e-01 6.876640319824218750e-01
9.947509765625000000e-01 6.877890229225158691e-01
6.469726562500000000e-03 6.879140138626098633e-01
5.064697265625000000e-01 6.880390048027038574e-01
2.564697265625000000e-01 6.881639957427978516e-01
7.564697265625000000e-01 6.882889866828918457e-01
1.314697265625000000e-01 6.884139776229858398e-01
6.314697265625000000e-01 6.885389089584350586e-01
3.814697265625000000e-01 6.886638998985290527e-01
8.814697265625000000e-01 6.887888908386230469e-01
6.896972656250000000e-02 6.889138817787170410e-01
5.689697265625000000e-01 6.890388727188110352e-01
3.189697265625000000e-01 6.891638636589050293e-01
8.189697265625000000e-01 6.892888545989990234e-01
1.939697265625000000e-01 6.894138455390930176e-01
6.939697265625000000e-01 6.895388364791870117e-01
4.439697265625000000e-01 6.896637678146362305e-01
9.439697265625000000e-01 6.897887587547302246e-01
3.771972656250000000e-02 6.899137496948242188e-01
5.377197265625000000e-01 6.900387406349182129e-01
2.877197265625000000e-01 6.901637315750122070e-01
7.877197265625000000e-01 6.902887225151062012e-01
1.627197265625000000e-01 6.904137134552001953e-01
6.627197265625000000e-01 6.905387043952941895e-01
4.127197265625000000e-01 6.906636953353881836e-01
9.127197265625000000e-01 6.907886266708374023e-01
1.002197265625000000e-01 6.909136176109313965e-01
6.002197265625000000e-01 6.910386085510253906e-01
3.502197265625000000e-01 6.911635994911193848e-01
8.502197265625000000e-01 6.912885904312133789e-01
2.252197265625000000e-01 6.914135813713073730e-01
7.252197265625000000e-01 6.915385723114013672e-01
4.752197265625000000e-01 6.916635632514953613e-01
9.752197265625000000e-01 6.917885541915893555e-01
2.209472656250000000e-02 6.919134855270385742e-01
5.220947265625000000e-01 6.920384764671325684e-01
2.720947265625000000e-01 6.921634674072265625e-01
7.720947265625000000e-01 6.922884583473205566e-01
1.470947265625000000e-01 6.924134492874145508e-01
6.470947265625000000e-01 6.925384402275085449e-01
3.970947265625000000e-01 6.926634311676025391e-01
8.970947265625000000e-01 6.927884221076965332e-01
8.459472656250000000e-02 6.929134130477905273e-01
5.845947265625000000e-01 6.930383443832397461e-01
3.345947265625000000e-01 6.931633353233337402e-01
8.345947265625000000e-01 6.932883262634277344e-01
2.095947265625000000e-01 6.934133172035217285e-01
7.095947265625000000e-01 6.935383081436157227e-01
4.595947265625000000e-01 6.936632990837097168e-01
9.595947265625000000e-01 6.937882900238037109e-01
5.334472656250000000e-02 6.939132809638977051e-01
5.533447265625000000e-01 6.940382719039916992e-01
3.033447265625000000e-01 6.941632032394409180e-01
8.033447265625000000e-01 6.942881941795349121e-01
1.783447265625000000e-01 6.944131851196289062e-01
6.783447265625000000e-01 6.945381760597229004e-01
4.283447265625000000e-01 6.946631669998168945e-01
9.283447265625000000e-01 6.947881579399108887e-01
1.158447265625000000e-01 6.949131488800048828e-01
6.158447265625000000e-01 6.950381398200988770e-01
3.658447265625000000e-01 6.951631307601928711e-01
8.658447265625000000e-01 6.952880620956420898e-01
2.408447265625000000e-01 6.954130530357360840e-01
7.408447265625000000e-01 6.955380439758300781e-01
4.908447265625000000e-01 6.956630349159240723e-01
9.908447265625000000e-01 6.957880258560180664e-01
1.428222656250000000e-02 6.959130167961120605e-01
5.142822265625000000e-01 6.960380077362060547e-01
2.642822265625000000e-01 6.961629986763000488e-01
7.642822265625000000e-01 6.962879896163940430e-01
1.392822265625000000e-01 6.964129209518432617e-01
6.392822265625000000e-01 6.965379118919372559e-01
3.892822265625000000e-01 6.966629028320312500e-01
8.892822265625000000e-01 6.967878937721252441e-01
7.678222656250000000e-02 6.969128847122192383e-01
5.767822265625000000e-01 6.970378756523132324e-01
3.267822265625000000e-01 6.971628665924072266e-01
8.267822265625000000e-01 6.972878575325012207e-01
2.017822265625000000e-01 6.974128484725952148e-01
7.017822265625000000e-01 6.975377798080444336e-01
4.517822265625000000e-01 6.976627707481384277e-01
9.517822265625000000e-01 6.977877616882324219e-01
4.553222656250000000e-02 6.979127526283264160e-01
5.455322265625000000e-01 6.980377435684204102e-01
2.955322265625000000e-01 6.981627345085144043e-01
7.955322265625000000e-01 6.982877254486083984e-01
1.705322265625000000e-01 6.984127163887023926e-01
6.705322265625000000e-01 6.985377073287963867e-01
4.205322265625000000e-01 6.986626386642456055e-01
9.205322265625000000e-01 6.987876296043395996e-01
1.080322265625000000e-01 6.989126205444335938e-01
6.080322265625000000e-01 6.990376114845275879e-01
3.580322265625000000e-01 6.991626024246215820e-01
8.580322265625000000e-01 6.992875933647155762e-01
2.330322265625000000e-01 6.994125843048095703e-01
7.330322265625000000e-01 6.995375752449035645e-01
4.830322265625000000e-01 6.996625661849975586e-01
9.830322265625000000e-01 6.997874975204467773e-01
2.990722656250000000e-02 6.999124884605407715e-01
5.299072265625000000e-01 7.000374794006347656e-01
2.799072265625000000e-01 7.001624703407287598e-01
7.799072265625000000e-01 7.002874612808227539e-01
1.549072265625000000e-01 7.004124522209167480e-01
6.549072265625000000e-01 7.005374431610107422e-01
4.049072265625000000e-01 7.006624341011047363e-01
9.049072265625000000e-01 7.007874250411987305e-01
9.240722656250000000e-02 7.009123563766479492e-01
5.924072265625000000e-01 7.010373473167419434e-01
3.424072265625000000e-01 7.011623382568359375e-01
8.424072265625000000e-01 7.012873291969299316e-01
2.174072265625000000e-01 7.014123201370239258e-01
7.174072265625000000e-01 7.015373110771179199e-01
4.674072265625000000e-01 7.016623020172119141e-01
9.674072265625000000e-01 7.017872929573059082e-01
6.115722656250000000e-02 7.019122838973999023e-01
5.611572265625000000e-01 7.020372748374938965e-01
3.111572265625000000e-01 7.021622061729431152e-01
8.111572265625000000e-01 7.022871971130371094e-01
1.861572265625000000e-01 7.024121880531311035e-01
6.861572265625000000e-01 7.025371789932250977e-01
4.361572265625000000e-01 7.026621699333190918e-01
9.361572265625000000e-01 7.027871608734130859e-01
1.236572265625000000e-01 7.029121518135070801e-01
6.236572265625000000e-01 7.030371427536010742e-01
3.736572265625000000e-01 7.031621336936950684e-01
8.736572265625000000e-01 7.032870650291442871e-01
2.486572265625000000e-01 7.034120559692382812e-01
7.486572265625000000e-01 7.035370469093322754e-01
4.986572265625000000e-01 7.036620378494262695e-01
9.986572265625000000e-01 7.037870287895202637e-01
1.586914062500000000e-03 7.039120197296142578e-01
5.015869140625000000e-01 7.040370106697082520e-01
2.515869140625000000e-01 7.041620016098022461e-01
7.515869140625000000e-01 7.042869925498962402e-01
1.265869140625000000e-01 7.044119238853454590e-01
6.265869140625000000e-01 7.045369148254394531e-01
3.765869140625000000e-01 7.046619057655334473e-01
8.765869140625000000e-01 7.047868967056274414e-01
6.408691406250000000e-02 7.049118876457214355e-01
5.640869140625000000e-01 7.050368785858154297e-01
3.140869140625000000e-01 7.051618695259094238e-01
8.140869140625000000e-01 7.052868604660034180e-01
1.890869140625000000e-01 7.054118514060974121e-01
6.890869140625000000e-01 7.055367827415466309e-01
4.390869140625000000e-01 7.056617736816406250e-01
9.390869140625000000e-01 7.057867646217346191e-01
3.283691406250000000e-02 7.059117555618286133e-01
5.328369140625000000e-01 7.060367465019226074e-01
2.828369140625000000e-01 7.061617374420166016e-01
7.828369140625000000e-01 7.062867283821105957e-01
1.578369140625000000e-01 7.064117193222045898e-01
6.578369140625000000e-01 7.065367102622985840e-01
4.078369140625000000e-01 7.066616415977478027e-01
9.078369140625000000e-01 7.067866325378417969e-01
9.533691406250000000e-02 7.069116234779357910e-01
5.953369140625000000e-01 7.070366144180297852e-01
3.453369140625000000e-01 7.071616053581237793e-01
8.453369140625000000e-01 7.072865962982177734e-01
2.203369140625000000e-01 7.074115872383117676e-01
7.203369140625000000e-01 7.075365781784057617e-01
4.703369140625000000e-01 7.076615691184997559e-01
9.703369140625000000e-01 7.077865004539489746e-01
1.721191406250000000e-02 7.079114913940429688e-01
5.172119140625000000e-01 7.080364823341369629e-01
2.672119140625000000e-01 7.081614732742309570e-01
7.672119140625000000e-01 7.082864642143249512e-01
1.422119140625000000e-01 7.084114551544189453e-01
6.422119140625000000e-01 7.085364460945129395e-01
3.922119140625000000e-01 7.086614370346069336e-01
8.922119140625000000e-01 7.087864279747009277e-01
7.971191406250000000e-02 7.089113593101501465e-01
5.797119140625000000e-01 7.090363502502441406e-01
3.297119140625000000e-01 7.091613411903381348e-01
8.297119140625000000e-01 7.092863321304321289e-01
2.047119140625000000e-01 7.094113230705261230e-01
7.047119140625000000e-01 7.095363140106201172e-01
4.547119140625000000e-01 7.096613049507141113e-01
9.547119140625000000e-01 7.097862958908081055e-01
4.846191406250000000e-02 7.099112868309020996e-01
5.484619140625000000e-01 7.100362181663513184e-01
2.984619140625000000e-01 7.101612091064453125e-01
7.984619140625000000e-01 7.102862000465393066e-01
1.734619140625000000e-01 7.104111909866333008e-01
6.734619140625000000e-01 7.105361819267272949e-01
4.234619140625000000e-01 7.106611728668212891e-01
9.234619140625000000e-01 7.107861638069152832e-01
1.109619140625000000e-01 7.109111547470092773e-01
6.109619140625000000e-01 7.110361456871032715e-01
3.609619140625000000e-01 7.111610770225524902e-01
8.609619140625000000e-01 7.112860679626464844e-01
2.359619140625000000e-01 7.114110589027404785e-01
7.359619140625000000e-01 7.115360498428344727e-01
4.859619140625000000e-01 7.116610407829284668e-01
9.859619140625000000e-01 7.117860317230224609e-01
9.399414062500000000e-03 7.119110226631164551e-01
5.093994140625000000e-01 7.120360136032104492e-01
2.593994140625000000e-01 7.121610045433044434e-01
7.593994140625000000e-01 7.122859358787536621e-01
1.343994140625000000e-01 7.124109268188476562e-01
6.343994140625000000e-01 7.125359177589416504e-01
3.843994140625000000e-01 7.126609086990356445e-01
8.843994140625000000e-01 7.127858996391296387e-01
7.189941406250000000e-02 7.129108905792236328e-01
5.718994140625000000e-01 7.130358815193176270e-01
3.218994140625000000e-01 7.131608724594116211e-01
8.218994140625000000e-01 7.132858633995056152e-01
1.968994140625000000e-01 7.134107947349548340e-01
6.968994140625000000e-01 7.135357856750488281e-01
4.468994140625000000e-01 7.136607766151428223e-01
9.468994140625000000e-01 7.137857675552368164e-01
4.064941406250000000e-02 7.139107584953308105e-01
5.406494140625000000e-01 7.140357494354248047e-01
2.906494140625000000e-01 7.141607403755187988e-01
7.906494140625000000e-01 7.142857313156127930e-01
1.656494140625000000e-01 7.144107222557067871e-01
6.656494140625000000e-01 7.145356535911560059e-01
4.156494140625000000e-01 7.146606445312500000e-01
9.156494140625000000e-01 7.147856354713439941e-01
1.031494140625000000e-01 7.149106264114379883e-01
6.031494140625000000e-01 7.150356173515319824e-01
3.531494140625000000e-01 7.151606082916259766e-01
8.531494140625000000e-01 7.152855992317199707e-01
2.281494140625000000e-01 7.154105901718139648e-01
7.281494140625000000e-01 7.155355811119079590e-01
4.781494140625000000e-01 7.156605720520019531e-01
9.781494140625000000e-01 7.157855033874511719e-01
2.502441406250000000e-02 7.159104943275451660e-01
5.250244140625000000e-01 7.160354852676391602e-01
2.750244140625000000e-01 7.161604762077331543e-01
7.750244140625000000e-01 7.162854671478271484e-01
1.500244140625000000e-01 7.164104580879211426e-01
6.500244140625000000e-01 7.165354490280151367e-01
4.000244140625000000e-01 7.166604399681091309e-01
9.000244140625000000e-01 7.167854309082031250e-01
8.752441406250000000e-02 7.169103622436523438e-01
5.875244140625000000e-01 7.170353531837463379e-01
3.375244140625000000e-01 7.171603441238403320e-01
8.375244140625000000e-01 7.172853350639343262e-01
2.125244140625000000e-01 7.174103260040283203e-01
7.125244140625000000e-01 7.175353169441223145e-01
4.625244140625000000e-01 7.176603078842163086e-01
9.625244140625000000e-01 7.177852988243103027e-01
5.627441406250000000e-02 7.179102897644042969e-01
5.562744140625000000e-01 7.180352210998535156e-01
3.062744140625000000e-01 7.181602120399475098e-01
8.062744140625000000e-01 7.182852029800415039e-01
1.812744140625000000e-01 7.184101939201354980e-01
6.812744140625000000e-01 7.185351848602294922e-01
4.312744140625000000e-01 7.186601758003234863e-01
9.312744140625000000e-01 7.187851667404174805e-01
1.187744140625000000e-01 7.189101576805114746e-01
6.187744140625000000e-01 7.190351486206054688e-01
3.687744140625000000e-01 7.191600799560546875e-01
8.687744140625000000e-01 7.192850708961486816e-01
2.437744140625000000e-01 7.194100618362426758e-01
7.437744140625000000e-01 7.195350527763366699e-01
4.937744140625000000e-01 7.196600437164306641e-01
9.937744140625000000e-01 7.197850346565246582e-01
5.493164062500000000e-03 7.199100255966186523e-01
5.054931640625000000e-01 7.200350165367126465e-01
2.554931640625000000e-01 7.201600074768066406e-01
7.554931640625000000e-01 7.202849388122558594e-01
1.304931640625000000e-01 7.204099297523498535e-01
6.304931640625000000e-01 7.205349206924438477e-01
3.804931640625000000e-01 7.206599116325378418e-01
8.804931640625000000e-01 7.207849025726318359e-01
6.799316406250000000e-02 7.209098935127258301e-01
5.679931640625000000e-01 7.210348844528198242e-01
3.179931640625000000e-01 7.211598753929138184e-01
8.179931640625000000e-01 7.212848663330078125e-01
1.929931640625000000e-01 7.214097976684570312e-01
6.929931640625000000e-01 7.215347886085510254e-01
4.429931640625000000e-01 7.216597795486450195e-01
9.429931640625000000e-01 7.217847704887390137e-01
3.674316406250000000e-02 7.219097614288330078e-01
5.367431640625000000e-01 7.220347523689270020e-01
2.867431640625000000e-01 7.221597433090209961e-01
7.867431640625000000e-01 7.222847342491149902e-01
1.617431640625000000e-01 7.224097251892089844e-01
6.617431640625000000e-01 7.225346565246582031e-01
4.117431640625000000e-01 7.226596474647521973e-01
9.117431640625000000e-01 7.227846384048461914e-01
9.924316406250000000e-02 7.229096293449401855e-01
5.992431640625000000e-01 7.230346202850341797e-01
3.492431640625000000e-01 7.231596112251281738e-01
8.492431640625000000e-01 7.232846021652221680e-01
2.242431640625000000e-01 7.234095931053161621e-01
7.242431640625000000e-01 7.235345840454101562e-01
4.742431640625000000e-01 7.236595153808593750e-01
9.742431640625000000e-01 7.237845063209533691e-01
2.111816406250000000e-02 7.239094972610473633e-01
5.211181640625000000e-01 7.240344882011413574e-01
2.711181640625000000e-01 7.241594791412353516e-01
7.711181640625000000e-01 7.242844700813293457e-01
1.461181640625000000e-01 7.244094610214233398e-01
6.461181640625000000e-01 7.245344519615173340e-01
3.961181640625000000e-01 7.246594429016113281e-01
8.961181640625000000e-01 7.247843742370605469e-01
8.361816406250000000e-02 7.249093651771545410e-01
5.836181640625000000e-01 7.250343561172485352e-01
3.336181640625000000e-01 7.251593470573425293e-01
8.336181640625000000e-01 7.252843379974365234e-01
2.086181640625000000e-01 7.254093289375305176e-01
7.086181640625000000e-01 7.255343198776245117e-01
4.586181640625000000e-01 7.256593108177185059e-01
9.586181640625000000e-01 7.257843017578125000e-01
5.236816406250000000e-02 7.259092330932617188e-01
5.523681640625000000e-01 7.260342240333557129e-01
3.023681640625000000e-01 7.261592149734497070e-01
8.023681640625000000e-01 7.262842059135437012e-01
1.773681640625000000e-01 7.264091968536376953e-01
6.773681640625000000e-01 7.265341877937316895e-01
4.273681640625000000e-01 7.266591787338256836e-01
9.273681640625000000e-01 7.267841696739196777e-01
1.148681640625000000e-01 7.269091606140136719e-01
6.148681640625000000e-01 7.270340919494628906e-01
3.648681640625000000e-01 7.271590828895568848e-01
8.648681640625000000e-01 7.272840738296508789e-01
2.398681640625000000e-01 7.274090647697448730e-01
7.398681640625000000e-01 7.275340557098388672e-01
4.898681640625000000e-01 7.276590466499328613e-01
9.898681640625000000e-01 7.277840375900268555e-01
1.330566406250000000e-02 7.279090285301208496e-01
5.133056640625000000e-01 7.280340194702148438e-01
2.633056640625000000e-01 7.281589508056640625e-01
7.633056640625000000e-01 7.282839417457580566e-01
1.383056640625000000e-01 7.284089326858520508e-01
6.383056640625000000e-01 7.285339236259460449e-01
3.883056640625000000e-01 7.286589145660400391e-01
8.883056640625000000e-01 7.287839055061340332e-01
7.580566406250000000e-02 7.289088964462280273e-01
5.758056640625000000e-01 7.290338873863220215e-01
3.258056640625000000e-01 7.291588783264160156e-01
8.258056640625000000e-01 7.292838692665100098e-01
2.008056640625000000e-01 7.294088006019592285e-01
7.008056640625000000e-01 7.295337915420532227e-01
4.508056640625000000e-01 7.296587824821472168e-01
9.508056640625000000e-01 7.297837734222412109e-01
4.455566406250000000e-02 7.299087643623352051e-01
5.445556640625000000e-01 7.300337553024291992e-01
2.945556640625000000e-01 7.301587462425231934e-01
7.945556640625000000e-01 7.302837371826171875e-01
1.695556640625000000e-01 7.304087281227111816e-01
6.695556640625000000e-01 7.305336594581604004e-01
4.195556640625000000e-01 7.306586503982543945e-01
9.195556640625000000e-01 7.307836413383483887e-01
1.070556640625000000e-01 7.309086322784423828e-01
6.070556640625000000e-01 7.310336232185363770e-01
3.570556640625000000e-01 7.311586141586303711e-01
8.570556640625000000e-01 7.312836050987243652e-01
2.320556640625000000e-01 7.314085960388183594e-01
7.320556640625000000e-01 7.315335869789123535e-01
4.820556640625000000e-01 7.316585183143615723e-01
9.820556640625000000e-01 7.317835092544555664e-01
2.893066406250000000e-02 7.319085001945495605e-01
5.289306640625000000e-01 7.320334911346435547e-01
2.789306640625000000e-01 7.321584820747375488e-01
7.789306640625000000e-01 7.322834730148315430e-01
1.539306640625000000e-01 7.324084639549255371e-01
6.539306640625000000e-01 7.325334548950195312e-01
4.039306640625000000e-01 7.326584458351135254e-01
9.039306640625000000e-01 7.327833771705627441e-01
9.143066406250000000e-02 7.329083681106567383e-01
5.914306640625000000e-01 7.330333590507507324e-01
3.414306640625000000e-01 7.331583499908447266e-01
8.414306640625000000e-01 7.332833409309387207e-01
2.164306640625000000e-01 7.334083318710327148e-01
7.164306640625000000e-01 7.335333228111267090e-01
4.664306640625000000e-01 7.336583137512207031e-01
9.664306640625000000e-01 7.337833046913146973e-01
6.018066406250000000e-02 7.339082360267639160e-01
5.601806640625000000e-01 7.340332269668579102e-01
3.101806640625000000e-01 7.341582179069519043e-01
8.101806640625000000e-01 7.342832088470458984e-01
1.851806640625000000e-01 7.344081997871398926e-01
6.851806640625000000e-01 7.345331907272338867e-01
4.351806640625000000e-01 7.346581816673278809e-01
9.351806640625000000e-01 7.347831726074218750e-01
1.226806640625000000e-01 7.349081635475158691e-01
6.226806640625000000e-01 7.350330948829650879e-01
3.726806640625000000e-01 7.351580858230590820e-01
8.726806640625000000e-01 7.352830767631530762e-01
2.476806640625000000e-01 7.354080677032470703e-01
7.476806640625000000e-01 7.355330586433410645e-01
4.976806640625000000e-01 7.356580495834350586e-01
9.976806640625000000e-01 7.357830405235290527e-01
3.540039062500000000e-03 7.359080314636230469e-01
5.035400390625000000e-01 7.360330224037170410e-01
2.535400390625000000e-01 7.361579537391662598e-01
7.535400390625000000e-01 7.362829446792602539e-01
1.285400390625000000e-01 7.364079356193542480e-01
6.285400390625000000e-01 7.365329265594482422e-01
3.785400390625000000e-01 7.366579174995422363e-01
8.785400390625000000e-01 7.367829084396362305e-01
6.604003906250000000e-02 7.369078993797302246e-01
5.660400390625000000e-01 7.370328903198242188e-01
3.160400390625000000e-01 7.371578812599182129e-01
8.160400390625000000e-01 7.372828125953674316e-01
1.910400390625000000e-01 7.374078035354614258e-01
6.910400390625000000e-01 7.375327944755554199e-01
4.410400390625000000e-01 7.376577854156494141e-01
9.410400390625000000e-01 7.377827763557434082e-01
3.479003906250000000e-02 7.379077672958374023e-01
5.347900390625000000e-01 7.380327582359313965e-01
2.847900390625000000e-01 7.381577491760253906e-01
7.847900390625000000e-01 7.382827401161193848e-01
1.597900390625000000e-01 7.384076714515686035e-01
6.597900390625000000e-01 7.385326623916625977e-01
4.097900390625000000e-01 7.386576533317565918e-01
9.097900390625000000e-01 7.387826442718505859e-01
9.729003906250000000e-02 7.389076352119445801e-01
5.972900390625000000e-01 7.390326261520385742e-01
3.472900390625000000e-01 7.391576170921325684e-01
8.472900390625000000e-01 7.392826080322265625e-01
2.222900390625000000e-01 7.394075989723205566e-01
7.222900390625000000e-01 7.395325303077697754e-01
4.722900390625000000e-01 7.396575212478637695e-01
9.722900390625000000e-01 7.397825121879577637e-01
1.916503906250000000e-02 7.399075031280517578e-01
5.191650390625000000e-01 7.400324940681457520e-01
2.691650390625000000e-01 7.401574850082397461e-01
7.691650390625000000e-01 7.402824759483337402e-01
1.441650390625000000e-01 7.404074668884277344e-01
6.441650390625000000e-01 7.405324578285217285e-01
3.941650390625000000e-01 7.406573891639709473e-01
8.941650390625000000e-01 7.407823801040649414e-01
8.166503906250000000e-02 7.409073710441589355e-01
5.816650390625000000e-01 7.410323619842529297e-01
3.316650390625000000e-01 7.411573529243469238e-01
8.316650390625000000e-01 7.412823438644409180e-01
2.066650390625000000e-01 7.414073348045349121e-01
7.066650390625000000e-01 7.415323257446289062e-01
4.566650390625000000e-01 7.416573166847229004e-01
9.566650390625000000e-01 7.417822480201721191e-01
5.041503906250000000e-02 7.419072389602661133e-01
5.504150390625000000e-01 7.420322299003601074e-01
3.004150390625000000e-01 7.421572208404541016e-01
8.004150390625000000e-01 7.422822117805480957e-01
1.754150390625000000e-01 7.424072027206420898e-01
6.754150390625000000e-01 7.425321936607360840e-01
4.254150390625000000e-01 7.426571846008300781e-01
9.254150390625000000e-01 7.427821755409240723e-01
1.129150390625000000e-01 7.429071068763732910e-01
6.129150390625000000e-01 7.430320978164672852e-01
3.629150390625000000e-01 7.431570887565612793e-01
8.629150390625000000e-01 7.432820796966552734e-01
2.379150390625000000e-01 7.434070706367492676e-01
7.379150390625000000e-01 7.435320615768432617e-01
4.879150390625000000e-01 7.436570525169372559e-01
9.879150390625000000e-01 7.437820434570312500e-01
1.135253906250000000e-02 7.439070343971252441e-01
5.113525390625000000e-01 7.440320253372192383e-01
2.613525390625000000e-01 7.441569566726684570e-01
7.613525390625000000e-01 7.442819476127624512e-01
1.363525390625000000e-01 7.444069385528564453e-01
6.363525390625000000e-01 7.445319294929504395e-01
3.863525390625000000e-01 7.446569204330444336e-01
8.863525390625000000e-01 7.447819113731384277e-01
7.385253906250000000e-02 7.449069023132324219e-01
5.738525390625000000e-01 7.450318932533264160e-01
3.238525390625000000e-01 7.451568841934204102e-01
8.238525390625000000e-01 7.452818155288696289e-01
1.988525390625000000e-01 7.454068064689636230e-01
6.988525390625000000e-01 7.455317974090576172e-01
4.488525390625000000e-01 7.456567883491516113e-01
9.488525390625000000e-01 7.457817792892456055e-01
4.260253906250000000e-02 7.459067702293395996e-01
5.426025390625000000e-01 7.460317611694335938e-01
2.926025390625000000e-01 7.461567521095275879e-01
7.926025390625000000e-01 7.462817430496215820e-01
1.676025390625000000e-01 7.464066743850708008e-01
6.676025390625000000e-01 7.465316653251647949e-01
4.176025390625000000e-01 7.466566562652587891e-01
9.176025390625000000e-01 7.467816472053527832e-01
1.051025390625000000e-01 7.469066381454467773e-01
6.051025390625000000e-01 7.470316290855407715e-01
3.551025390625000000e-01 7.471566200256347656e-01
8.551025390625000000e-01 7.472816109657287598e-01
2.301025390625000000e-01 7.474066019058227539e-01
7.301025390625000000e-01 7.475315332412719727e-01
4.801025390625000000e-01 7.476565241813659668e-01
9.801025390625000000e-01 7.477815151214599609e-01
2.697753906250000000e-02 7.479065060615539551e-01
5.269775390625000000e-01 7.480314970016479492e-01
2.769775390625000000e-01 7.481564879417419434e-01
7.769775390625000000e-01 7.482814788818359375e-01
1.519775390625000000e-01 7.484064698219299316e-01
6.519775390625000000e-01 7.485314607620239258e-01
4.019775390625000000e-01 7.486563920974731445e-01
9.019775390625000000e-01 7.487813830375671387e-01
8.947753906250000000e-02 7.489063739776611328e-01
5.894775390625000000e-01 7.490313649177551270e-01
3.394775390625000000e-01 7.491563558578491211e-01
8.394775390625000000e-01 7.492813467979431152e-01
2.144775390625000000e-01 7.494063377380371094e-01
7.144775390625000000e-01 7.495313286781311035e-01
4.644775390625000000e-01 7.496563196182250977e-01
9.644775390625000000e-01 7.497812509536743164e-01
5.822753906250000000e-02 7.499062418937683105e-01
5.582275390625000000e-01 7.500312328338623047e-01
3.082275390625000000e-01 7.501562237739562988e-01
8.082275390625000000e-01 7.502812147140502930e-01
1.832275390625000000e-01 7.504062056541442871e-01
6.832275390625000000e-01 7.505311965942382812e-01
4.332275390625000000e-01 7.506561875343322754e-01
9.332275390625000000e-01 7.507811784744262695e-01
1.207275390625000000e-01 7.509061098098754883e-01
6.207275390625000000e-01 7.510311007499694824e-01
3.707275390625000000e-01 7.511560916900634766e-01
8.707275390625000000e-01 7.512810826301574707e-01
2.457275390625000000e-01 7.514060735702514648e-01
7.457275390625000000e-01 7.515310645103454590e-01
4.957275390625000000e-01 7.516560554504394531e-01
9.957275390625000000e-01 7.517810463905334473e-01
7.446289062500000000e-03 7.519060373306274414e-01
5.074462890625000000e-01 7.520309686660766602e-01
2.574462890625000000e-01 7.521559596061706543e-01
7.574462890625000000e-01 7.522809505462646484e-01
1.324462890625000000e-01 7.524059414863586426e-01
6.324462890625000000e-01 7.525309324264526367e-01
3.824462890625000000e-01 7.526559233665466309e-01
8.824462890625000000e-01 7.527809143066406250e-01
6.994628906250000000e-02 7.529059052467346191e-01
5.699462890625000000e-01 7.530308961868286133e-01
3.199462890625000000e-01 7.531558275222778320e-01
8.199462890625000000e-01 7.532808184623718262e-01
1.949462890625000000e-01 7.534058094024658203e-01
6.949462890625000000e-01 7.535308003425598145e-01
4.449462890625000000e-01 7.536557912826538086e-01
9.449462890625000000e-01 7.537807822227478027e-01
3.869628906250000000e-02 7.539057731628417969e-01
5.386962890625000000e-01 7.540307641029357910e-01
2.886962890625000000e-01 7.541557550430297852e-01
7.886962890625000000e-01 7.542806863784790039e-01
1.636962890625000000e-01 7.544056773185729980e-01
6.636962890625000000e-01 7.545306682586669922e-01
4.136962890625000000e-01 7.546556591987609863e-01
9.136962890625000000e-01 7.547806501388549805e-01
1.011962890625000000e-01 7.549056410789489746e-01
6.011962890625000000e-01 7.550306320190429688e-01
3.511962890625000000e-01 7.551556229591369629e-01
8.511962890625000000e-01 7.552806138992309570e-01
2.261962890625000000e-01 7.554055452346801758e-01
7.261962890625000000e-01 7.555305361747741699e-01
4.761962890625000000e-01 7.556555271148681641e-01
9.761962890625000000e-01 7.557805180549621582e-01
2.307128906250000000e-02 7.559055089950561523e-01
5.230712890625000000e-01 7.560304999351501465e-01
2.730712890625000000e-01 7.561554908752441406e-01
7.730712890625000000e-01 7.562804818153381348e-01
1.480712890625000000e-01 7.564054727554321289e-01
6.480712890625000000e-01 7.565304040908813477e-01
3.980712890625000000e-01 7.566553950309753418e-01
8.980712890625000000e-01 7.567803859710693359e-01
8.557128906250000000e-02 7.569053769111633301e-01
5.855712890625000000e-01 7.570303678512573242e-01
3.355712890625000000e-01 7.571553587913513184e-01
8.355712890625000000e-01 7.572803497314453125e-01
2.105712890625000000e-01 7.574053406715393066e-01
7.105712890625000000e-01 7.575303316116333008e-01
4.605712890625000000e-01 7.576553225517272949e-01
9.605712890625000000e-01 7.577802538871765137e-01
5.432128906250000000e-02 7.579052448272705078e-01
5.543212890625000000e-01 7.580302357673645020e-01
3.043212890625000000e-01 7.581552267074584961e-01
8.043212890625000000e-01 7.582802176475524902e-01
1.793212890625000000e-01 7.584052085876464844e-01
6.793212890625000000e-01 7.585301995277404785e-01
4.293212890625000000e-01 7.586551904678344727e-01
9.293212890625000000e-01 7.587801814079284668e-01
1.168212890625000000e-01 7.589051127433776855e-01
6.168212890625000000e-01 7.590301036834716797e-01
3.668212890625000000e-01 7.591550946235656738e-01
8.668212890625000000e-01 7.592800855636596680e-01
2.418212890625000000e-01 7.594050765037536621e-01
7.418212890625000000e-01 7.595300674438476562e-01
4.918212890625000000e-01 7.596550583839416504e-01
9.918212890625000000e-01 7.597800493240356445e-01
1.525878906250000000e-02 7.599050402641296387e-01
5.152587890625000000e-01 7.600299715995788574e-01
2.652587890625000000e-01 7.601549625396728516e-01
7.652587890625000000e-01 7.602799534797668457e-01
1.402587890625000000e-01 7.604049444198608398e-01
6.402587890625000000e-01 7.605299353599548340e-01
3.902587890625000000e-01 7.606549263000488281e-01
8.902587890625000000e-01 7.607799172401428223e-01
7.775878906250000000e-02 7.609049081802368164e-01
5.777587890625000000e-01 7.610298991203308105e-01
3.277587890625000000e-01 7.611548304557800293e-01
8.277587890625000000e-01 7.612798213958740234e-01
2.027587890625000000e-01 7.614048123359680176e-01
7.027587890625000000e-01 7.615298032760620117e-01
4.527587890625000000e-01 7.616547942161560059e-01
9.527587890625000000e-01 7.617797851562500000e-01
4.650878906250000000e-02 7.619047760963439941e-01
5.465087890625000000e-01 7.620297670364379883e-01
2.965087890625000000e-01 7.621547579765319824e-01
7.965087890625000000e-01 7.622796893119812012e-01
1.715087890625000000e-01 7.624046802520751953e-01
6.715087890625000000e-01 7.625296711921691895e-01
4.215087890625000000e-01 7.626546621322631836e-01
9.215087890625000000e-01 7.627796530723571777e-01
1.090087890625000000e-01 7.629046440124511719e-01
6.090087890625000000e-01 7.630296349525451660e-01
3.590087890625000000e-01 7.631546258926391602e-01
8.590087890625000000e-01 7.632796168327331543e-01
2.340087890625000000e-01 7.634045481681823730e-01
7.340087890625000000e-01 7.635295391082763672e-01
4.840087890625000000e-01 7.636545300483703613e-01
9.840087890625000000e-01 7.637795209884643555e-01
3.088378906250000000e-02 7.639045119285583496e-01
5.308837890625000000e-01 7.640295028686523438e-01
2.808837890625000000e-01 7.641544938087463379e-01
7.808837890625000000e-01 7.642794847488403320e-01
1.558837890625000000e-01 7.644044756889343262e-01
6.558837890625000000e-01 7.645294070243835449e-01
4.058837890625000000e-01 7.646543979644775391e-01
9.058837890625000000e-01 7.647793889045715332e-01
9.338378906250000000e-02 7.649043798446655273e-01
5.933837890625000000e-01 7.650293707847595215e-01
3.433837890625000000e-01 7.651543617248535156e-01
8.433837890625000000e-01 7.652793526649475098e-01
2.183837890625000000e-01 7.654043436050415039e-01
7.183837890625000000e-01 7.655293345451354980e-01
4.683837890625000000e-01 7.656542658805847168e-01
9.683837890625000000e-01 7.657792568206787109e-01
6.213378906250000000e-02 7.659042477607727051e-01
5.621337890625000000e-01 7.660292387008666992e-01
3.121337890625000000e-01 7.661542296409606934e-01
8.121337890625000000e-01 7.662792205810546875e-01
1.871337890625000000e-01 7.664042115211486816e-01
6.871337890625000000e-01 7.665292024612426758e-01
4.371337890625000000e-01 7.666541934013366699e-01
9.371337890625000000e-01 7.667791247367858887e-01
1.246337890625000000e-01 7.669041156768798828e-01
6.246337890625000000e-01 7.670291066169738770e-01
3.746337890625000000e-01 7.671540975570678711e-01
8.746337890625000000e-01 7.672790884971618652e-01
2.496337890625000000e-01 7.674040794372558594e-01
7.496337890625000000e-01 7.675290703773498535e-01
4.996337890625000000e-01 7.676540613174438477e-01
9.996337890625000000e-01 7.677790522575378418e-01
3.662109375000000000e-04 7.679039835929870605e-01
5.003662109375000000e-01 7.680289745330810547e-01
2.503662109375000000e-01 7.681539654731750488e-01
7.503662109375000000e-01 7.682789564132690430e-01
1.253662109375000000e-01 7.684039473533630371e-01
6.253662109375000000e-01 7.685289382934570312e-01
3.753662109375000000e-01 7.686539292335510254e-01
8.753662109375000000e-01 7.687789201736450195e-01
6.286621093750000000e-02 7.689039111137390137e-01
5.628662109375000000e-01 7.690288424491882324e-01
3.128662109375000000e-01 7.691538333892822266e-01
8.128662109375000000e-01 7.692788243293762207e-01
1.878662109375000000e-01 7.694038152694702148e-01
6.878662109375000000e-01 7.695288062095642090e-01
4.378662109375000000e-01 7.696537971496582031e-01
9.378662109375000000e-01 7.697787880897521973e-01
3.161621093750000000e-02 7.699037790298461914e-01
5.316162109375000000e-01 7.700287699699401855e-01
2.816162109375000000e-01 7.701537013053894043e-01
7.816162109375000000e-01 7.702786922454833984e-01
1.566162109375000000e-01 7.704036831855773926e-01
6.566162109375000000e-01 7.705286741256713867e-01
4.066162109375000000e-01 7.706536650657653809e-01
9.066162109375000000e-01 7.707786560058593750e-01
9.411621093750000000e-02 7.709036469459533691e-01
5.941162109375000000e-01 7.710286378860473633e-01
3.441162109375000000e-01 7.711536288261413574e-01
8.441162109375000000e-01 7.712786197662353516e-01
2.191162109375000000e-01 7.714035511016845703e-01
7.191162109375000000e-01 7.715285420417785645e-01
4.691162109375000000e-01 7.716535329818725586e-01
9.691162109375000000e-01 7.717785239219665527e-01
1.599121093750000000e-02 7.719035148620605469e-01
5.159912109375000000e-01 7.720285058021545410e-01
2.659912109375000000e-01 7.721534967422485352e-01
7.659912109375000000e-01 7.722784876823425293e-01
1.409912109375000000e-01 7.724034786224365234e-01
6.409912109375000000e-01 7.725284099578857422e-01
3.909912109375000000e-01 7.726534008979797363e-01
8.909912109375000000e-01 7.727783918380737305e-01
7.849121093750000000e-02 7.729033827781677246e-01
5.784912109375000000e-01 7.730283737182617188e-01
3.284912109375000000e-01 7.731533646583557129e-01
8.284912109375000000e-01 7.732783555984497070e-01
2.034912109375000000e-01 7.734033465385437012e-01
7.034912109375000000e-01 7.735283374786376953e-01
4.534912109375000000e-01 7.736532688140869141e-01
9.534912109375000000e-01 7.737782597541809082e-01
4.724121093750000000e-02 7.739032506942749023e-01
5.472412109375000000e-01 7.740282416343688965e-01
2.972412109375000000e-01 7.741532325744628906e-01
7.972412109375000000e-01 7.742782235145568848e-01
1.722412109375000000e-01 7.744032144546508789e-01
6.722412109375000000e-01 7.745282053947448730e-01
4.222412109375000000e-01 7.746531963348388672e-01
9.222412109375000000e-01 7.747781276702880859e-01
1.097412109375000000e-01 7.749031186103820801e-01
6.097412109375000000e-01 7.750281095504760742e-01
3.597412109375000000e-01 7.751531004905700684e-01
8.597412109375000000e-01 7.752780914306640625e-01
2.347412109375000000e-01 7.754030823707580566e-01
7.347412109375000000e-01 7.755280733108520508e-01
4.847412109375000000e-01 7.756530642509460449e-01
9.847412109375000000e-01 7.757780551910400391e-01
8.178710937500000000e-03 7.759029865264892578e-01
5.081787109375000000e-01 7.760279774665832520e-01
2.581787109375000000e-01 7.761529684066772461e-01
7.581787109375000000e-01 7.762779593467712402e-01
1.331787109375000000e-01 7.764029502868652344e-01
6.331787109375000000e-01 7.765279412269592285e-01
3.831787109375000000e-01 7.766529321670532227e-01
8.831787109375000000e-01 7.767779231071472168e-01
7.067871093750000000e-02 7.769029140472412109e-01
5.706787109375000000e-01 7.770278453826904297e-01
3.206787109375000000e-01 7.771528363227844238e-01
8.206787109375000000e-01 7.772778272628784180e-01
1.956787109375000000e-01 7.774028182029724121e-01
6.956787109375000000e-01 7.775278091430664062e-01
4.456787109375000000e-01 7.776528000831604004e-01
9.456787109375000000e-01 7.777777910232543945e-01
3.942871093750000000e-02 7.779027819633483887e-01
5.394287109375000000e-01 7.780277729034423828e-01
2.894287109375000000e-01 7.781527042388916016e-01
7.894287109375000000e-01 7.782776951789855957e-01
1.644287109375000000e-01 7.784026861190795898e-01
6.644287109375000000e-01 7.785276770591735840e-01
4.144287109375000000e-01 7.786526679992675781e-01
9.144287109375000000e-01 7.787776589393615723e-01
1.019287109375000000e-01 7.789026498794555664e-01
6.019287109375000000e-01 7.790276408195495605e-01
3.519287109375000000e-01 7.791526317596435547e-01
8.519287109375000000e-01 7.792775630950927734e-01
2.269287109375000000e-01 7.794025540351867676e-01
7.269287109375000000e-01 7.795275449752807617e-01
4.769287109375000000e-01 7.796525359153747559e-01
9.769287109375000000e-01 7.797775268554687500e-01
2.380371093750000000e-02 7.799025177955627441e-01
5.238037109375000000e-01 7.800275087356567383e-01
2.738037109375000000e-01 7.801524996757507324e-01
7.738037109375000000e-01 7.802774906158447266e-01
1.488037109375000000e-01 7.804024219512939453e-01
6.488037109375000000e-01 7.805274128913879395e-01
3.988037109375000000e-01 7.806524038314819336e-01
8.988037109375000000e-01 7.807773947715759277e-01
8.630371093750000000e-02 7.809023857116699219e-01
5.863037109375000000e-01 7.810273766517639160e-01
3.363037109375000000e-01 7.811523675918579102e-01
8.363037109375000000e-01 7.812773585319519043e-01
2.113037109375000000e-01 7.814023494720458984e-01
7.113037109375000000e-01 7.815272808074951172e-01
4.613037109375000000e-01 7.816522717475891113e-01
9.613037109375000000e-01 7.817772626876831055e-01
5.505371093750000000e-02 7.819022536277770996e-01
5.550537109375000000e-01 7.820272445678710938e-01
3.050537109375000000e-01 7.821522355079650879e-01
8.050537109375000000e-01 7.822772264480590820e-01
1.800537109375000000e-01 7.824022173881530762e-01
6.800537109375000000e-01 7.825272083282470703e-01
4.300537109375000000e-01 7.826521396636962891e-01
9.300537109375000000e-01 7.827771306037902832e-01
1.175537109375000000e-01 7.829021215438842773e-01
6.175537109375000000e-01 7.830271124839782715e-01
3.675537109375000000e-01 7.831521034240722656e-01
8.675537109375000000e-01 7.832770943641662598e-01
2.425537109375000000e-01 7.834020853042602539e-01
7.425537109375000000e-01 7.835270762443542480e-01
4.925537109375000000e-01 7.836520671844482422e-01
9.925537109375000000e-01 7.837769985198974609e-01
4.272460937500000000e-03 7.839019894599914551e-01
5.042724609375000000e-01 7.840269804000854492e-01
2.542724609375000000e-01 7.841519713401794434e-01
7.542724609375000000e-01 7.842769622802734375e-01
1.292724609375000000e-01 7.844019532203674316e-01
6.292724609375000000e-01 7.845269441604614258e-01
3.792724609375000000e-01 7.846519351005554199e-01
8.792724609375000000e-01 7.847769260406494141e-01
6.677246093750000000e-02 7.849019169807434082e-01
5.667724609375000000e-01 7.850268483161926270e-01
3.167724609375000000e-01 7.851518392562866211e-01
8.167724609375000000e-01 7.852768301963806152e-01
1.917724609375000000e-01 7.854018211364746094e-01
6.917724609375000000e-01 7.855268120765686035e-01
4.417724609375000000e-01 7.856518030166625977e-01
9.417724609375000000e-01 7.857767939567565918e-01
3.552246093750000000e-02 7.859017848968505859e-01
5.355224609375000000e-01 7.860267758369445801e-01
2.855224609375000000e-01 7.861517071723937988e-01
7.855224609375000000e-01 7.862766981124877930e-01
1.605224609375000000e-01 7.864016890525817871e-01
6.605224609375000000e-01 7.865266799926757812e-01
4.105224609375000000e-01 7.866516709327697754e-01
9.105224609375000000e-01 7.867766618728637695e-01
9.802246093750000000e-02 7.869016528129577637e-01
5.980224609375000000e-01 7.870266437530517578e-01
3.480224609375000000e-01 7.871516346931457520e-01
8.480224609375000000e-01 7.872765660285949707e-01
2.230224609375000000e-01 7.874015569686889648e-01
7.230224609375000000e-01 7.875265479087829590e-01
4.730224609375000000e-01 7.876515388488769531e-01
9.730224609375000000e-01 7.877765297889709473e-01
1.989746093750000000e-02 7.879015207290649414e-01
5.198974609375000000e-01 7.880265116691589355e-01
2.698974609375000000e-01 7.881515026092529297e-01
7.698974609375000000e-01 7.882764935493469238e-01
1.448974609375000000e-01 7.884014248847961426e-01
6.448974609375000000e-01 7.885264158248901367e-01
3.948974609375000000e-01 7.886514067649841309e-01
8.948974609375000000e-01 7.887763977050781250e-01
8.239746093750000000e-02 7.889013886451721191e-01
5.823974609375000000e-01 7.890263795852661133e-01
3.323974609375000000e-01 7.891513705253601074e-01
8.323974609375000000e-01 7.892763614654541016e-01
2.073974609375000000e-01 7.894013524055480957e-01
7.073974609375000000e-01 7.895262837409973145e-01
4.573974609375000000e-01 7.896512746810913086e-01
9.573974609375000000e-01 7.897762656211853027e-01
5.114746093750000000e-02 7.899012565612792969e-01
5.511474609375000000e-01 7.900262475013732910e-01
3.011474609375000000e-01 7.901512384414672852e-01
8.011474609375000000e-01 7.902762293815612793e-01
1.761474609375000000e-01 7.904012203216552734e-01
6.761474609375000000e-01 7.905262112617492676e-01
4.261474609375000000e-01 7.906511425971984863e-01
9.261474609375000000e-01 7.907761335372924805e-01
1.136474609375000000e-01 7.909011244773864746e-01
6.136474609375000000e-01 7.910261154174804688e-01
3.636474609375000000e-01 7.911511063575744629e-01
8.636474609375000000e-01 7.912760972976684570e-01
2.386474609375000000e-01 7.914010882377624512e-01
7.386474609375000000e-01 7.915260791778564453e-01
4.886474609375000000e-01 7.916510701179504395e-01
9.886474609375000000e-01 7.917760014533996582e-01
1.208496093750000000e-02 7.919009923934936523e-01
5.120849609375000000e-01 7.920259833335876465e-01
2.620849609375000000e-01 7.921509742736816406e-01
7.620849609375000000e-01 7.922759652137756348e-01
1.370849609375000000e-01 7.924009561538696289e-01
6.370849609375000000e-01 7.925259470939636230e-01
3.870849609375000000e-01 7.926509380340576172e-01
8.870849609375000000e-01 7.927759289741516113e-01
7.458496093750000000e-02 7.929008603096008301e-01
5.745849609375000000e-01 7.930258512496948242e-01
3.245849609375000000e-01 7.931508421897888184e-01
8.245849609375000000e-01 7.932758331298828125e-01
1.995849609375000000e-01 7.934008240699768066e-01
6.995849609375000000e-01 7.935258150100708008e-01
4.495849609375000000e-01 7.936508059501647949e-01
9.495849609375000000e-01 7.937757968902587891e-01
4.333496093750000000e-02 7.939007878303527832e-01
5.433349609375000000e-01 7.940257191658020020e-01
2.933349609375000000e-01 7.941507101058959961e-01
7.933349609375000000e-01 7.942757010459899902e-01
1.683349609375000000e-01 7.944006919860839844e-01
6.683349609375000000e-01 7.945256829261779785e-01
4.183349609375000000e-01 7.946506738662719727e-01
9.183349609375000000e-01 7.947756648063659668e-01
1.058349609375000000e-01 7.949006557464599609e-01
6.058349609375000000e-01 7.950256466865539551e-01
3.558349609375000000e-01 7.951505780220031738e-01
8.558349609375000000e-01 7.952755689620971680e-01
2.308349609375000000e-01 7.954005599021911621e-01
7.308349609375000000e-01 7.955255508422851562e-01
4.808349609375000000e-01 7.956505417823791504e-01
9.808349609375000000e-01 7.957755327224731445e-01
2.770996093750000000e-02 7.959005236625671387e-01
5.277099609375000000e-01 7.960255146026611328e-01
2.777099609375000000e-01 7.961505055427551270e-01
7.777099609375000000e-01 7.962754368782043457e-01
1.527099609375000000e-01 7.964004278182983398e-01
6.527099609375000000e-01 7.965254187583923340e-01
4.027099609375000000e-01 7.966504096984863281e-01
9.027099609375000000e-01 7.967754006385803223e-01
9.020996093750000000e-02 7.969003915786743164e-01
5.902099609375000000e-01 7.970253825187683105e-01
3.402099609375000000e-01 7.971503734588623047e-01
8.402099609375000000e-01 7.972753643989562988e-01
2.152099609375000000e-01 7.974002957344055176e-01
7.152099609375000000e-01 7.975252866744995117e-01
4.652099609375000000e-01 7.976502776145935059e-01
9.652099609375000000e-01 7.977752685546875000e-01
5.895996093750000000e-02 7.979002594947814941e-01
5.589599609375000000e-01 7.980252504348754883e-01
3.089599609375000000e-01 7.981502413749694824e-01
8.089599609375000000e-01 7.982752323150634766e-01
1.839599609375000000e-01 7.984002232551574707e-01
6.839599609375000000e-01 7.985251545906066895e-01
4.339599609375000000e-01 7.986501455307006836e-01
9.339599609375000000e-01 7.987751364707946777e-01
1.214599609375000000e-01 7.989001274108886719e-01
6.214599609375000000e-01 7.990251183509826660e-01
3.714599609375000000e-01 7.991501092910766602e-01
8.714599609375000000e-01 7.992751002311706543e-01
2.464599609375000000e-01 7.994000911712646484e-01
7.464599609375000000e-01 7.995250821113586426e-01
4.964599609375000000e-01 7.996500730514526367e-01
9.964599609375000000e-01 7.997750043869018555e-01
2.319335937500000000e-03 7.998999953269958496e-01
5.023193359375000000e-01 8.000249862670898438e-01
2.523193359375000000e-01 8.001499772071838379e-01
7.523193359375000000e-01 8.002749681472778320e-01
1.273193359375000000e-01 8.003999590873718262e-01
6.273193359375000000e-01 8.005249500274658203e-01
3.773193359375000000e-01 8.006499409675598145e-01
8.773193359375000000e-01 8.007749319076538086e-01
6.481933593750000000e-02 8.008998632431030273e-01
5.648193359375000000e-01 8.010248541831970215e-01
3.148193359375000000e-01 8.011498451232910156e-01
8.148193359375000000e-01 8.012748360633850098e-01
1.898193359375000000e-01 8.013998270034790039e-01
6.898193359375000000e-01 8.015248179435729980e-01
4.398193359375000000e-01 8.016498088836669922e-01
9.398193359375000000e-01 8.017747998237609863e-01
3.356933593750000000e-02 8.018997907638549805e-01
5.335693359375000000e-01 8.020247220993041992e-01
2.835693359375000000e-01 8.021497130393981934e-01
7.835693359375000000e-01 8.022747039794921875e-01
1.585693359375000000e-01 8.023996949195861816e-01
6.585693359375000000e-01 8.025246858596801758e-01
4.085693359375000000e-01 8.026496767997741699e-01
9.085693359375000000e-01 8.027746677398681641e-01
9.606933593750000000e-02 8.028996586799621582e-01
5.960693359375000000e-01 8.030246496200561523e-01
3.460693359375000000e-01 8.031495809555053711e-01
8.460693359375000000e-01 8.032745718955993652e-01
2.210693359375000000e-01 8.033995628356933594e-01
7.210693359375000000e-01 8.035245537757873535e-01
4.710693359375000000e-01 8.036495447158813477e-01
9.710693359375000000e-01 8.037745356559753418e-01
1.794433593750000000e-02 8.038995265960693359e-01
5.179443359375000000e-01 8.040245175361633301e-01
2.679443359375000000e-01 8.041495084762573242e-01
7.679443359375000000e-01 8.042744398117065430e-01
1.429443359375000000e-01 8.043994307518005371e-01
6.429443359375000000e-01 8.045244216918945312e-01
3.929443359375000000e-01 8.046494126319885254e-01
8.929443359375000000e-01 8.047744035720825195e-01
8.044433593750000000e-02 8.048993945121765137e-01
5.804443359375000000e-01 8.050243854522705078e-01
3.304443359375000000e-01 8.051493763923645020e-01
8.304443359375000000e-01 8.052743673324584961e-01
2.054443359375000000e-01 8.053992986679077148e-01
7.054443359375000000e-01 8.055242896080017090e-01
4.554443359375000000e-01 8.056492805480957031e-01
9.554443359375000000e-01 8.057742714881896973e-01
4.919433593750000000e-02 8.058992624282836914e-01
5.491943359375000000e-01 8.060242533683776855e-01
2.991943359375000000e-01 8.061492443084716797e-01
7.991943359375000000e-01 8.062742352485656738e-01
1.741943359375000000e-01 8.063992261886596680e-01
6.741943359375000000e-01 8.065241575241088867e-01
4.241943359375000000e-01 8.066491484642028809e-01
9.241943359375000000e-01 8.067741394042968750e-01
1.116943359375000000e-01 8.068991303443908691e-01
6.116943359375000000e-01 8.070241212844848633e-01
3.616943359375000000e-01 8.071491122245788574e-01
8.616943359375000000e-01 8.072741031646728516e-01
2.366943359375000000e-01 8.073990941047668457e-01
7.366943359375000000e-01 8.075240850448608398e-01
4.866943359375000000e-01 8.076490163803100586e-01
9.866943359375000000e-01 8.077740073204040527e-01
1.013183593750000000e-02 8.078989982604980469e-01
5.101318359375000000e-01 8.080239892005920410e-01
2.601318359375000000e-01 8.081489801406860352e-01
7.601318359375000000e-01 8.082739710807800293e-01
1.351318359375000000e-01 8.083989620208740234e-01
6.351318359375000000e-01 8.085239529609680176e-01
3.851318359375000000e-01 8.086489439010620117e-01
8.851318359375000000e-01 8.087738752365112305e-01
7.263183593750000000e-02 8.088988661766052246e-01
5.726318359375000000e-01 8.090238571166992188e-01
3.226318359375000000e-01 8.091488480567932129e-01
8.226318359375000000e-01 8.092738389968872070e-01
1.976318359375000000e-01 8.093988299369812012e-01
6.976318359375000000e-01 8.095238208770751953e-01
4.476318359375000000e-01 8.096488118171691895e-01
9.476318359375000000e-01 8.097738027572631836e-01
4.138183593750000000e-02 8.098987340927124023e-01
5.413818359375000000e-01 8.100237250328063965e-01
2.913818359375000000e-01 8.101487159729003906e-01
7.913818359375000000e-01 8.102737069129943848e-01
1.663818359375000000e-01 8.103986978530883789e-01
6.663818359375000000e-01 8.105236887931823730e-01
4.163818359375000000e-01 8.106486797332763672e-01
9.163818359375000000e-01 8.107736706733703613e-01
1.038818359375000000e-01 8.108986616134643555e-01
6.038818359375000000e-01 8.110235929489135742e-01
3.538818359375000000e-01 8.111485838890075684e-01
8.538818359375000000e-01 8.112735748291015625e-01
2.288818359375000000e-01 8.113985657691955566e-01
7.288818359375000000e-01 8.115235567092895508e-01
4.788818359375000000e-01 8.116485476493835449e-01
9.788818359375000000e-01 8.117735385894775391e-01
2.575683593750000000e-02 8.118985295295715332e-01
5.257568359375000000e-01 8.120235204696655273e-01
2.757568359375000000e-01 8.121484518051147461e-01
7.757568359375000000e-01 8.122734427452087402e-01
1.507568359375000000e-01 8.123984336853027344e-01
6.507568359375000000e-01 8.125234246253967285e-01
4.007568359375000000e-01 8.126484155654907227e-01
9.007568359375000000e-01 8.127734065055847168e-01
8.825683593750000000e-02 8.128983974456787109e-01
5.882568359375000000e-01 8.130233883857727051e-01
3.382568359375000000e-01 8.131483793258666992e-01
8.382568359375000000e-01 8.132733702659606934e-01
2.132568359375000000e-01 8.133983016014099121e-01
7.132568359375000000e-01 8.135232925415039062e-01
4.632568359375000000e-01 8.136482834815979004e-01
9.632568359375000000e-01 8.137732744216918945e-01
5.700683593750000000e-02 8.138982653617858887e-01
5.570068359375000000e-01 8.140232563018798828e-01
3.070068359375000000e-01 8.141482472419738770e-01
8.070068359375000000e-01 8.142732381820678711e-01
1.820068359375000000e-01 8.143982291221618652e-01
6.820068359375000000e-01 8.145231604576110840e-01
4.320068359375000000e-01 8.146481513977050781e-01
9.320068359375000000e-01 8.147731423377990723e-01
1.195068359375000000e-01 8.148981332778930664e-01
6.195068359375000000e-01 8.150231242179870605e-01
3.695068359375000000e-01 8.151481151580810547e-01
8.695068359375000000e-01 8.152731060981750488e-01
2.445068359375000000e-01 8.153980970382690430e-01
7.445068359375000000e-01 8.155230879783630371e-01
4.945068359375000000e-01 8.156480193138122559e-01
9.945068359375000000e-01 8.157730102539062500e-01
6.225585937500000000e-03 8.158980011940002441e-01
5.062255859375000000e-01 8.160229921340942383e-01
2.562255859375000000e-01 8.161479830741882324e-01
7.562255859375000000e-01 8.162729740142822266e-01
1.312255859375000000e-01 8.163979649543762207e-01
6.312255859375000000e-01 8.165229558944702148e-01
3.812255859375000000e-01 8.166479468345642090e-01
8.812255859375000000e-01 8.167728781700134277e-01
6.872558593750000000e-02 8.168978691101074219e-01
5.687255859375000000e-01 8.170228600502014160e-01
3.187255859375000000e-01 8.171478509902954102e-01
8.187255859375000000e-01 8.172728419303894043e-01
1.937255859375000000e-01 8.173978328704833984e-01
6.937255859375000000e-01 8.175228238105773926e-01
4.437255859375000000e-01 8.176478147506713867e-01
9.437255859375000000e-01 8.177728056907653809e-01
3.747558593750000000e-02 8.178977370262145996e-01
5.374755859375000000e-01 8.180227279663085938e-01
2.874755859375000000e-01 8.181477189064025879e-01
7.874755859375000000e-01 8.182727098464965820e-01
1.624755859375000000e-01 8.183977007865905762e-01
6.624755859375000000e-01 8.185226917266845703e-01
4.124755859375000000e-01 8.186476826667785645e-01
9.124755859375000000e-01 8.187726736068725586e-01
9.997558593750000000e-02 8.188976645469665527e-01
5.999755859375000000e-01 8.190225958824157715e-01
3.499755859375000000e-01 8.191475868225097656e-01
8.499755859375000000e-01 8.192725777626037598e-01
2.249755859375000000e-01 8.193975687026977539e-01
7.249755859375000000e-01 8.195225596427917480e-01
4.749755859375000000e-01 8.196475505828857422e-01
9.749755859375000000e-01 8.197725415229797363e-01
2.185058593750000000e-02 8.198975324630737305e-01
5.218505859375000000e-01 8.200225234031677246e-01
2.718505859375000000e-01 8.201474547386169434e-01
7.718505859375000000e-01 8.202724456787109375e-01
1.468505859375000000e-01 8.203974366188049316e-01
6.468505859375000000e-01 8.205224275588989258e-01
3.968505859375000000e-01 8.206474184989929199e-01
8.968505859375000000e-01 8.207724094390869141e-01
8.435058593750000000e-02 8.208974003791809082e-01
5.843505859375000000e-01 8.210223913192749023e-01
3.343505859375000000e-01 8.211473822593688965e-01
8.343505859375000000e-01 8.212723135948181152e-01
2.093505859375000000e-01 8.213973045349121094e-01
7.093505859375000000e-01 8.215222954750061035e-01
4.593505859375000000e-01 8.216472864151000977e-01
9.593505859375000000e-01 8.217722773551940918e-01
5.310058593750000000e-02 8.218972682952880859e-01
5.531005859375000000e-01 8.220222592353820801e-01
3.031005859375000000e-01 8.221472501754760742e-01
8.031005859375000000e-01 8.222722411155700684e-01
1.781005859375000000e-01 8.223971724510192871e-01
6.781005859375000000e-01 8.225221633911132812e-01
4.281005859375000000e-01 8.226471543312072754e-01
9.281005859375000000e-01 8.227721452713012695e-01
1.156005859375000000e-01 8.228971362113952637e-01
6.156005859375000000e-01 8.230221271514892578e-01
3.656005859375000000e-01 8.231471180915832520e-01
8.656005859375000000e-01 8.232721090316772461e-01
2.406005859375000000e-01 8.233970999717712402e-01
7.406005859375000000e-01 8.235220313072204590e-01
4.906005859375000000e-01 8.236470222473144531e-01
9.906005859375000000e-01 8.237720131874084473e-01
1.403808593750000000e-02 8.238970041275024414e-01
5.140380859375000000e-01 8.240219950675964355e-01
2.640380859375000000e-01 8.241469860076904297e-01
7.640380859375000000e-01 8.242719769477844238e-01
1.390380859375000000e-01 8.243969678878784180e-01
6.390380859375000000e-01 8.245219588279724121e-01
3.890380859375000000e-01 8.246468901634216309e-01
8.890380859375000000e-01 8.247718811035156250e-01
7.653808593750000000e-02 8.248968720436096191e-01
5.765380859375000000e-01 8.250218629837036133e-01
3.265380859375000000e-01 8.251468539237976074e-01
8.265380859375000000e-01 8.252718448638916016e-01
2.015380859375000000e-01 8.253968358039855957e-01
7.015380859375000000e-01 8.255218267440795898e-01
4.515380859375000000e-01 8.256468176841735840e-01
9.515380859375000000e-01 8.257717490196228027e-01
4.528808593750000000e-02 8.258967399597167969e-01
5.452880859375000000e-01 8.260217308998107910e-01
2.952880859375000000e-01 8.261467218399047852e-01
7.952880859375000000e-01 8.262717127799987793e-01
1.702880859375000000e-01 8.263967037200927734e-01
6.702880859375000000e-01 8.265216946601867676e-01
4.202880859375000000e-01 8.266466856002807617e-01
9.202880859375000000e-01 8.267716765403747559e-01
1.077880859375000000e-01 8.268966674804687500e-01
6.077880859375000000e-01 8.270215988159179688e-01
3.577880859375000000e-01 8.271465897560119629e-01
8.577880859375000000e-01 8.272715806961059570e-01
2.327880859375000000e-01 8.273965716361999512e-01
7.327880859375000000e-01 8.275215625762939453e-01
4.827880859375000000e-01 8.276465535163879395e-01
9.827880859375000000e-01 8.277715444564819336e-01
2.966308593750000000e-02 8.278965353965759277e-01
5.296630859375000000e-01 8.280215263366699219e-01
2.796630859375000000e-01 8.281464576721191406e-01
7.796630859375000000e-01 8.282714486122131348e-01
1.546630859375000000e-01 8.283964395523071289e-01
6.546630859375000000e-01 8.285214304924011230e-01
4.046630859375000000e-01 8.286464214324951172e-01
9.046630859375000000e-01 8.287714123725891113e-01
9.216308593750000000e-02 8.288964033126831055e-01
5.921630859375000000e-01 8.290213942527770996e-01
3.421630859375000000e-01 8.291463851928710938e-01
8.421630859375000000e-01 8.292713165283203125e-01
2.171630859375000000e-01 8.293963074684143066e-01
7.171630859375000000e-01 8.295212984085083008e-01
4.671630859375000000e-01 8.296462893486022949e-01
9.671630859375000000e-01 8.297712802886962891e-01
6.091308593750000000e-02 8.298962712287902832e-01
5.609130859375000000e-01 8.300212621688842773e-01
3.109130859375000000e-01 8.301462531089782715e-01
8.109130859375000000e-01 8.302712440490722656e-01
1.859130859375000000e-01 8.303961753845214844e-01
6.859130859375000000e-01 8.305211663246154785e-01
4.359130859375000000e-01 8.306461572647094727e-01
9.359130859375000000e-01 8.307711482048034668e-01
1.234130859375000000e-01 8.308961391448974609e-01
6.234130859375000000e-01 8.310211300849914551e-01
3.734130859375000000e-01 8.311461210250854492e-01
8.734130859375000000e-01 8.312711119651794434e-01
2.484130859375000000e-01 8.313961029052734375e-01
7.484130859375000000e-01 8.315210342407226562e-01
4.984130859375000000e-01 8.316460251808166504e-01
9.984130859375000000e-01 8.317710161209106445e-01
1.342773437500000000e-03 8.318960070610046387e-01
5.013427734375000000e-01 8.320209980010986328e-01
2.513427734375000000e-01 8.321459889411926270e-01
7.513427734375000000e-01 8.322709798812866211e-01
1.263427734375000000e-01 8.323959708213806152e-01
6.263427734375000000e-01 8.325209617614746094e-01
3.763427734375000000e-01 8.326458930969238281e-01
8.763427734375000000e-01 8.327708840370178223e-01
6.384277343750000000e-02 8.328958749771118164e-01
5.638427734375000000e-01 8.330208659172058105e-01
3.138427734375000000e-01 8.331458568572998047e-01
8.138427734375000000e-01 8.332708477973937988e-01
1.888427734375000000e-01 8.333958387374877930e-01
6.888427734375000000e-01 8.335208296775817871e-01
4.388427734375000000e-01 8.336458206176757812e-01
9.388427734375000000e-01 8.337707519531250000e-01
3.259277343750000000e-02 8.338957428932189941e-01
5.325927734375000000e-01 8.340207338333129883e-01
2.825927734375000000e-01 8.341457247734069824e-01
7.825927734375000000e-01 8.342707157135009766e-01
1.575927734375000000e-01 8.343957066535949707e-01
6.575927734375000000e-01 8.345206975936889648e-01
4.075927734375000000e-01 8.346456885337829590e-01
9.075927734375000000e-01 8.347706794738769531e-01
9.509277343750000000e-02 8.348956108093261719e-01
5.950927734375000000e-01 8.350206017494201660e-01
3.450927734375000000e-01 8.351455926895141602e-01
8.450927734375000000e-01 8.352705836296081543e-01
2.200927734375000000e-01 8.353955745697021484e-01
7.200927734375000000e-01 8.355205655097961426e-01
4.700927734375000000e-01 8.356455564498901367e-01
9.700927734375000000e-01 8.357705473899841309e-01
1.696777343750000000e-02 8.358955383300781250e-01
5.169677734375000000e-01 8.360204696655273438e-01
2.669677734375000000e-01 8.361454606056213379e-01
7.669677734375000000e-01 8.362704515457153320e-01
1.419677734375000000e-01 8.363954424858093262e-01
6.419677734375000000e-01 8.365204334259033203e-01
3.919677734375000000e-01 8.366454243659973145e-01
8.919677734375000000e-01 8.367704153060913086e-01
7.946777343750000000e-02 8.368954062461853027e-01
5.794677734375000000e-01 8.370203971862792969e-01
3.294677734375000000e-01 8.371453285217285156e-01
8.294677734375000000e-01 8.372703194618225098e-01
2.044677734375000000e-01 8.373953104019165039e-01
7.044677734375000000e-01 8.375203013420104980e-01
4.544677734375000000e-01 8.376452922821044922e-01
9.544677734375000000e-01 8.377702832221984863e-01
4.821777343750000000e-02 8.378952741622924805e-01
5.482177734375000000e-01 8.380202651023864746e-01
2.982177734375000000e-01 8.381452560424804688e-01
7.982177734375000000e-01 8.382701873779296875e-01
1.732177734375000000e-01 8.383951783180236816e-01
6.732177734375000000e-01 8.385201692581176758e-01
4.232177734375000000e-01 8.386451601982116699e-01
9.232177734375000000e-01 8.387701511383056641e-01
1.107177734375000000e-01 8.388951420783996582e-01
6.107177734375000000e-01 8.390201330184936523e-01
3.607177734375000000e-01 8.391451239585876465e-01
8.607177734375000000e-01 8.392701148986816406e-01
2.357177734375000000e-01 8.393950462341308594e-01
7.357177734375000000e-01 8.395200371742248535e-01
4.857177734375000000e-01 8.396450281143188477e-01
9.857177734375000000e-01 8.397700190544128418e-01
9.155273437500000000e-03 8.398950099945068359e-01
5.091552734375000000e-01 8.400200009346008301e-01
2.591552734375000000e-01 8.401449918746948242e-01
7.591552734375000000e-01 8.402699828147888184e-01
1.341552734375000000e-01 8.403949737548828125e-01
6.341552734375000000e-01 8.405199646949768066e-01
3.841552734375000000e-01 8.406448960304260254e-01
8.841552734375000000e-01 8.407698869705200195e-01
7.165527343750000000e-02 8.408948779106140137e-01
5.716552734375000000e-01 8.410198688507080078e-01
3.216552734375000000e-01 8.411448597908020020e-01
8.216552734375000000e-01 8.412698507308959961e-01
1.966552734375000000e-01 8.413948416709899902e-01
6.966552734375000000e-01 8.415198326110839844e-01
4.466552734375000000e-01 8.416448235511779785e-01
9.466552734375000000e-01 8.417697548866271973e-01
4.040527343750000000e-02 8.418947458267211914e-01
5.404052734375000000e-01 8.420197367668151855e-01
2.904052734375000000e-01 8.421447277069091797e-01
7.904052734375000000e-01 8.422697186470031738e-01
1.654052734375000000e-01 8.423947095870971680e-01
6.654052734375000000e-01 8.425197005271911621e-01
4.154052734375000000e-01 8.426446914672851562e-01
9.154052734375000000e-01 8.427696824073791504e-01
1.029052734375000000e-01 8.428946137428283691e-01
6.029052734375000000e-01 8.430196046829223633e-01
3.529052734375000000e-01 8.431445956230163574e-01
8.529052734375000000e-01 8.432695865631103516e-01
2.279052734375000000e-01 8.433945775032043457e-01
7.279052734375000000e-01 8.435195684432983398e-01
4.779052734375000000e-01 8.436445593833923340e-01
9.779052734375000000e-01 8.437695503234863281e-01
2.478027343750000000e-02 8.438945412635803223e-01
5.247802734375000000e-01 8.440194725990295410e-01
2.747802734375000000e-01 8.441444635391235352e-01
7.747802734375000000e-01 8.442694544792175293e-01
1.497802734375000000e-01 8.443944454193115234e-01
6.497802734375000000e-01 8.445194363594055176e-01
3.997802734375000000e-01 8.446444272994995117e-01
8.997802734375000000e-01 8.447694182395935059e-01
8.728027343750000000e-02 8.448944091796875000e-01
5.872802734375000000e-01 8.450194001197814941e-01
3.372802734375000000e-01 8.451443314552307129e-01
8.372802734375000000e-01 8.452693223953247070e-01
2.122802734375000000e-01 8.453943133354187012e-01
7.122802734375000000e-01 8.455193042755126953e-01
4.622802734375000000e-01 8.456442952156066895e-01
9.622802734375000000e-01 8.457692861557006836e-01
5.603027343750000000e-02 8.458942770957946777e-01
5.560302734375000000e-01 8.460192680358886719e-01
3.060302734375000000e-01 8.461442589759826660e-01
8.060302734375000000e-01 8.462691903114318848e-01
1.810302734375000000e-01 8.463941812515258789e-01
6.810302734375000000e-01 8.465191721916198730e-01
4.310302734375000000e-01 8.466441631317138672e-01
9.310302734375000000e-01 8.467691540718078613e-01
1.185302734375000000e-01 8.468941450119018555e-01
6.185302734375000000e-01 8.470191359519958496e-01
3.685302734375000000e-01 8.471441268920898438e-01
8.685302734375000000e-01 8.472691178321838379e-01
2.435302734375000000e-01 8.473940491676330566e-01
7.435302734375000000e-01 8.475190401077270508e-01
4.935302734375000000e-01 8.476440310478210449e-01
9.935302734375000000e-01 8.477690219879150391e-01
5.249023437500000000e-03 8.478940129280090332e-01
5.052490234375000000e-01 8.480190038681030273e-01
2.552490234375000000e-01 8.481439948081970215e-01
7.552490234375000000e-01 8.482689857482910156e-01
1.302490234375000000e-01 8.483939766883850098e-01
6.302490234375000000e-01 8.485189080238342285e-01
3.802490234375000000e-01 8.486438989639282227e-01
8.802490234375000000e-01 8.487688899040222168e-01
6.774902343750000000e-02 8.488938808441162109e-01
5.677490234375000000e-01 8.490188717842102051e-01
3.177490234375000000e-01 8.491438627243041992e-01
8.177490234375000000e-01 8.492688536643981934e-01
1.927490234375000000e-01 8.493938446044921875e-01
6.927490234375000000e-01 8.495188355445861816e-01
4.427490234375000000e-01 8.496437668800354004e-01
9.427490234375000000e-01 8.497687578201293945e-01
3.649902343750000000e-02 8.498937487602233887e-01
5.364990234375000000e-01 8.500187397003173828e-01
2.864990234375000000e-01 8.501437306404113770e-01
7.864990234375000000e-01 8.502687215805053711e-01
1.614990234375000000e-01 8.503937125205993652e-01
6.614990234375000000e-01 8.505187034606933594e-01
4.114990234375000000e-01 8.506436944007873535e-01
9.114990234375000000e-01 8.507686257362365723e-01
9.899902343750000000e-02 8.508936166763305664e-01
5.989990234375000000e-01 8.510186076164245605e-01
3.489990234375000000e-01 8.511435985565185547e-01
8.489990234375000000e-01 8.512685894966125488e-01
2.239990234375000000e-01 8.513935804367065430e-01
7.239990234375000000e-01 8.515185713768005371e-01
4.739990234375000000e-01 8.516435623168945312e-01
9.739990234375000000e-01 8.517685532569885254e-01
2.087402343750000000e-02 8.518934845924377441e-01
5.208740234375000000e-01 8.520184755325317383e-01
2.708740234375000000e-01 8.521434664726257324e-01
7.708740234375000000e-01 8.522684574127197266e-01
1.458740234375000000e-01 8.523934483528137207e-01
6.458740234375000000e-01 8.525184392929077148e-01
3.958740234375000000e-01 8.526434302330017090e-01
8.958740234375000000e-01 8.527684211730957031e-01
8.337402343750000000e-02 8.528934121131896973e-01
5.833740234375000000e-01 8.530183434486389160e-01
3.333740234375000000e-01 8.531433343887329102e-01
8.333740234375000000e-01 8.532683253288269043e-01
2.083740234375000000e-01 8.533933162689208984e-01
7.083740234375000000e-01 8.535183072090148926e-01
4.583740234375000000e-01 8.536432981491088867e-01
9.583740234375000000e-01 8.537682890892028809e-01
5.212402343750000000e-02 8.538932800292968750e-01
5.521240234375000000e-01 8.540182709693908691e-01
3.021240234375000000e-01 8.541432023048400879e-01
8.021240234375000000e-01 8.542681932449340820e-01
1.771240234375000000e-01 8.543931841850280762e-01
6.771240234375000000e-01 8.545181751251220703e-01
4.271240234375000000e-01 8.546431660652160645e-01
9.271240234375000000e-01 8.547681570053100586e-01
1.146240234375000000e-01 8.548931479454040527e-01
6.146240234375000000e-01 8.550181388854980469e-01
3.646240234375000000e-01 8.551431298255920410e-01
8.646240234375000000e-01 8.552681207656860352e-01
2.396240234375000000e-01 8.553930521011352539e-01
7.396240234375000000e-01 8.555180430412292480e-01
4.896240234375000000e-01 8.556430339813232422e-01
9.896240234375000000e-01 8.557680249214172363e-01
1.306152343750000000e-02 8.558930158615112305e-01
5.130615234375000000e-01 8.560180068016052246e-01
2.630615234375000000e-01 8.561429977416992188e-01
7.630615234375000000e-01 8.562679886817932129e-01
1.380615234375000000e-01 8.563929796218872070e-01
6.380615234375000000e-01 8.565179109573364258e-01
3.880615234375000000e-01 8.566429018974304199e-01
8.880615234375000000e-01 8.567678928375244141e-01
7.556152343750000000e-02 8.568928837776184082e-01
5.755615234375000000e-01 8.570178747177124023e-01
3.255615234375000000e-01 8.571428656578063965e-01
8.255615234375000000e-01 8.572678565979003906e-01
2.005615234375000000e-01 8.573928475379943848e-01
7.005615234375000000e-01 8.575178384780883789e-01
4.505615234375000000e-01 8.576427698135375977e-01
9.505615234375000000e-01 8.577677607536315918e-01
4.431152343750000000e-02 8.578927516937255859e-01
5.443115234375000000e-01 8.580177426338195801e-01
2.943115234375000000e-01 8.581427335739135742e-01
7.943115234375000000e-01 8.582677245140075684e-01
1.693115234375000000e-01 8.583927154541015625e-01
6.693115234375000000e-01 8.585177063941955566e-01
4.193115234375000000e-01 8.586426973342895508e-01
9.193115234375000000e-01 8.587676286697387695e-01
1.068115234375000000e-01 8.588926196098327637e-01
6.068115234375000000e-01 8.590176105499267578e-01
3.568115234375000000e-01 8.591426014900207520e-01
8.568115234375000000e-01 8.592675924301147461e-01
2.318115234375000000e-01 8.593925833702087402e-01
7.318115234375000000e-01 8.595175743103027344e-01
4.818115234375000000e-01 8.596425652503967285e-01
9.818115234375000000e-01 8.597675561904907227e-01
2.868652343750000000e-02 8.598924875259399414e-01
5.286865234375000000e-01 8.600174784660339355e-01
2.786865234375000000e-01 8.601424694061279297e-01
7.786865234375000000e-01 8.602674603462219238e-01
1.536865234375000000e-01 8.603924512863159180e-01
6.536865234375000000e-01 8.605174422264099121e-01
4.036865234375000000e-01 8.606424331665039062e-01
9.036865234375000000e-01 8.607674241065979004e-01
9.118652343750000000e-02 8.608924150466918945e-01
5.911865234375000000e-01 8.610173463821411133e-01
3.411865234375000000e-01 8.611423373222351074e-01
8.411865234375000000e-01 8.612673282623291016e-01
2.161865234375000000e-01 8.613923192024230957e-01
7.161865234375000000e-01 8.615173101425170898e-01
4.661865234375000000e-01 8.616423010826110840e-01
9.661865234375000000e-01 8.617672920227050781e-01
5.993652343750000000e-02 8.618922829627990723e-01
5.599365234375000000e-01 8.620172739028930664e-01
3.099365234375000000e-01 8.621422052383422852e-01
8.099365234375000000e-01 8.622671961784362793e-01
1.849365234375000000e-01 8.623921871185302734e-01
6.849365234375000000e-01 8.625171780586242676e-01
4.349365234375000000e-01 8.626421689987182617e-01
9.349365234375000000e-01 8.627671599388122559e-01
1.224365234375000000e-01 8.628921508789062500e-01
6.224365234375000000e-01 8.630171418190002441e-01
3.724365234375000000e-01 8.631421327590942383e-01
8.724365234375000000e-01 8.632670640945434570e-01
2.474365234375000000e-01 8.633920550346374512e-01
7.474365234375000000e-01 8.635170459747314453e-01
4.974365234375000000e-01 8.636420369148254395e-01
9.974365234375000000e-01 8.637670278549194336e-01
3.295898437500000000e-03 8.638920187950134277e-01
5.032958984375000000e-01 8.640170097351074219e-01
2.532958984375000000e-01 8.641420006752014160e-01
7.532958984375000000e-01 8.642669916152954102e-01
1.282958984375000000e-01 8.643919229507446289e-01
6.282958984375000000e-01 8.645169138908386230e-01
3.782958984375000000e-01 8.646419048309326172e-01
8.782958984375000000e-01 8.647668957710266113e-01
6.579589843750000000e-02 8.648918867111206055e-01
5.657958984375000000e-01 8.650168776512145996e-01
3.157958984375000000e-01 8.651418685913085938e-01
8.157958984375000000e-01 8.652668595314025879e-01
1.907958984375000000e-01 8.653918504714965820e-01
6.907958984375000000e-01 8.655167818069458008e-01
4.407958984375000000e-01 8.656417727470397949e-01
9.407958984375000000e-01 8.657667636871337891e-01
3.454589843750000000e-02 8.658917546272277832e-01
5.345458984375000000e-01 8.660167455673217773e-01
2.845458984375000000e-01 8.661417365074157715e-01
7.845458984375000000e-01 8.662667274475097656e-01
1.595458984375000000e-01 8.663917183876037598e-01
6.595458984375000000e-01 8.665167093276977539e-01
4.095458984375000000e-01 8.666416406631469727e-01
9.095458984375000000e-01 8.667666316032409668e-01
9.704589843750000000e-02 8.668916225433349609e-01
5.970458984375000000e-01 8.670166134834289551e-01
3.470458984375000000e-01 8.671416044235229492e-01
8.470458984375000000e-01 8.672665953636169434e-01
2.220458984375000000e-01 8.673915863037109375e-01
7.220458984375000000e-01 8.675165772438049316e-01
4.720458984375000000e-01 8.676415681838989258e-01
9.720458984375000000e-01 8.677664995193481445e-01
1.892089843750000000e-02 8.678914904594421387e-01
5.189208984375000000e-01 8.680164813995361328e-01
2.689208984375000000e-01 8.681414723396301270e-01
7.689208984375000000e-01 8.682664632797241211e-01
1.439208984375000000e-01 8.683914542198181152e-01
6.439208984375000000e-01 8.685164451599121094e-01
3.939208984375000000e-01 8.686414361000061035e-01
8.939208984375000000e-01 8.687664270401000977e-01
8.142089843750000000e-02 8.688914179801940918e-01
5.814208984375000000e-01 8.690163493156433105e-01
3.314208984375000000e-01 8.691413402557373047e-01
8.314208984375000000e-01 8.692663311958312988e-01
2.064208984375000000e-01 8.693913221359252930e-01
7.064208984375000000e-01 8.695163130760192871e-01
4.564208984375000000e-01 8.696413040161132812e-01
9.564208984375000000e-01 8.697662949562072754e-01
5.017089843750000000e-02 8.698912858963012695e-01
5.501708984375000000e-01 8.700162768363952637e-01
3.001708984375000000e-01 8.701412081718444824e-01
8.001708984375000000e-01 8.702661991119384766e-01
1.751708984375000000e-01 8.703911900520324707e-01
6.751708984375000000e-01 8.705161809921264648e-01
4.251708984375000000e-01 8.706411719322204590e-01
9.251708984375000000e-01 8.707661628723144531e-01
1.126708984375000000e-01 8.708911538124084473e-01
6.126708984375000000e-01 8.710161447525024414e-01
3.626708984375000000e-01 8.711411356925964355e-01
8.626708984375000000e-01 8.712660670280456543e-01
2.376708984375000000e-01 8.713910579681396484e-01
7.376708984375000000e-01 8.715160489082336426e-01
4.876708984375000000e-01 8.716410398483276367e-01
9.876708984375000000e-01 8.717660307884216309e-01
1.110839843750000000e-02 8.718910217285156250e-01
5.111083984375000000e-01 8.720160126686096191e-01
2.611083984375000000e-01 8.721410036087036133e-01
7.611083984375000000e-01 8.722659945487976074e-01
1.361083984375000000e-01 8.723909258842468262e-01
6.361083984375000000e-01 8.725159168243408203e-01
3.861083984375000000e-01 8.726409077644348145e-01
8.861083984375000000e-01 8.727658987045288086e-01
7.360839843750000000e-02 8.728908896446228027e-01
5.736083984375000000e-01 8.730158805847167969e-01
3.236083984375000000e-01 8.731408715248107910e-01
8.236083984375000000e-01 8.732658624649047852e-01
1.986083984375000000e-01 8.733908534049987793e-01
6.986083984375000000e-01 8.735157847404479980e-01
4.486083984375000000e-01 8.736407756805419922e-01
9.486083984375000000e-01 8.737657666206359863e-01
4.235839843750000000e-02 8.738907575607299805e-01
5.423583984375000000e-01 8.740157485008239746e-01
2.923583984375000000e-01 8.741407394409179688e-01
7.923583984375000000e-01 8.742657303810119629e-01
1.673583984375000000e-01 8.743907213211059570e-01
6.673583984375000000e-01 8.745157122611999512e-01
4.173583984375000000e-01 8.746406435966491699e-01
9.173583984375000000e-01 8.747656345367431641e-01
1.048583984375000000e-01 8.748906254768371582e-01
6.048583984375000000e-01 8.750156164169311523e-01
3.548583984375000000e-01 8.751406073570251465e-01
8.548583984375000000e-01 8.752655982971191406e-01
2.298583984375000000e-01 8.753905892372131348e-01
7.298583984375000000e-01 8.755155801773071289e-01
4.798583984375000000e-01 8.756405711174011230e-01
9.798583984375000000e-01 8.757655024528503418e-01
2.673339843750000000e-02 8.758904933929443359e-01
5.267333984375000000e-01 8.760154843330383301e-01
2.767333984375000000e-01 8.761404752731323242e-01
7.767333984375000000e-01 8.762654662132263184e-01
1.517333984375000000e-01 8.763904571533203125e-01
6.517333984375000000e-01 8.765154480934143066e-01
4.017333984375000000e-01 8.766404390335083008e-01
9.017333984375000000e-01 8.767654299736022949e-01
8.923339843750000000e-02 8.768903613090515137e-01
5.892333984375000000e-01 8.770153522491455078e-01
3.392333984375000000e-01 8.771403431892395020e-01
8.392333984375000000e-01 8.772653341293334961e-01
2.142333984375000000e-01 8.773903250694274902e-01
7.142333984375000000e-01 8.775153160095214844e-01
4.642333984375000000e-01 8.776403069496154785e-01
9.642333984375000000e-01 8.777652978897094727e-01
5.798339843750000000e-02 8.778902888298034668e-01
5.579833984375000000e-01 8.780152201652526855e-01
3.079833984375000000e-01 8.781402111053466797e-01
8.079833984375000000e-01 8.782652020454406738e-01
1.829833984375000000e-01 8.783901929855346680e-01
6.829833984375000000e-01 8.785151839256286621e-01
4.329833984375000000e-01 8.786401748657226562e-01
9.329833984375000000e-01 8.787651658058166504e-01
1.204833984375000000e-01 8.788901567459106445e-01
6.204833984375000000e-01 8.790151476860046387e-01
3.704833984375000000e-01 8.791400790214538574e-01
8.704833984375000000e-01 8.792650699615478516e-01
2.454833984375000000e-01 8.793900609016418457e-01
7.454833984375000000e-01 8.795150518417358398e-01
4.954833984375000000e-01 8.796400427818298340e-01
9.954833984375000000e-01 8.797650337219238281e-01
7.202148437500000000e-03 8.798900246620178223e-01
5.072021484375000000e-01 8.800150156021118164e-01
2.572021484375000000e-01 8.801400065422058105e-01
7.572021484375000000e-01 8.802649378776550293e-01
1.322021484375000000e-01 8.803899288177490234e-01
6.322021484375000000e-01 8.805149197578430176e-01
3.822021484375000000e-01 8.806399106979370117e-01
8.822021484375000000e-01 8.807649016380310059e-01
6.970214843750000000e-02 8.808898925781250000e-01
5.697021484375000000e-01 8.810148835182189941e-01
3.197021484375000000e-01 8.811398744583129883e-01
8.197021484375000000e-01 8.812648653984069824e-01
1.947021484375000000e-01 8.813897967338562012e-01
6.947021484375000000e-01 8.815147876739501953e-01
4.447021484375000000e-01 8.816397786140441895e-01
9.447021484375000000e-01 8.817647695541381836e-01
3.845214843750000000e-02 8.818897604942321777e-01
5.384521484375000000e-01 8.820147514343261719e-01
2.884521484375000000e-01 8.821397423744201660e-01
7.884521484375000000e-01 8.822647333145141602e-01
1.634521484375000000e-01 8.823897242546081543e-01
6.634521484375000000e-01 8.825147151947021484e-01
4.134521484375000000e-01 8.826396465301513672e-01
9.134521484375000000e-01 8.827646374702453613e-01
1.009521484375000000e-01 8.828896284103393555e-01
6.009521484375000000e-01 8.830146193504333496e-01
3.509521484375000000e-01 8.831396102905273438e-01
8.509521484375000000e-01 8.832646012306213379e-01
2.259521484375000000e-01 8.833895921707153320e-01
7.259521484375000000e-01 8.835145831108093262e-01
4.759521484375000000e-01 8.836395740509033203e-01
9.759521484375000000e-01 8.837645053863525391e-01
2.282714843750000000e-02 8.838894963264465332e-01
5.228271484375000000e-01 8.840144872665405273e-01
2.728271484375000000e-01 8.841394782066345215e-01
7.728271484375000000e-01 8.842644691467285156e-01
1.478271484375000000e-01 8.843894600868225098e-01
6.478271484375000000e-01 8.845144510269165039e-01
3.978271484375000000e-01 8.846394419670104980e-01
8.978271484375000000e-01 8.847644329071044922e-01
8.532714843750000000e-02 8.848893642425537109e-01
5.853271484375000000e-01 8.850143551826477051e-01
3.353271484375000000e-01 8.851393461227416992e-01
8.353271484375000000e-01 8.852643370628356934e-01
2.103271484375000000e-01 8.853893280029296875e-01
7.103271484375000000e-01 8.855143189430236816e-01
4.603271484375000000e-01 8.856393098831176758e-01
9.603271484375000000e-01 8.857643008232116699e-01
5.407714843750000000e-02 8.858892917633056641e-01
5.540771484375000000e-01 8.860142230987548828e-01
3.040771484375000000e-01 8.861392140388488770e-01
8.040771484375000000e-01 8.862642049789428711e-01
1.790771484375000000e-01 8.863891959190368652e-01
6.790771484375000000e-01 8.865141868591308594e-01
4.290771484375000000e-01 8.866391777992248535e-01
9.290771484375000000e-01 8.867641687393188477e-01
1.165771484375000000e-01 8.868891596794128418e-01
6.165771484375000000e-01 8.870141506195068359e-01
3.665771484375000000e-01 8.871390819549560547e-01
8.665771484375000000e-01 8.872640728950500488e-01
2.415771484375000000e-01 8.873890638351440430e-01
7.415771484375000000e-01 8.875140547752380371e-01
4.915771484375000000e-01 8.876390457153320312e-01
9.915771484375000000e-01 8.877640366554260254e-01
1.501464843750000000e-02 8.878890275955200195e-01
5.150146484375000000e-01 8.880140185356140137e-01
2.650146484375000000e-01 8.881390094757080078e-01
7.650146484375000000e-01 8.882639408111572266e-01
1.400146484375000000e-01 8.883889317512512207e-01
6.400146484375000000e-01 8.885139226913452148e-01
3.900146484375000000e-01 8.886389136314392090e-01
8.900146484375000000e-01 8.887639045715332031e-01
7.751464843750000000e-02 8.888888955116271973e-01
5.775146484375000000e-01 8.890138864517211914e-01
3.275146484375000000e-01 8.891388773918151855e-01
8.275146484375000000e-01 8.892638683319091797e-01
2.025146484375000000e-01 8.893887996673583984e-01
7.025146484375000000e-01 8.895137906074523926e-01
4.525146484375000000e-01 8.896387815475463867e-01
9.525146484375000000e-01 8.897637724876403809e-01
4.626464843750000000e-02 8.898887634277343750e-01
5.462646484375000000e-01 8.900137543678283691e-01
2.962646484375000000e-01 8.901387453079223633e-01
7.962646484375000000e-01 8.902637362480163574e-01
1.712646484375000000e-01 8.903887271881103516e-01
6.712646484375000000e-01 8.905136585235595703e-01
4.212646484375000000e-01 8.906386494636535645e-01
9.212646484375000000e-01 8.907636404037475586e-01
1.087646484375000000e-01 8.908886313438415527e-01
6.087646484375000000e-01 8.910136222839355469e-01
3.587646484375000000e-01 8.911386132240295410e-01
8.587646484375000000e-01 8.912636041641235352e-01
2.337646484375000000e-01 8.913885951042175293e-01
7.337646484375000000e-01 8.915135860443115234e-01
4.837646484375000000e-01 8.916385173797607422e-01
9.837646484375000000e-01 8.917635083198547363e-01
3.063964843750000000e-02 8.918884992599487305e-01
5.306396484375000000e-01 8.920134902000427246e-01
2.806396484375000000e-01 8.921384811401367188e-01
7.806396484375000000e-01 8.922634720802307129e-01
1.556396484375000000e-01 8.923884630203247070e-01
6.556396484375000000e-01 8.925134539604187012e-01
4.056396484375000000e-01 8.926384449005126953e-01
9.056396484375000000e-01 8.927633762359619141e-01
9.313964843750000000e-02 8.928883671760559082e-01
5.931396484375000000e-01 8.930133581161499023e-01
3.431396484375000000e-01 8.931383490562438965e-01
8.431396484375000000e-01 8.932633399963378906e-01
2.181396484375000000e-01 8.933883309364318848e-01
7.181396484375000000e-01 8.935133218765258789e-01
4.681396484375000000e-01 8.936383128166198730e-01
9.681396484375000000e-01 8.937633037567138672e-01
6.188964843750000000e-02 8.938882350921630859e-01
5.618896484375000000e-01 8.940132260322570801e-01
3.118896484375000000e-01 8.941382169723510742e-01
8.118896484375000000e-01 8.942632079124450684e-01
1.868896484375000000e-01 8.943881988525390625e-01
6.868896484375000000e-01 8.945131897926330566e-01
4.368896484375000000e-01 8.946381807327270508e-01
9.368896484375000000e-01 8.947631716728210449e-01
1.243896484375000000e-01 8.948881626129150391e-01
6.243896484375000000e-01 8.950130939483642578e-01
3.743896484375000000e-01 8.951380848884582520e-01
8.743896484375000000e-01 8.952630758285522461e-01
2.493896484375000000e-01 8.953880667686462402e-01
7.493896484375000000e-01 8.955130577087402344e-01
4.993896484375000000e-01 8.956380486488342285e-01
9.993896484375000000e-01 8.957630395889282227e-01
8.544921875000000000e-04 8.958880305290222168e-01
5.008544921875000000e-01 8.960130214691162109e-01
2.508544921875000000e-01 8.961380124092102051e-01
7.508544921875000000e-01 8.962629437446594238e-01
1.258544921875000000e-01 8.963879346847534180e-01
6.258544921875000000e-01 8.965129256248474121e-01
3.758544921875000000e-01 8.966379165649414062e-01
8.758544921875000000e-01 8.967629075050354004e-01
6.335449218750000000e-02 8.968878984451293945e-01
5.633544921875000000e-01 8.970128893852233887e-01
3.133544921875000000e-01 8.971378803253173828e-01
8.133544921875000000e-01 8.972628712654113770e-01
1.883544921875000000e-01 8.973878026008605957e-01
6.883544921875000000e-01 8.975127935409545898e-01
4.383544921875000000e-01 8.976377844810485840e-01
9.383544921875000000e-01 8.977627754211425781e-01
3.210449218750000000e-02 8.978877663612365723e-01
5.321044921875000000e-01 8.980127573013305664e-01
2.821044921875000000e-01 8.981377482414245605e-01
7.821044921875000000e-01 8.982627391815185547e-01
1.571044921875000000e-01 8.983877301216125488e-01
6.571044921875000000e-01 8.985126614570617676e-01
4.071044921875000000e-01 8.986376523971557617e-01
9.071044921875000000e-01 8.987626433372497559e-01
9.460449218750000000e-02 8.988876342773437500e-01
5.946044921875000000e-01 8.990126252174377441e-01
3.446044921875000000e-01 8.991376161575317383e-01
8.446044921875000000e-01 8.992626070976257324e-01
2.196044921875000000e-01 8.993875980377197266e-01
7.196044921875000000e-01 8.995125889778137207e-01
4.696044921875000000e-01 8.996375203132629395e-01
9.696044921875000000e-01 8.997625112533569336e-01
1.647949218750000000e-02 8.998875021934509277e-01
5.164794921875000000e-01 9.000124931335449219e-01
2.664794921875000000e-01 9.001374840736389160e-01
7.664794921875000000e-01 9.002624750137329102e-01
1.414794921875000000e-01 9.003874659538269043e-01
6.414794921875000000e-01 9.005124568939208984e-01
3.914794921875000000e-01 9.006374478340148926e-01
8.914794921875000000e-01 9.007623791694641113e-01
7.897949218750000000e-02 9.008873701095581055e-01
5.789794921875000000e-01 9.010123610496520996e-01
3.289794921875000000e-01 9.011373519897460938e-01
8.289794921875000000e-01 9.012623429298400879e-01
2.039794921875000000e-01 9.013873338699340820e-01
7.039794921875000000e-01 9.015123248100280762e-01
4.539794921875000000e-01 9.016373157501220703e-01
9.539794921875000000e-01 9.017623066902160645e-01
4.772949218750000000e-02 9.018872380256652832e-01
5.477294921875000000e-01 9.020122289657592773e-01
2.977294921875000000e-01 9.021372199058532715e-01
7.977294921875000000e-01 9.022622108459472656e-01
1.727294921875000000e-01 9.023872017860412598e-01
6.727294921875000000e-01 9.025121927261352539e-01
4.227294921875000000e-01 9.026371836662292480e-01
9.227294921875000000e-01 9.027621746063232422e-01
1.102294921875000000e-01 9.028871655464172363e-01
6.102294921875000000e-01 9.030120968818664551e-01
3.602294921875000000e-01 9.031370878219604492e-01
8.602294921875000000e-01 9.032620787620544434e-01
2.352294921875000000e-01 9.033870697021484375e-01
7.352294921875000000e-01 9.035120606422424316e-01
4.852294921875000000e-01 9.036370515823364258e-01
9.852294921875000000e-01 9.037620425224304199e-01
8.666992187500000000e-03 9.038870334625244141e-01
5.086669921875000000e-01 9.040120244026184082e-01
2.586669921875000000e-01 9.041369557380676270e-01
7.586669921875000000e-01 9.042619466781616211e-01
1.336669921875000000e-01 9.043869376182556152e-01
6.336669921875000000e-01 9.045119285583496094e-01
3.836669921875000000e-01 9.046369194984436035e-01
8.836669921875000000e-01 9.047619104385375977e-01
7.116699218750000000e-02 9.048869013786315918e-01
5.711669921875000000e-01 9.050118923187255859e-01
3.211669921875000000e-01 9.051368832588195801e-01
8.211669921875000000e-01 9.052618145942687988e-01
1.961669921875000000e-01 9.053868055343627930e-01
6.961669921875000000e-01 9.055117964744567871e-01
4.461669921875000000e-01 9.056367874145507812e-01
9.461669921875000000e-01 9.057617783546447754e-01
3.991699218750000000e-02 9.058867692947387695e-01
5.399169921875000000e-01 9.060117602348327637e-01
2.899169921875000000e-01 9.061367511749267578e-01
7.899169921875000000e-01 9.062617421150207520e-01
1.649169921875000000e-01 9.063866734504699707e-01
6.649169921875000000e-01 9.065116643905639648e-01
4.149169921875000000e-01 9.066366553306579590e-01
9.149169921875000000e-01 9.067616462707519531e-01
1.024169921875000000e-01 9.068866372108459473e-01
6.024169921875000000e-01 9.070116281509399414e-01
3.524169921875000000e-01 9.071366190910339355e-01
8.524169921875000000e-01 9.072616100311279297e-01
2.274169921875000000e-01 9.073866009712219238e-01
7.274169921875000000e-01 9.075115323066711426e-01
4.774169921875000000e-01 9.076365232467651367e-01
9.774169921875000000e-01 9.077615141868591309e-01
2.429199218750000000e-02 9.078865051269531250e-01
5.242919921875000000e-01 9.080114960670471191e-01
2.742919921875000000e-01 9.081364870071411133e-01
7.742919921875000000e-01 9.082614779472351074e-01
1.492919921875000000e-01 9.083864688873291016e-01
6.492919921875000000e-01 9.085114598274230957e-01
3.992919921875000000e-01 9.086363911628723145e-01
8.992919921875000000e-01 9.087613821029663086e-01
8.679199218750000000e-02 9.088863730430603027e-01
5.867919921875000000e-01 9.090113639831542969e-01
3.367919921875000000e-01 9.091363549232482910e-01
8.367919921875000000e-01 9.092613458633422852e-01
2.117919921875000000e-01 9.093863368034362793e-01
7.117919921875000000e-01 9.095113277435302734e-01
4.617919921875000000e-01 9.096363186836242676e-01
9.617919921875000000e-01 9.097613096237182617e-01
5.554199218750000000e-02 9.098862409591674805e-01
5.555419921875000000e-01 9.100112318992614746e-01
3.055419921875000000e-01 9.101362228393554688e-01
8.055419921875000000e-01 9.102612137794494629e-01
1.805419921875000000e-01 9.103862047195434570e-01
6.805419921875000000e-01 9.105111956596374512e-01
4.305419921875000000e-01 9.106361865997314453e-01
9.305419921875000000e-01 9.107611775398254395e-01
1.180419921875000000e-01 9.108861684799194336e-01
6.180419921875000000e-01 9.110110998153686523e-01
3.680419921875000000e-01 9.111360907554626465e-01
8.680419921875000000e-01 9.112610816955566406e-01
2.430419921875000000e-01 9.113860726356506348e-01
7.430419921875000000e-01 9.115110635757446289e-01
4.930419921875000000e-01 9.116360545158386230e-01
9.930419921875000000e-01 9.117610454559326172e-01
4.760742187500000000e-03 9.118860363960266113e-01
5.047607421875000000e-01 9.120110273361206055e-01
2.547607421875000000e-01 9.121359586715698242e-01
7.547607421875000000e-01 9.122609496116638184e-01
1.297607421875000000e-01 9.123859405517578125e-01
6.297607421875000000e-01 9.125109314918518066e-01
3.797607421875000000e-01 9.126359224319458008e-01
8.797607421875000000e-01 9.127609133720397949e-01
6.726074218750000000e-02 9.128859043121337891e-01
5.672607421875000000e-01 9.130108952522277832e-01
3.172607421875000000e-01 9.131358861923217773e-01
8.172607421875000000e-01 9.132608175277709961e-01
1.922607421875000000e-01 9.133858084678649902e-01
6.922607421875000000e-01 9.135107994079589844e-01
4.422607421875000000e-01 9.136357903480529785e-01
9.422607421875000000e-01 9.137607812881469727e-01
3.601074218750000000e-02 9.138857722282409668e-01
5.360107421875000000e-01 9.140107631683349609e-01
2.860107421875000000e-01 9.141357541084289551e-01
7.860107421875000000e-01 9.142607450485229492e-01
1.610107421875000000e-01 9.143856763839721680e-01
6.610107421875000000e-01 9.145106673240661621e-01
4.110107421875000000e-01 9.146356582641601562e-01
9.110107421875000000e-01 9.147606492042541504e-01
9.851074218750000000e-02 9.148856401443481445e-01
5.985107421875000000e-01 9.150106310844421387e-01
3.485107421875000000e-01 9.151356220245361328e-01
8.485107421875000000e-01 9.152606129646301270e-01
2.235107421875000000e-01 9.153856039047241211e-01
7.235107421875000000e-01 9.155105352401733398e-01
4.735107421875000000e-01 9.156355261802673340e-01
9.735107421875000000e-01 9.157605171203613281e-01
2.038574218750000000e-02 9.158855080604553223e-01
5.203857421875000000e-01 9.160104990005493164e-01
2.703857421875000000e-01 9.161354899406433105e-01
7.703857421875000000e-01 9.162604808807373047e-01
1.453857421875000000e-01 9.163854718208312988e-01
6.453857421875000000e-01 9.165104627609252930e-01
3.953857421875000000e-01 9.166353940963745117e-01
8.953857421875000000e-01 9.167603850364685059e-01
8.288574218750000000e-02 9.168853759765625000e-01
5.828857421875000000e-01 9.170103669166564941e-01
3.328857421875000000e-01 9.171353578567504883e-01
8.328857421875000000e-01 9.172603487968444824e-01
2.078857421875000000e-01 9.173853397369384766e-01
7.078857421875000000e-01 9.175103306770324707e-01
4.578857421875000000e-01 9.176353216171264648e-01
9.578857421875000000e-01 9.177602529525756836e-01
5.163574218750000000e-02 9.178852438926696777e-01
5.516357421875000000e-01 9.180102348327636719e-01
3.016357421875000000e-01 9.181352257728576660e-01
8.016357421875000000e-01 9.182602167129516602e-01
1.766357421875000000e-01 9.183852076530456543e-01
6.766357421875000000e-01 9.185101985931396484e-01
4.266357421875000000e-01 9.186351895332336426e-01
9.266357421875000000e-01 9.187601804733276367e-01
1.141357421875000000e-01 9.188851118087768555e-01
6.141357421875000000e-01 9.190101027488708496e-01
3.641357421875000000e-01 9.191350936889648438e-01
8.641357421875000000e-01 9.192600846290588379e-01
2.391357421875000000e-01 9.193850755691528320e-01
7.391357421875000000e-01 9.195100665092468262e-01
4.891357421875000000e-01 9.196350574493408203e-01
9.891357421875000000e-01 9.197600483894348145e-01
1.257324218750000000e-02 9.198850393295288086e-01
5.125732421875000000e-01 9.200099706649780273e-01
2.625732421875000000e-01 9.201349616050720215e-01
7.625732421875000000e-01 9.202599525451660156e-01
1.375732421875000000e-01 9.203849434852600098e-01
6.375732421875000000e-01 9.205099344253540039e-01
3.875732421875000000e-01 9.206349253654479980e-01
8.875732421875000000e-01 9.207599163055419922e-01
7.507324218750000000e-02 9.208849072456359863e-01
5.750732421875000000e-01 9.210098981857299805e-01
3.250732421875000000e-01 9.211348295211791992e-01
8.250732421875000000e-01 9.212598204612731934e-01
2.000732421875000000e-01 9.213848114013671875e-01
7.000732421875000000e-01 9.215098023414611816e-01
4.500732421875000000e-01 9.216347932815551758e-01
9.500732421875000000e-01 9.217597842216491699e-01
4.382324218750000000e-02 9.218847751617431641e-01
5.438232421875000000e-01 9.220097661018371582e-01
2.938232421875000000e-01 9.221347570419311523e-01
7.938232421875000000e-01 9.222596883773803711e-01
1.688232421875000000e-01 9.223846793174743652e-01
6.688232421875000000e-01 9.225096702575683594e-01
4.188232421875000000e-01 9.226346611976623535e-01
9.188232421875000000e-01 9.227596521377563477e-01
1.063232421875000000e-01 9.228846430778503418e-01
6.063232421875000000e-01 9.230096340179443359e-01
3.563232421875000000e-01 9.231346249580383301e-01
8.563232421875000000e-01 9.232596158981323242e-01
2.313232421875000000e-01 9.233845472335815430e-01
7.313232421875000000e-01 9.235095381736755371e-01
4.813232421875000000e-01 9.236345291137695312e-01
9.813232421875000000e-01 9.237595200538635254e-01
2.819824218750000000e-02 9.238845109939575195e-01
5.281982421875000000e-01 9.240095019340515137e-01
2.781982421875000000e-01 9.241344928741455078e-01
7.781982421875000000e-01 9.242594838142395020e-01
1.531982421875000000e-01 9.243844747543334961e-01
6.531982421875000000e-01 9.245094656944274902e-01
4.031982421875000000e-01 9.246343970298767090e-01
9.031982421875000000e-01 9.247593879699707031e-01
9.069824218750000000e-02 9.248843789100646973e-01
5.906982421875000000e-01 9.250093698501586914e-01
3.406982421875000000e-01 9.251343607902526855e-01
8.406982421875000000e-01 9.252593517303466797e-01
2.156982421875000000e-01 9.253843426704406738e-01
7.156982421875000000e-01 9.255093336105346680e-01
4.656982421875000000e-01 9.256343245506286621e-01
9.656982421875000000e-01 9.257592558860778809e-01
5.944824218750000000e-02 9.258842468261718750e-01
5.594482421875000000e-01 9.260092377662658691e-01
3.094482421875000000e-01 9.261342287063598633e-01
8.094482421875000000e-01 9.262592196464538574e-01
1.844482421875000000e-01 9.263842105865478516e-01
6.844482421875000000e-01 9.265092015266418457e-01
4.344482421875000000e-01 9.266341924667358398e-01
9.344482421875000000e-01 9.267591834068298340e-01
1.219482421875000000e-01 9.268841147422790527e-01
6.219482421875000000e-01 9.270091056823730469e-01
3.719482421875000000e-01 9.271340966224670410e-01
8.719482421875000000e-01 9.272590875625610352e-01
2.469482421875000000e-01 9.273840785026550293e-01
7.469482421875000000e-01 9.275090694427490234e-01
4.969482421875000000e-01 9.276340603828430176e-01
9.969482421875000000e-01 9.277590513229370117e-01
2.807617187500000000e-03 9.278840422630310059e-01
5.028076171875000000e-01 9.280089735984802246e-01
2.528076171875000000e-01 9.281339645385742188e-01
7.528076171875000000e-01 9.282589554786682129e-01
1.278076171875000000e-01 9.283839464187622070e-01
6.278076171875000000e-01 9.285089373588562012e-01
3.778076171875000000e-01 9.286339282989501953e-01
8.778076171875000000e-01 9.287589192390441895e-01
6.530761718750000000e-02 9.288839101791381836e-01
5.653076171875000000e-01 9.290089011192321777e-01
3.153076171875000000e-01 9.291338324546813965e-01
8.153076171875000000e-01 9.292588233947753906e-01
1.903076171875000000e-01 9.293838143348693848e-01
6.903076171875000000e-01 9.295088052749633789e-01
4.403076171875000000e-01 9.296337962150573730e-01
9.403076171875000000e-01 9.297587871551513672e-01
3.405761718750000000e-02 9.298837780952453613e-01
5.340576171875000000e-01 9.300087690353393555e-01
2.840576171875000000e-01 9.301337599754333496e-01
7.840576171875000000e-01 9.302586913108825684e-01
1.590576171875000000e-01 9.303836822509765625e-01
6.590576171875000000e-01 9.305086731910705566e-01
4.090576171875000000e-01 9.306336641311645508e-01
9.090576171875000000e-01 9.307586550712585449e-01
9.655761718750000000e-02 9.308836460113525391e-01
5.965576171875000000e-01 9.310086369514465332e-01
3.465576171875000000e-01 9.311336278915405273e-01
8.465576171875000000e-01 9.312586188316345215e-01
2.215576171875000000e-01 9.313835501670837402e-01
7.215576171875000000e-01 9.315085411071777344e-01
4.715576171875000000e-01 9.316335320472717285e-01
9.715576171875000000e-01 9.317585229873657227e-01
1.843261718750000000e-02 9.318835139274597168e-01
5.184326171875000000e-01 9.320085048675537109e-01
2.684326171875000000e-01 9.321334958076477051e-01
7.684326171875000000e-01 9.322584867477416992e-01
1.434326171875000000e-01 9.323834776878356934e-01
6.434326171875000000e-01 9.325084090232849121e-01
3.934326171875000000e-01 9.326333999633789062e-01
8.934326171875000000e-01 9.327583909034729004e-01
8.093261718750000000e-02 9.328833818435668945e-01
5.809326171875000000e-01 9.330083727836608887e-01
3.309326171875000000e-01 9.331333637237548828e-01
8.309326171875000000e-01 9.332583546638488770e-01
2.059326171875000000e-01 9.333833456039428711e-01
7.059326171875000000e-01 9.335083365440368652e-01
4.559326171875000000e-01 9.336332678794860840e-01
9.559326171875000000e-01 9.337582588195800781e-01
4.968261718750000000e-02 9.338832497596740723e-01
5.496826171875000000e-01 9.340082406997680664e-01
2.996826171875000000e-01 9.341332316398620605e-01
7.996826171875000000e-01 9.342582225799560547e-01
1.746826171875000000e-01 9.343832135200500488e-01
6.746826171875000000e-01 9.345082044601440430e-01
4.246826171875000000e-01 9.346331954002380371e-01
9.246826171875000000e-01 9.347581267356872559e-01
1.121826171875000000e-01 9.348831176757812500e-01
6.121826171875000000e-01 9.350081086158752441e-01
3.621826171875000000e-01 9.351330995559692383e-01
8.621826171875000000e-01 9.352580904960632324e-01
2.371826171875000000e-01 9.353830814361572266e-01
7.371826171875000000e-01 9.355080723762512207e-01
4.871826171875000000e-01 9.356330633163452148e-01
9.871826171875000000e-01 9.357580542564392090e-01
1.062011718750000000e-02 9.358829855918884277e-01
5.106201171875000000e-01 9.360079765319824219e-01
2.606201171875000000e-01 9.361329674720764160e-01
7.606201171875000000e-01 9.362579584121704102e-01
1.356201171875000000e-01 9.363829493522644043e-01
6.356201171875000000e-01 9.365079402923583984e-01
3.856201171875000000e-01 9.366329312324523926e-01
8.856201171875000000e-01 9.367579221725463867e-01
7.312011718750000000e-02 9.368829131126403809e-01
5.731201171875000000e-01 9.370078444480895996e-01
3.231201171875000000e-01 9.371328353881835938e-01
8.231201171875000000e-01 9.372578263282775879e-01
1.981201171875000000e-01 9.373828172683715820e-01
6.981201171875000000e-01 9.375078082084655762e-01
4.481201171875000000e-01 9.376327991485595703e-01
9.481201171875000000e-01 9.377577900886535645e-01
4.187011718750000000e-02 9.378827810287475586e-01
5.418701171875000000e-01 9.380077719688415527e-01
2.918701171875000000e-01 9.381327629089355469e-01
7.918701171875000000e-01 9.382576942443847656e-01
1.668701171875000000e-01 9.383826851844787598e-01
6.668701171875000000e-01 9.385076761245727539e-01
4.168701171875000000e-01 9.386326670646667480e-01
9.168701171875000000e-01 9.387576580047607422e-01
1.043701171875000000e-01 9.388826489448547363e-01
6.043701171875000000e-01 9.390076398849487305e-01
3.543701171875000000e-01 9.391326308250427246e-01
8.543701171875000000e-01 9.392576217651367188e-01
2.293701171875000000e-01 9.393825531005859375e-01
7.293701171875000000e-01 9.395075440406799316e-01
4.793701171875000000e-01 9.396325349807739258e-01
9.793701171875000000e-01 9.397575259208679199e-01
2.624511718750000000e-02 9.398825168609619141e-01
5.262451171875000000e-01 9.400075078010559082e-01
2.762451171875000000e-01 9.401324987411499023e-01
7.762451171875000000e-01 9.402574896812438965e-01
1.512451171875000000e-01 9.403824806213378906e-01
6.512451171875000000e-01 9.405074119567871094e-01
4.012451171875000000e-01 9.406324028968811035e-01
9.012451171875000000e-01 9.407573938369750977e-01
8.874511718750000000e-02 9.408823847770690918e-01
5.887451171875000000e-01 9.410073757171630859e-01
3.387451171875000000e-01 9.411323666572570801e-01
8.387451171875000000e-01 9.412573575973510742e-01
2.137451171875000000e-01 9.413823485374450684e-01
7.137451171875000000e-01 9.415073394775390625e-01
4.637451171875000000e-01 9.416322708129882812e-01
9.637451171875000000e-01 9.417572617530822754e-01
5.749511718750000000e-02 9.418822526931762695e-01
5.574951171875000000e-01 9.420072436332702637e-01
3.074951171875000000e-01 9.421322345733642578e-01
8.074951171875000000e-01 9.422572255134582520e-01
1.824951171875000000e-01 9.423822164535522461e-01
6.824951171875000000e-01 9.425072073936462402e-01
4.324951171875000000e-01 9.426321983337402344e-01
9.324951171875000000e-01 9.427571296691894531e-01
1.199951171875000000e-01 9.428821206092834473e-01
6.199951171875000000e-01 9.430071115493774414e-01
3.699951171875000000e-01 9.431321024894714355e-01
8.699951171875000000e-01 9.432570934295654297e-01
2.449951171875000000e-01 9.433820843696594238e-01
7.449951171875000000e-01 9.435070753097534180e-01
4.949951171875000000e-01 9.436320662498474121e-01
9.949951171875000000e-01 9.437570571899414062e-01
6.713867187500000000e-03 9.438819885253906250e-01
5.067138671875000000e-01 9.440069794654846191e-01
2.567138671875000000e-01 9.441319704055786133e-01
7.567138671875000000e-01 9.442569613456726074e-01
1.317138671875000000e-01 9.443819522857666016e-01
6.317138671875000000e-01 9.445069432258605957e-01
3.817138671875000000e-01 9.446319341659545898e-01
8.817138671875000000e-01 9.447569251060485840e-01
6.921386718750000000e-02 9.448819160461425781e-01
5.692138671875000000e-01 9.450068473815917969e-01
3.192138671875000000e-01 9.451318383216857910e-01
8.192138671875000000e-01 9.452568292617797852e-01
1.942138671875000000e-01 9.453818202018737793e-01
6.942138671875000000e-01 9.455068111419677734e-01
4.442138671875000000e-01 9.456318020820617676e-01
9.442138671875000000e-01 9.457567930221557617e-01
3.796386718750000000e-02 9.458817839622497559e-01
5.379638671875000000e-01 9.460067749023437500e-01
2.879638671875000000e-01 9.461317062377929688e-01
7.879638671875000000e-01 9.462566971778869629e-01
1.629638671875000000e-01 9.463816881179809570e-01
6.629638671875000000e-01 9.465066790580749512e-01
4.129638671875000000e-01 9.466316699981689453e-01
9.129638671875000000e-01 9.467566609382629395e-01
1.004638671875000000e-01 9.468816518783569336e-01
6.004638671875000000e-01 9.470066428184509277e-01
3.504638671875000000e-01 9.471316337585449219e-01
8.504638671875000000e-01 9.472565650939941406e-01
2.254638671875000000e-01 9.473815560340881348e-01
7.254638671875000000e-01 9.475065469741821289e-01
4.754638671875000000e-01 9.476315379142761230e-01
9.754638671875000000e-01 9.477565288543701172e-01
2.233886718750000000e-02 9.478815197944641113e-01
5.223388671875000000e-01 9.480065107345581055e-01
2.723388671875000000e-01 9.481315016746520996e-01
7.723388671875000000e-01 9.482564926147460938e-01
1.473388671875000000e-01 9.483814239501953125e-01
6.473388671875000000e-01 9.485064148902893066e-01
3.973388671875000000e-01 9.486314058303833008e-01
8.973388671875000000e-01 9.487563967704772949e-01
8.483886718750000000e-02 9.488813877105712891e-01
5.848388671875000000e-01 9.490063786506652832e-01
3.348388671875000000e-01 9.491313695907592773e-01
8.348388671875000000e-01 9.492563605308532715e-01
2.098388671875000000e-01 9.493813514709472656e-01
7.098388671875000000e-01 9.495062828063964844e-01
4.598388671875000000e-01 9.496312737464904785e-01
9.598388671875000000e-01 9.497562646865844727e-01
5.358886718750000000e-02 9.498812556266784668e-01
5.535888671875000000e-01 9.500062465667724609e-01
3.035888671875000000e-01 9.501312375068664551e-01
8.035888671875000000e-01 9.502562284469604492e-01
1.785888671875000000e-01 9.503812193870544434e-01
6.785888671875000000e-01 9.505062103271484375e-01
4.285888671875000000e-01 9.506311416625976562e-01
9.285888671875000000e-01 9.507561326026916504e-01
1.160888671875000000e-01 9.508811235427856445e-01
6.160888671875000000e-01 9.510061144828796387e-01
3.660888671875000000e-01 9.511311054229736328e-01
8.660888671875000000e-01 9.512560963630676270e-01
2.410888671875000000e-01 9.513810873031616211e-01
7.410888671875000000e-01 9.515060782432556152e-01
4.910888671875000000e-01 9.516310691833496094e-01
9.910888671875000000e-01 9.517560601234436035e-01
1.452636718750000000e-02 9.518809914588928223e-01
5.145263671875000000e-01 9.520059823989868164e-01
2.645263671875000000e-01 9.521309733390808105e-01
7.645263671875000000e-01 9.522559642791748047e-01
1.395263671875000000e-01 9.523809552192687988e-01
6.395263671875000000e-01 9.525059461593627930e-01
3.895263671875000000e-01 9.526309370994567871e-01
8.895263671875000000e-01 9.527559280395507812e-01
7.702636718750000000e-02 9.528809189796447754e-01
5.770263671875000000e-01 9.530058503150939941e-01
3.270263671875000000e-01 9.531308412551879883e-01
8.270263671875000000e-01 9.532558321952819824e-01
2.020263671875000000e-01 9.533808231353759766e-01
7.020263671875000000e-01 9.535058140754699707e-01
4.520263671875000000e-01 9.536308050155639648e-01
9.520263671875000000e-01 9.537557959556579590e-01
4.577636718750000000e-02 9.538807868957519531e-01
5.457763671875000000e-01 9.540057778358459473e-01
2.957763671875000000e-01 9.541307091712951660e-01
7.957763671875000000e-01 9.542557001113891602e-01
1.707763671875000000e-01 9.543806910514831543e-01
6.707763671875000000e-01 9.545056819915771484e-01
4.207763671875000000e-01 9.546306729316711426e-01
9.207763671875000000e-01 9.547556638717651367e-01
1.082763671875000000e-01 9.548806548118591309e-01
6.082763671875000000e-01 9.550056457519531250e-01
3.582763671875000000e-01 9.551306366920471191e-01
8.582763671875000000e-01 9.552555680274963379e-01
2.332763671875000000e-01 9.553805589675903320e-01
7.332763671875000000e-01 9.555055499076843262e-01
4.832763671875000000e-01 9.556305408477783203e-01
9.832763671875000000e-01 9.557555317878723145e-01
3.015136718750000000e-02 9.558805227279663086e-01
5.301513671875000000e-01 9.560055136680603027e-01
2.801513671875000000e-01 9.561305046081542969e-01
7.801513671875000000e-01 9.562554955482482910e-01
1.551513671875000000e-01 9.563804268836975098e-01
6.551513671875000000e-01 9.565054178237915039e-01
4.051513671875000000e-01 9.566304087638854980e-01
9.051513671875000000e-01 9.567553997039794922e-01
9.265136718750000000e-02 9.568803906440734863e-01
5.926513671875000000e-01 9.570053815841674805e-01
3.426513671875000000e-01 9.571303725242614746e-01
8.426513671875000000e-01 9.572553634643554688e-01
2.176513671875000000e-01 9.573803544044494629e-01
7.176513671875000000e-01 9.575052857398986816e-01
4.676513671875000000e-01 9.576302766799926758e-01
9.676513671875000000e-01 9.577552676200866699e-01
6.140136718750000000e-02 9.578802585601806641e-01
5.614013671875000000e-01 9.580052495002746582e-01
3.114013671875000000e-01 9.581302404403686523e-01
8.114013671875000000e-01 9.582552313804626465e-01
1.864013671875000000e-01 9.583802223205566406e-01
6.864013671875000000e-01 9.585052132606506348e-01
4.364013671875000000e-01 9.586301445960998535e-01
9.364013671875000000e-01 9.587551355361938477e-01
1.239013671875000000e-01 9.588801264762878418e-01
6.239013671875000000e-01 9.590051174163818359e-01
3.739013671875000000e-01 9.591301083564758301e-01
8.739013671875000000e-01 9.592550992965698242e-01
2.489013671875000000e-01 9.593800902366638184e-01
7.489013671875000000e-01 9.595050811767578125e-01
4.989013671875000000e-01 9.596300721168518066e-01
9.989013671875000000e-01 9.597550034523010254e-01
1.831054687500000000e-03 9.598799943923950195e-01
5.018310546875000000e-01 9.600049853324890137e-01
2.518310546875000000e-01 9.601299762725830078e-01
7.518310546875000000e-01 9.602549672126770020e-01
1.268310546875000000e-01 9.603799581527709961e-01
6.268310546875000000e-01 9.605049490928649902e-01
3.768310546875000000e-01 9.606299400329589844e-01
8.768310546875000000e-01 9.607549309730529785e-01
6.433105468750000000e-02 9.608798623085021973e-01
5.643310546875000000e-01 9.610048532485961914e-01
3.143310546875000000e-01 9.611298441886901855e-01
8.143310546875000000e-01 9.612548351287841797e-01
1.893310546875000000e-01 9.613798260688781738e-01
6.893310546875000000e-01 9.615048170089721680e-01
4.393310546875000000e-01 9.616298079490661621e-01
9.393310546875000000e-01 9.617547988891601562e-01
3.308105468750000000e-02 9.618797898292541504e-01
5.330810546875000000e-01 9.620047211647033691e-01
2.830810546875000000e-01 9.621297121047973633e-01
7.830810546875000000e-01 9.622547030448913574e-01
1.580810546875000000e-01 9.623796939849853516e-01
6.580810546875000000e-01 9.625046849250793457e-01
4.080810546875000000e-01 9.626296758651733398e-01
9.080810546875000000e-01 9.627546668052673340e-01
9.558105468750000000e-02 9.628796577453613281e-01
5.955810546875000000e-01 9.630046486854553223e-01
3.455810546875000000e-01 9.631295800209045410e-01
8.455810546875000000e-01 9.632545709609985352e-01
2.205810546875000000e-01 9.633795619010925293e-01
7.205810546875000000e-01 9.635045528411865234e-01
4.705810546875000000e-01 9.636295437812805176e-01
9.705810546875000000e-01 9.637545347213745117e-01
1.745605468750000000e-02 9.638795256614685059e-01
5.174560546875000000e-01 9.640045166015625000e-01
2.674560546875000000e-01 9.641295075416564941e-01
7.674560546875000000e-01 9.642544388771057129e-01
1.424560546875000000e-01 9.643794298171997070e-01
6.424560546875000000e-01 9.645044207572937012e-01
3.924560546875000000e-01 9.646294116973876953e-01
8.924560546875000000e-01 9.647544026374816895e-01
7.995605468750000000e-02 9.648793935775756836e-01
5.799560546875000000e-01 9.650043845176696777e-01
3.299560546875000000e-01 9.651293754577636719e-01
8.299560546875000000e-01 9.652543663978576660e-01
2.049560546875000000e-01 9.653793573379516602e-01
7.049560546875000000e-01 9.655042886734008789e-01
4.549560546875000000e-01 9.656292796134948730e-01
9.549560546875000000e-01 9.657542705535888672e-01
4.870605468750000000e-02 9.658792614936828613e-01
5.487060546875000000e-01 9.660042524337768555e-01
2.987060546875000000e-01 9.661292433738708496e-01
7.987060546875000000e-01 9.662542343139648438e-01
1.737060546875000000e-01 9.663792252540588379e-01
6.737060546875000000e-01 9.665042161941528320e-01
4.237060546875000000e-01 9.666291475296020508e-01
9.237060546875000000e-01 9.667541384696960449e-01
1.112060546875000000e-01 9.668791294097900391e-01
6.112060546875000000e-01 9.670041203498840332e-01
3.612060546875000000e-01 9.671291112899780273e-01
8.612060546875000000e-01 9.672541022300720215e-01
2.362060546875000000e-01 9.673790931701660156e-01
7.362060546875000000e-01 9.675040841102600098e-01
4.862060546875000000e-01 9.676290750503540039e-01
9.862060546875000000e-01 9.677540063858032227e-01
9.643554687500000000e-03 9.678789973258972168e-01
5.096435546875000000e-01 9.680039882659912109e-01
2.596435546875000000e-01 9.681289792060852051e-01
7.596435546875000000e-01 9.682539701461791992e-01
1.346435546875000000e-01 9.683789610862731934e-01
6.346435546875000000e-01 9.685039520263671875e-01
3.846435546875000000e-01 9.686289429664611816e-01
8.846435546875000000e-01 9.687539339065551758e-01
7.214355468750000000e-02 9.688788652420043945e-01
5.721435546875000000e-01 9.690038561820983887e-01
3.221435546875000000e-01 9.691288471221923828e-01
8.221435546875000000e-01 9.692538380622863770e-01
1.971435546875000000e-01 9.693788290023803711e-01
6.971435546875000000e-01 9.695038199424743652e-01
4.471435546875000000e-01 9.696288108825683594e-01
9.471435546875000000e-01 9.697538018226623535e-01
4.089355468750000000e-02 9.698787927627563477e-01
5.408935546875000000e-01 9.700037240982055664e-01
2.908935546875000000e-01 9.701287150382995605e-01
7.908935546875000000e-01 9.702537059783935547e-01
1.658935546875000000e-01 9.703786969184875488e-01
6.658935546875000000e-01 9.705036878585815430e-01
4.158935546875000000e-01 9.706286787986755371e-01
9.158935546875000000e-01 9.707536697387695312e-01
1.033935546875000000e-01 9.708786606788635254e-01
6.033935546875000000e-01 9.710036516189575195e-01
3.533935546875000000e-01 9.711285829544067383e-01
8.533935546875000000e-01 9.712535738945007324e-01
2.283935546875000000e-01 9.713785648345947266e-01
7.283935546875000000e-01 9.715035557746887207e-01
4.783935546875000000e-01 9.716285467147827148e-01
9.783935546875000000e-01 9.717535376548767090e-01
2.526855468750000000e-02 9.718785285949707031e-01
5.252685546875000000e-01 9.720035195350646973e-01
2.752685546875000000e-01 9.721285104751586914e-01
7.752685546875000000e-01 9.722534418106079102e-01
1.502685546875000000e-01 9.723784327507019043e-01
6.502685546875000000e-01 9.725034236907958984e-01
4.002685546875000000e-01 9.726284146308898926e-01
9.002685546875000000e-01 9.727534055709838867e-01
8.776855468750000000e-02 9.728783965110778809e-01
5.877685546875000000e-01 9.730033874511718750e-01
3.377685546875000000e-01 9.731283783912658691e-01
8.377685546875000000e-01 9.732533693313598633e-01
2.127685546875000000e-01 9.733783006668090820e-01
7.127685546875000000e-01 9.735032916069030762e-01
4.627685546875000000e-01 9.736282825469970703e-01
9.627685546875000000e-01 9.737532734870910645e-01
5.651855468750000000e-02 9.738782644271850586e-01
5.565185546875000000e-01 9.740032553672790527e-01
3.065185546875000000e-01 9.741282463073730469e-01
8.065185546875000000e-01 9.742532372474670410e-01
1.815185546875000000e-01 9.743782281875610352e-01
6.815185546875000000e-01 9.745031595230102539e-01
4.315185546875000000e-01 9.746281504631042480e-01
9.315185546875000000e-01 9.747531414031982422e-01
1.190185546875000000e-01 9.748781323432922363e-01
6.190185546875000000e-01 9.750031232833862305e-01
3.690185546875000000e-01 9.751281142234802246e-01
8.690185546875000000e-01 9.752531051635742188e-01
2.440185546875000000e-01 9.753780961036682129e-01
7.440185546875000000e-01 9.755030870437622070e-01
4.940185546875000000e-01 9.756280183792114258e-01
9.940185546875000000e-01 9.757530093193054199e-01
5.737304687500000000e-03 9.758780002593994141e-01
5.057373046875000000e-01 9.760029911994934082e-01
2.557373046875000000e-01 9.761279821395874023e-01
7.557373046875000000e-01 9.762529730796813965e-01
1.307373046875000000e-01 9.763779640197753906e-01
6.307373046875000000e-01 9.765029549598693848e-01
3.807373046875000000e-01 9.766279458999633789e-01
8.807373046875000000e-01 9.767528772354125977e-01
6.823730468750000000e-02 9.768778681755065918e-01
5.682373046875000000e-01 9.770028591156005859e-01
3.182373046875000000e-01 9.771278500556945801e-01
8.182373046875000000e-01 9.772528409957885742e-01
1.932373046875000000e-01 9.773778319358825684e-01
6.932373046875000000e-01 9.775028228759765625e-01
4.432373046875000000e-01 9.776278138160705566e-01
9.432373046875000000e-01 9.777528047561645508e-01
3.698730468750000000e-02 9.778777360916137695e-01
5.369873046875000000e-01 9.780027270317077637e-01
2.869873046875000000e-01 9.781277179718017578e-01
7.869873046875000000e-01 9.782527089118957520e-01
1.619873046875000000e-01 9.783776998519897461e-01
6.619873046875000000e-01 9.785026907920837402e-01
4.119873046875000000e-01 9.786276817321777344e-01
9.119873046875000000e-01 9.787526726722717285e-01
9.948730468750000000e-02 9.788776636123657227e-01
5.994873046875000000e-01 9.790025949478149414e-01
3.494873046875000000e-01 9.791275858879089355e-01
8.494873046875000000e-01 9.792525768280029297e-01
2.244873046875000000e-01 9.793775677680969238e-01
7.244873046875000000e-01 9.795025587081909180e-01
4.744873046875000000e-01 9.796275496482849121e-01
9.744873046875000000e-01 9.797525405883789062e-01
2.136230468750000000e-02 9.798775315284729004e-01
5.213623046875000000e-01 9.800025224685668945e-01
2.713623046875000000e-01 9.801275134086608887e-01
7.713623046875000000e-01 9.802524447441101074e-01
1.463623046875000000e-01 9.803774356842041016e-01
6.463623046875000000e-01 9.805024266242980957e-01
3.963623046875000000e-01 9.806274175643920898e-01
8.963623046875000000e-01 9.807524085044860840e-01
8.386230468750000000e-02 9.808773994445800781e-01
5.838623046875000000e-01 9.810023903846740723e-01
3.338623046875000000e-01 9.811273813247680664e-01
8.338623046875000000e-01 9.812523722648620605e-01
2.088623046875000000e-01 9.813773036003112793e-01
7.088623046875000000e-01 9.815022945404052734e-01
4.588623046875000000e-01 9.816272854804992676e-01
9.588623046875000000e-01 9.817522764205932617e-01
5.261230468750000000e-02 9.818772673606872559e-01
5.526123046875000000e-01 9.820022583007812500e-01
3.026123046875000000e-01 9.821272492408752441e-01
8.026123046875000000e-01 9.822522401809692383e-01
1.776123046875000000e-01 9.823772311210632324e-01
6.776123046875000000e-01 9.825021624565124512e-01
4.276123046875000000e-01 9.826271533966064453e-01
9.276123046875000000e-01 9.827521443367004395e-01
1.151123046875000000e-01 9.828771352767944336e-01
6.151123046875000000e-01 9.830021262168884277e-01
3.651123046875000000e-01 9.831271171569824219e-01
8.651123046875000000e-01 9.832521080970764160e-01
2.401123046875000000e-01 9.833770990371704102e-01
7.401123046875000000e-01 9.835020899772644043e-01
4.901123046875000000e-01 9.836270213127136230e-01
9.901123046875000000e-01 9.837520122528076172e-01
1.354980468750000000e-02 9.838770031929016113e-01
5.135498046875000000e-01 9.840019941329956055e-01
2.635498046875000000e-01 9.841269850730895996e-01
7.635498046875000000e-01 9.842519760131835938e-01
1.385498046875000000e-01 9.843769669532775879e-01
6.385498046875000000e-01 9.845019578933715820e-01
3.885498046875000000e-01 9.846269488334655762e-01
8.885498046875000000e-01 9.847518801689147949e-01
7.604980468750000000e-02 9.848768711090087891e-01
5.760498046875000000e-01 9.850018620491027832e-01
3.260498046875000000e-01 9.851268529891967773e-01
8.260498046875000000e-01 9.852518439292907715e-01
2.010498046875000000e-01 9.853768348693847656e-01
7.010498046875000000e-01 9.855018258094787598e-01
4.510498046875000000e-01 9.856268167495727539e-01
9.510498046875000000e-01 9.857518076896667480e-01
4.479980468750000000e-02 9.858767390251159668e-01
5.447998046875000000e-01 9.860017299652099609e-01
2.947998046875000000e-01 9.861267209053039551e-01
7.947998046875000000e-01 9.862517118453979492e-01
1.697998046875000000e-01 9.863767027854919434e-01
6.697998046875000000e-01 9.865016937255859375e-01
4.197998046875000000e-01 9.866266846656799316e-01
9.197998046875000000e-01 9.867516756057739258e-01
1.072998046875000000e-01 9.868766665458679199e-01
6.072998046875000000e-01 9.870015978813171387e-01
3.572998046875000000e-01 9.871265888214111328e-01
8.572998046875000000e-01 9.872515797615051270e-01
2.322998046875000000e-01 9.873765707015991211e-01
7.322998046875000000e-01 9.875015616416931152e-01
4.822998046875000000e-01 9.876265525817871094e-01
9.822998046875000000e-01 9.877515435218811035e-01
2.917480468750000000e-02 9.878765344619750977e-01
5.291748046875000000e-01 9.880015254020690918e-01
2.791748046875000000e-01 9.881264567375183105e-01
7.791748046875000000e-01 9.882514476776123047e-01
1.541748046875000000e-01 9.883764386177062988e-01
6.541748046875000000e-01 9.885014295578002930e-01
4.041748046875000000e-01 9.886264204978942871e-01
9.041748046875000000e-01 9.887514114379882812e-01
9.167480468750000000e-02 9.888764023780822754e-01
5.916748046875000000e-01 9.890013933181762695e-01
3.416748046875000000e-01 9.891263842582702637e-01
8.416748046875000000e-01 9.892513155937194824e-01
2.166748046875000000e-01 9.893763065338134766e-01
7.166748046875000000e-01 9.895012974739074707e-01
4.666748046875000000e-01 9.896262884140014648e-01
9.666748046875000000e-01 9.897512793540954590e-01
6.042480468750000000e-02 9.898762702941894531e-01
5.604248046875000000e-01 9.900012612342834473e-01
3.104248046875000000e-01 9.901262521743774414e-01
8.104248046875000000e-01 9.902512431144714355e-01
1.854248046875000000e-01 9.903761744499206543e-01
6.854248046875000000e-01 9.905011653900146484e-01
4.354248046875000000e-01 9.906261563301086426e-01
9.354248046875000000e-01 9.907511472702026367e-01
1.229248046875000000e-01 9.908761382102966309e-01
6.229248046875000000e-01 9.910011291503906250e-01
3.729248046875000000e-01 9.911261200904846191e-01
8.729248046875000000e-01 9.912511110305786133e-01
2.479248046875000000e-01 9.913761019706726074e-01
7.479248046875000000e-01 9.915010333061218262e-01
4.979248046875000000e-01 9.916260242462158203e-01
9.979248046875000000e-01 9.917510151863098145e-01
3.784179687500000000e-03 9.918760061264038086e-01
5.037841796875000000e-01 9.920009970664978027e-01
2.537841796875000000e-01 9.921259880065917969e-01
7.537841796875000000e-01 9.922509789466857910e-01
1.287841796875000000e-01 9.923759698867797852e-01
6.287841796875000000e-01 9.925009608268737793e-01
3.787841796875000000e-01 9.926258921623229980e-01
8.787841796875000000e-01 9.927508831024169922e-01
6.628417968750000000e-02 9.928758740425109863e-01
5.662841796875000000e-01 9.930008649826049805e-01
3.162841796875000000e-01 9.931258559226989746e-01
8.162841796875000000e-01 9.932508468627929688e-01
1.912841796875000000e-01 9.933758378028869629e-01
6.912841796875000000e-01 9.935008287429809570e-01
4.412841796875000000e-01 9.936258196830749512e-01
9.412841796875000000e-01 9.937508106231689453e-01
3.503417968750000000e-02 9.938757419586181641e-01
5.350341796875000000e-01 9.940007328987121582e-01
2.850341796875000000e-01 9.941257238388061523e-01
7.850341796875000000e-01 9.942507147789001465e-01
1.600341796875000000e-01 9.943757057189941406e-01
6.600341796875000000e-01 9.945006966590881348e-01
4.100341796875000000e-01 9.946256875991821289e-01
9.100341796875000000e-01 9.947506785392761230e-01
9.753417968750000000e-02 9.948756694793701172e-01
5.975341796875000000e-01 9.950006008148193359e-01
3.475341796875000000e-01 9.951255917549133301e-01
8.475341796875000000e-01 9.952505826950073242e-01
2.225341796875000000e-01 9.953755736351013184e-01
7.225341796875000000e-01 9.955005645751953125e-01
4.725341796875000000e-01 9.956255555152893066e-01
9.725341796875000000e-01 9.957505464553833008e-01
1.940917968750000000e-02 9.958755373954772949e-01
5.194091796875000000e-01 9.960005283355712891e-01
2.694091796875000000e-01 9.961254596710205078e-01
7.694091796875000000e-01 9.962504506111145020e-01
1.444091796875000000e-01 9.963754415512084961e-01
6.444091796875000000e-01 9.965004324913024902e-01
3.944091796875000000e-01 9.966254234313964844e-01
8.944091796875000000e-01 9.967504143714904785e-01
8.190917968750000000e-02 9.968754053115844727e-01
5.819091796875000000e-01 9.970003962516784668e-01
3.319091796875000000e-01 9.971253871917724609e-01
8.319091796875000000e-01 9.972503185272216797e-01
2.069091796875000000e-01 9.973753094673156738e-01
7.069091796875000000e-01 9.975003004074096680e-01
4.569091796875000000e-01 9.976252913475036621e-01
9.569091796875000000e-01 9.977502822875976562e-01
5.065917968750000000e-02 9.978752732276916504e-01
5.506591796875000000e-01 9.980002641677856445e-01
3.006591796875000000e-01 9.981252551078796387e-01
8.006591796875000000e-01 9.982502460479736328e-01
1.756591796875000000e-01 9.983751773834228516e-01
6.756591796875000000e-01 9.985001683235168457e-01
4.256591796875000000e-01 9.986251592636108398e-01
9.256591796875000000e-01 9.987501502037048340e-01
1.131591796875000000e-01 9.988751411437988281e-01
6.131591796875000000e-01 9.990001320838928223e-01
3.631591796875000000e-01 9.991251230239868164e-01
8.631591796875000000e-01 9.992501139640808105e-01
2.381591796875000000e-01 9.993751049041748047e-01
7.381591796875000000e-01 9.995000362396240234e-01
4.881591796875000000e-01 9.996250271797180176e-01
9.881591796875000000e-01 9.997500181198120117e-01
1.159667968750000000e-02 9.998750090599060059e-01
