{"Burgers_0_attempt_0": {"equation_form": "0.10015469415116254 * d^2u/dx2^2{power: 1.0} + 0.0 * u{power: 1.0} + -0.997582270495725 * du/dx1{power: 1.0} + 0.0 * du/dx1{power: 1.0} * d^2u/dx1^2{power: 1.0} + -0.0008175412929368742 = du/dx2{power: 1.0} * u{power: 1.0}\n{'terms_number': {'optimizable': False, 'value': 5}, 'max_factors_in_term': {'optimizable': False, 'value': {'factors_num': [1, 2], 'probas': [0.8, 0.2]}}, ('sparsity', 'u'): {'optimizable': True, 'value': 0.003923852575849393}}", "term_match": [[3, 0, 0]], "mae_train": [0.03236532689337521], "aggregation_key": ["sindy", 0], "error_pred": 0.005611625705173936}, "Burgers_0_attempt_1": {"equation_form": "0.10165858160024228 * d^2u/dx2^2{power: 1.0} + -1.0111557574337986 * u{power: 1.0} * du/dx2{power: 1.0} + 0.0 * d^2u/dx1^2{power: 1.0} * du/dx1{power: 1.0} + 0.0 * d^2u/dx1^2{power: 1.0} * cos{power: 1.0, freq: 2.226687219707224, dim: 1.0} + -0.0005588423204492821 = du/dx1{power: 1.0}\n{'terms_number': {'optimizable': False, 'value': 5}, 'max_factors_in_term': {'optimizable': False, 'value': {'factors_num': [1, 2], 'probas': [0.8, 0.2]}}, ('sparsity', 'u'): {'optimizable': True, 'value': 0.18416363515908976}}", "term_match": [[3, 0, 0]], "mae_train": [0.03530985294370718], "aggregation_key": ["sindy", 0], "error_pred": 0.0048732370363845185}, "Burgers_0_attempt_2": {"equation_form": "0.0 * du/dx2{power: 1.0} + 0.0 * u{power: 1.0} * t{power: 1.0} + 0.0 * du/dx2{power: 1.0} * t{power: 1.0} + 0.4151446031999191 * du/dx1{power: 1.0} * t{power: 1.0} + 0.00012009394896090476 = du/dx1{power: 1.0}\n{'terms_number': {'optimizable': False, 'value': 5}, 'max_factors_in_term': {'optimizable': False, 'value': {'factors_num': [1, 2], 'probas': [0.8, 0.2]}}, ('sparsity', 'u'): {'optimizable': True, 'value': 0.0027931751047646117}}", "term_match": [[1, 2, 1]], "mae_train": [0.03508606691649024], "aggregation_key": ["sindy", 0], "error_pred": 0.026127525710827486}, "Burgers_0_attempt_3": {"equation_form": "0.09903954727659482 * d^2u/dx2^2{power: 1.0} + -0.9877430449133487 * du/dx1{power: 1.0} + 0.0 * du/dx1{power: 1.0} * du/dx2{power: 1.0} + 0.0 * u{power: 1.0} + -0.0003231581014001561 = u{power: 1.0} * du/dx2{power: 1.0}\n{'terms_number': {'optimizable': False, 'value': 5}, 'max_factors_in_term': {'optimizable': False, 'value': {'factors_num': [1, 2], 'probas': [0.8, 0.2]}}, ('sparsity', 'u'): {'optimizable': True, 'value': 0.01691646306821871}}", "term_match": [[3, 0, 0]], "mae_train": [0.031970001707391026], "aggregation_key": ["sindy", 0], "error_pred": 0.005514815959961854}, "Burgers_0_attempt_4": {"equation_form": "0.0 * du/dx2{power: 1.0} * du/dx1{power: 1.0} + 0.0 * d^2u/dx2^2{power: 1.0} * sin{power: 1.0, freq: 5.9766213429187856, dim: 1.0} + -0.3858258264907108 * du/dx2{power: 1.0} + 0.0 * d^2u/dx1^2{power: 1.0} + -0.001469691046649434 = du/dx1{power: 1.0}\n{'terms_number': {'optimizable': False, 'value': 5}, 'max_factors_in_term': {'optimizable': False, 'value': {'factors_num': [1, 2], 'probas': [0.8, 0.2]}}, ('sparsity', 'u'): {'optimizable': True, 'value': 0.12200837677712172}}", "term_match": [[1, 2, 1]], "mae_train": [0.03496913108991815], "aggregation_key": ["sindy", 0], "error_pred": 0.02253570506117337}, "Burgers_0.01_attempt_0": {"equation_form": "0.37126887675786074 * du/dx1{power: 1.0} + -0.039215726530901274 * u{power: 1.0} + -0.12416804402610915 * d^2u/dx1^2{power: 1.0} + 0.0 * d^2u/dx1^2{power: 1.0} * t{power: 1.0} + 0.0013232353206658037 = u{power: 1.0} * du/dx1{power: 1.0}\n{'terms_number': {'optimizable': False, 'value': 5}, 'max_factors_in_term': {'optimizable': False, 'value': {'factors_num': [1, 2], 'probas': [0.8, 0.2]}}, ('sparsity', 'u'): {'optimizable': True, 'value': 0.006469720148569082}}", "term_match": [[1, 2, 3]], "mae_train": [0.015581635425021076], "aggregation_key": ["sindy", 0.01], "error_pred": 0.020725208461877337}, "Burgers_0.01_attempt_1": {"equation_form": "0.0 * du/dx2{power: 1.0} + -0.12435435167353075 * d^2u/dx1^2{power: 1.0} + -0.03848851911829481 * u{power: 1.0} + 0.36736101570594537 * du/dx1{power: 1.0} + 0.0009427130393129641 = du/dx1{power: 1.0} * u{power: 1.0}\n{'terms_number': {'optimizable': False, 'value': 5}, 'max_factors_in_term': {'optimizable': False, 'value': {'factors_num': [1, 2], 'probas': [0.8, 0.2]}}, ('sparsity', 'u'): {'optimizable': True, 'value': 0.06274838091611093}}", "term_match": [[1, 2, 3]], "mae_train": [0.015467675077764632], "aggregation_key": ["sindy", 0.01], "error_pred": 0.01573276991661532}, "Burgers_0.01_attempt_2": {"equation_form": "0.0 * d^2u/dx1^2{power: 1.0} + 0.10009569717703136 * d^2u/dx2^2{power: 1.0} + -0.9887608843929141 * u{power: 1.0} * du/dx2{power: 1.0} + 0.0 * du/dx2{power: 1.0} * d^2u/dx1^2{power: 1.0} + 0.0006050063466693234 = du/dx1{power: 1.0}\n{'terms_number': {'optimizable': False, 'value': 5}, 'max_factors_in_term': {'optimizable': False, 'value': {'factors_num': [1, 2], 'probas': [0.8, 0.2]}}, ('sparsity', 'u'): {'optimizable': True, 'value': 0.030457868820980605}}", "term_match": [[3, 0, 0]], "mae_train": [0.03523940741533628], "aggregation_key": ["sindy", 0.01], "error_pred": 0.006740367333630615}, "Burgers_0.01_attempt_3": {"equation_form": "0.3878189722559053 * d^2u/dx1^2{power: 1.0} + -0.7821161017885522 * du/dx1{power: 1.0} + 0.0 * du/dx1{power: 1.0} * u{power: 1.0} + 0.0 * u{power: 1.0} + -0.0014341553186334385 = du/dx2{power: 1.0} * u{power: 1.0}\n{'terms_number': {'optimizable': False, 'value': 5}, 'max_factors_in_term': {'optimizable': False, 'value': {'factors_num': [1, 2], 'probas': [0.8, 0.2]}}, ('sparsity', 'u'): {'optimizable': True, 'value': 0.08542182008969687}}", "term_match": [[2, 1, 1]], "mae_train": [0.032264592275887204], "aggregation_key": ["sindy", 0.01], "error_pred": 0.01350343133647482}, "Burgers_0.01_attempt_4": {"equation_form": "0.4152743733049586 * du/dx1{power: 1.0} * t{power: 1.0} + 0.0 * du/dx2{power: 1.0} * d^2u/dx2^2{power: 1.0} + 0.0 * du/dx2{power: 1.0} + 0.0 * d^2u/dx2^2{power: 1.0} + 7.647499835212451e-05 = du/dx1{power: 1.0}\n{'terms_number': {'optimizable': False, 'value': 5}, 'max_factors_in_term': {'optimizable': False, 'value': {'factors_num': [1, 2], 'probas': [0.8, 0.2]}}, ('sparsity', 'u'): {'optimizable': True, 'value': 0.0034200739454182103}}", "term_match": [[1, 2, 1]], "mae_train": [0.03507055547065558], "aggregation_key": ["sindy", 0.01], "error_pred": 0.02814882109538817}, "Burgers_0.025_attempt_0": {"equation_form": "0.0 * d^2u/dx1^2{power: 1.0} + -1.0068593593884037 * du/dx2{power: 1.0} * u{power: 1.0} + 0.0 * u{power: 1.0} + 0.10181253725623762 * d^2u/dx2^2{power: 1.0} + 0.0002810109701233774 = du/dx1{power: 1.0}\n{'terms_number': {'optimizable': False, 'value': 5}, 'max_factors_in_term': {'optimizable': False, 'value': {'factors_num': [1, 2], 'probas': [0.8, 0.2]}}, ('sparsity', 'u'): {'optimizable': True, 'value': 0.013713839976316458}}", "term_match": [[3, 0, 0]], "mae_train": [0.03462754828269324], "aggregation_key": ["sindy", 0.025], "error_pred": 0.005836275587054324}, "Burgers_0.025_attempt_1": {"equation_form": "0.41537922072030603 * du/dx1{power: 1.0} * t{power: 1.0} + 0.0 * d^2u/dx1^2{power: 1.0} + 0.0 * du/dx2{power: 1.0} * cos{power: 1.0, freq: 6.070757563561546, dim: 1.0} + 0.0 * u{power: 1.0} + 0.00022295779352214955 = du/dx1{power: 1.0}\n{'terms_number': {'optimizable': False, 'value': 5}, 'max_factors_in_term': {'optimizable': False, 'value': {'factors_num': [1, 2], 'probas': [0.8, 0.2]}}, ('sparsity', 'u'): {'optimizable': True, 'value': 0.0015688602350452995}}", "term_match": [[1, 2, 1]], "mae_train": [0.03428941023094904], "aggregation_key": ["sindy", 0.025], "error_pred": 0.027152505296750777},