{"Burgers_noise_0.025_attempt_0": {"equation_form": "0.432053986298313 * du/dx1{power: 1.0} + 0.0 * du/dx2{power: 1.0} + -0.01687449685590689 * u{power: 1.0} + 0.0 * du/dx2{power: 1.0} * x{power: 1.0} + -0.002385619906931474 = u{power: 1.0} * du/dx1{power: 1.0}\n{'terms_number': {'optimizable': False, 'value': 5}, 'max_factors_in_term': {'optimizable': False, 'value': {'factors_num': [1, 2], 'probas': [0.8, 0.2]}}, ('sparsity', 'u'): {'optimizable': True, 'value': 0.03879838642488219}}", "term_match": [[1, 2, 2]], "mae_train": [0.01387351393615481], "error_pred": 0.05022696169218918, "aggregation_key": ["epde", 0.025]}, "Burgers_noise_0.025_attempt_1": {"equation_form": "0.0 * du/dx2{power: 1.0} + 0.0 * d^2u/dx1^2{power: 1.0} + 0.0 * u{power: 1.0} + 0.4115429601868382 * du/dx1{power: 1.0} * t{power: 1.0} + 0.00013557326437065864 = du/dx1{power: 1.0}\n{'terms_number': {'optimizable': False, 'value': 5}, 'max_factors_in_term': {'optimizable': False, 'value': {'factors_num': [1, 2], 'probas': [0.8, 0.2]}}, ('sparsity', 'u'): {'optimizable': True, 'value': 0.002556883231053827}}", "term_match": [[1, 2, 1]], "mae_train": [0.03795290913136223], "error_pred": 0.030024998817661252, "aggregation_key": ["epde", 0.025]}, "Burgers_noise_0.025_attempt_2": {"equation_form": "0.0 * du/dx1{power: 1.0} + 0.5739525398529711 * d^2u/dx1^2{power: 1.0} + 0.027877584345791854 * du/dx2{power: 1.0} + -0.009242896011592262 * d^2u/dx2^2{power: 1.0} + -0.007154399340319628 = u{power: 1.0} * d^2u/dx1^2{power: 1.0}\n{'terms_number': {'optimizable': False, 'value': 5}, 'max_factors_in_term': {'optimizable': False, 'value': {'factors_num': [1, 2], 'probas': [0.8, 0.2]}}, ('sparsity', 'u'): {'optimizable': True, 'value': 0.011213490703430999}}", "term_match": [[1, 2, 3]], "mae_train": [0.27275005222689414], "error_pred": 0.020881426654356102, "aggregation_key": ["epde", 0.025]}, "Burgers_noise_0.025_attempt_3": {"equation_form": "0.432053986298313 * du/dx1{power: 1.0} + 0.0 * d^2u/dx2^2{power: 1.0} * cos{power: 1.0, freq: 5.272415866563374, dim: 1.0} + -0.01687449685590689 * u{power: 1.0} + 0.0 * du/dx2{power: 1.0} + -0.002385619906931474 = du/dx1{power: 1.0} * u{power: 1.0}\n{'terms_number': {'optimizable': False, 'value': 5}, 'max_factors_in_term': {'optimizable': False, 'value': {'factors_num': [1, 2], 'probas': [0.8, 0.2]}}, ('sparsity', 'u'): {'optimizable': True, 'value': 0.04656218960462814}}", "term_match": [[1, 2, 2]], "mae_train": 0, "error_pred": 0.044896323698493, "aggregation_key": ["epde", 0.025]}, "Burgers_noise_0.025_attempt_4": {"equation_form": "0.6691739989033434 * du/dx1{power: 1.0} + -0.017654162921697122 * d^2u/dx2^2{power: 1.0} + -0.030451372229270246 * d^2u/dx1^2{power: 1.0} + 0.10431716792497606 * du/dx2{power: 1.0} + -0.004691096136830735 = du/dx1{power: 1.0} * u{power: 1.0}\n{'terms_number': {'optimizable': False, 'value': 5}, 'max_factors_in_term': {'optimizable': False, 'value': {'factors_num': [1, 2], 'probas': [0.8, 0.2]}}, ('sparsity', 'u'): {'optimizable': True, 'value': 0.001972067660521833}}", "term_match": [[2, 1, 3]], "mae_train": [0.042267093804027586], "error_pred": 0.018718158617832253, "aggregation_key": ["epde", 0.025]}, "Burgers_noise_0.025_attempt_5": {"equation_form": "0.025919204740964933 * d^2u/dx2^2{power: 1.0} + -0.06428090352716473 * du/dx1{power: 1.0} + 0.0 * d^2u/dx1^2{power: 1.0} + 0.0 * du/dx2{power: 1.0} + -0.0022125884104451793 = du/dx1{power: 1.0} * d^2u/dx1^2{power: 1.0}\n{'terms_number': {'optimizable': False, 'value': 5}, 'max_factors_in_term': {'optimizable': False, 'value': {'factors_num': [1, 2], 'probas': [0.8, 0.2]}}, ('sparsity', 'u'): {'optimizable': True, 'value': 0.06118231242517908}}", "term_match": [[2, 1, 1]], "mae_train": [0.7755707259552884], "error_pred": 0.06963962787904907, "aggregation_key": ["epde", 0.025]}, "Burgers_noise_0.025_attempt_6": {"equation_form": "-0.021311393206051958 * d^2u/dx2^2{power: 1.0} + -0.02954969960561077 * u{power: 1.0} + 0.602721925078729 * d^2u/dx1^2{power: 1.0} + 0.0 * du/dx2{power: 1.0} * sin{power: 1.0, freq: 3.7486030450870347, dim: 1.0} + -0.0026261121231324173 = d^2u/dx1^2{power: 1.0} * u{power: 1.0}\n{'terms_number': {'optimizable': False, 'value': 5}, 'max_factors_in_term': {'optimizable': False, 'value': {'factors_num': [1, 2], 'probas': [0.8, 0.2]}}, ('sparsity', 'u'): {'optimizable': True, 'value': 0.0019400418110959762}}", "term_match": [[1, 2, 3]], "mae_train": 0, "error_pred": 0.026772231441147386, "aggregation_key": ["epde", 0.025]}, "Burgers_noise_0.025_attempt_7": {"equation_form": "0.4115429601868382 * du/dx1{power: 1.0} * t{power: 1.0} + 0.0 * d^2u/dx1^2{power: 1.0} + 0.0 * d^2u/dx2^2{power: 1.0} + 0.0 * d^2u/dx2^2{power: 1.0} * u{power: 1.0} + 0.00013557326437065864 = du/dx1{power: 1.0}\n{'terms_number': {'optimizable': False, 'value': 5}, 'max_factors_in_term': {'optimizable': False, 'value': {'factors_num': [1, 2], 'probas': [0.8, 0.2]}}, ('sparsity', 'u'): {'optimizable': True, 'value': 0.0056690037179186635}}", "term_match": [[1, 2, 1]], "mae_train": [0.03795290913136223], "error_pred": 0.03405202392960347, "aggregation_key": ["epde", 0.025]}, "Burgers_noise_0.025_attempt_8": {"equation_form": "0.45435930768842225 * du/dx1{power: 1.0} + 0.0 * u{power: 1.0} * t{power: 1.0} + -0.01552105620277898 * d^2u/dx2^2{power: 1.0} + 0.0 * du/dx2{power: 1.0} * t{power: 1.0} + -0.005197420022968191 = du/dx1{power: 1.0} * u{power: 1.0}\n{'terms_number': {'optimizable': False, 'value': 5}, 'max_factors_in_term': {'optimizable': False, 'value': {'factors_num': [1, 2], 'probas': [0.8, 0.2]}}, ('sparsity', 'u'): {'optimizable': True, 'value': 0.1766887405873215}}", "term_match": [[2, 1, 1]], "mae_train": [0.016175896694299825], "error_pred": 0.025029415924853277, "aggregation_key": ["epde", 0.025]}, "Burgers_noise_0.025_attempt_9": {"equation_form": "0.432053986298313 * du/dx1{power: 1.0} + 0.0 * d^2u/dx1^2{power: 1.0} * cos{power: 1.0, freq: 6.253387606275492, dim: 1.0} + -0.01687449685590689 * u{power: 1.0} + 0.0 * u{power: 1.0} * sin{power: 1.0, freq: 6.203160450812919, dim: 1.0} + -0.002385619906931474 = u{power: 1.0} * du/dx1{power: 1.0}\n{'terms_number': {'optimizable': False, 'value': 5}, 'max_factors_in_term': {'optimizable': False, 'value': {'factors_num': [1, 2], 'probas': [0.8, 0.2]}}, ('sparsity', 'u'): {'optimizable': True, 'value': 0.05109423938343029}}", "term_match": [[1, 2, 2]], "mae_train": 0, "error_pred": 0.03277464665300876, "aggregation_key": ["epde", 0.025]}, "Burgers_noise_0.05_attempt_0": {"equation_form": "0.0 * du/dx2{power: 1.0} * x{power: 1.0} + 0.037679998774284046 * d^2u/dx2^2{power: 1.0} * du/dx2{power: 1.0} + 0.0 * d^2u/dx1^2{power: 1.0} + 0.45969768837309577 * du/dx1{power: 1.0} + -0.005037855952615855 = du/dx1{power: 1.0} * u{power: 1.0}\n{'terms_number': {'optimizable': False, 'value': 5}, 'max_factors_in_term': {'optimizable': False, 'value': {'factors_num': [1, 2], 'probas': [0.8, 0.2]}}, ('sparsity', 'u'): {'optimizable': True, 'value': 0.06439071732238974}}", "term_match": [[1, 2, 2]], "mae_train": [0.015520149666028823], "error_pred": 0.03410808002504148, "aggregation_key": ["epde", 0.05]}, "Burgers_noise_0.05_attempt_1": {"equation_form": "0.0 * d^2u/dx1^2{power: 1.0} + -0.3399838667266103 * du/dx2{power: 1.0} + 0.0 * d^2u/dx2^2{power: 1.0} + 0.0 * du/dx2{power: 1.0} * d^2u/dx1^2{power: 1.0} + -0.0015243316758964307 = du/dx1{power: 1.0}\n{'terms_number': {'optimizable': False, 'value': 5}, 'max_factors_in_term': {'optimizable': False, 'value': {'factors_num': [1, 2], 'probas': [0.8, 0.2]}}, ('sparsity', 'u'): {'optimizable': True, 'value': 0.23225945298339915}}", "term_match": [[1, 2, 1]], "mae_train": [0.053928476916821164], "error_pred": 0.018662904766517285, "aggregation_key": ["epde", 0.05]},