{"Lotka_Volterra_noise_0_attempt_0": {"equation_form": " / -19.183633453843452 * u{power: 1.0} * v{power: 1.0} + 19.61838993733974 * u{power: 1.0} + 0.0 * du/dx1{power: 1.0} * v{power: 1.0} + 0.0 * dv/dx1{power: 1.0} + 0.4182303959839295 = du/dx1{power: 1.0}\n \\ 0.0 * dv/dx1{power: 2.0} + -19.088622299666298 * v{power: 1.0} + 20.98460480498338 * u{power: 1.0} * v{power: 1.0} + 0.0 * u{power: 1.0} + -0.2286655167091105 = dv/dx1{power: 1.0}\n{'terms_number': {'optimizable': False, 'value': 5}, 'max_factors_in_term': {'optimizable': False, 'value': {'factors_num': [1, 2], 'probas': [0.5, 0.5]}}, ('sparsity', 'u'): {'optimizable': True, 'value': 0.0030953301176669195}, ('sparsity', 'v'): {'optimizable': True, 'value': 0.0019653090361229702}}", "term_match": [[3, 0, 0], [3, 0, 0]], "mae_train": [26.056999462197226, 26.644353679244716], "aggregation_key": ["epde", 0], "error_pred": [0.8541117438133299, 0.8001638413657597]}, "meta": {"aggregation_key": [["epde", 0]]}}