{"Van_der_Pol_noise_0_attempt_0": {"equation_form": "-0.19874367180385094 * u{power: 2.0} * du/dx1{power: 1.0} + 0.19893027641701327 * du/dx1{power: 1.0} + -1.000208023328855 * u{power: 1.0} + 0.0 * u{power: 1.0} * du/dx1{power: 2.0} + 0.0 * d^2u/dx1^2{power: 1.0} * u{power: 1.0} + -1.2913783165868775e-05 = d^2u/dx1^2{power: 1.0}\n{'terms_number': {'optimizable': False, 'value': 6}, 'max_factors_in_term': {'optimizable': False, 'value': {'factors_num': [1, 2, 3], 'probas': [0.4, 0.3, 0.3]}}, ('sparsity', 'u'): {'optimizable': True, 'value': 0.0007234383433057388}}", "term_match": [[4, 0, 0]], "mae_train": [1.0105142059050451], "aggregation_key": ["epde", 0], "error_pred": 0.003427633892172546}, "Van_der_Pol_noise_0_attempt_1": {"equation_form": "0.19893027641701308 * du/dx1{power: 1.0} + -0.19874367180385089 * u{power: 2.0} * du/dx1{power: 1.0} + -1.000208023328854 * u{power: 1.0} + 0.0 * u{power: 1.0} * d^2u/dx1^2{power: 2.0} + 0.0 * u{power: 2.0} * d^2u/dx1^2{power: 1.0} + -1.2913783166382253e-05 = d^2u/dx1^2{power: 1.0}\n{'terms_number': {'optimizable': False, 'value': 6}, 'max_factors_in_term': {'optimizable': False, 'value': {'factors_num': [1, 2, 3], 'probas': [0.4, 0.3, 0.3]}}, ('sparsity', 'u'): {'optimizable': True, 'value': 0.003374262053584689}}", "term_match": [[4, 0, 0]], "mae_train": [1.0105142059050451], "aggregation_key": ["epde", 0], "error_pred": 0.00431017337560214}, "Van_der_Pol_noise_0_attempt_2": {"equation_form": "0.19893027641701272 * du/dx1{power: 1.0} + -1.0002080233288542 * u{power: 1.0} + -0.19874367180385089 * u{power: 2.0} * du/dx1{power: 1.0} + 0.0 * d^2u/dx1^2{power: 2.0} + 0.0 * d^2u/dx1^2{power: 1.0} * u{power: 1.0} + -1.2913783166451642e-05 = d^2u/dx1^2{power: 1.0}\n{'terms_number': {'optimizable': False, 'value': 6}, 'max_factors_in_term': {'optimizable': False, 'value': {'factors_num': [1, 2, 3], 'probas': [0.4, 0.3, 0.3]}}, ('sparsity', 'u'): {'optimizable': True, 'value': 0.00019611716866798235}}", "term_match": [[4, 0, 0]], "mae_train": [1.0105142059050451], "aggregation_key": ["epde", 0], "error_pred": 0.0036765662940727154}, "Van_der_Pol_noise_0_attempt_3": {"equation_form": "-0.19874367180385094 * u{power: 2.0} * du/dx1{power: 1.0} + 0.19893027641701327 * du/dx1{power: 1.0} + -1.000208023328855 * u{power: 1.0} + 0.0 * d^2u/dx1^2{power: 2.0} + 0.0 * d^2u/dx1^2{power: 2.0} * du/dx1{power: 1.0} + -1.2913783165868775e-05 = d^2u/dx1^2{power: 1.0}\n{'terms_number': {'optimizable': False, 'value': 6}, 'max_factors_in_term': {'optimizable': False, 'value': {'factors_num': [1, 2, 3], 'probas': [0.4, 0.3, 0.3]}}, ('sparsity', 'u'): {'optimizable': True, 'value': 0.0007133246830246188}}", "term_match": [[4, 0, 0]], "mae_train": [1.0105142059050451], "aggregation_key": ["epde", 0], "error_pred": 0.0014445815828055522}, "Van_der_Pol_noise_0_attempt_4": {"equation_form": "0.0 * du/dx1{power: 1.0} * u{power: 1.0} + -0.19874367180385105 * u{power: 2.0} * du/dx1{power: 1.0} + -1.0002080233288546 * u{power: 1.0} + 0.0 * d^2u/dx1^2{power: 2.0} * du/dx1{power: 1.0} + 0.19893027641701333 * du/dx1{power: 1.0} + -1.2913783166174087e-05 = d^2u/dx1^2{power: 1.0}\n{'terms_number': {'optimizable': False, 'value': 6}, 'max_factors_in_term': {'optimizable': False, 'value': {'factors_num': [1, 2, 3], 'probas': [0.4, 0.3, 0.3]}}, ('sparsity', 'u'): {'optimizable': True, 'value': 0.000365894711412078}}", "term_match": [[4, 0, 0]], "mae_train": [1.0105142059050451], "aggregation_key": ["epde", 0], "error_pred": 0.013603742532657065}, "Van_der_Pol_noise_0.005_attempt_0": {"equation_form": "0.0 * d^2u/dx1^2{power: 1.0} + -0.820008706741024 * u{power: 2.0} + 0.19597706623439093 * du/dx1{power: 1.0} * u{power: 1.0} + 0.06448375090886481 * du/dx1{power: 1.0} + 0.06090752369644967 * u{power: 1.0} + 2.124289823106612 = du/dx1{power: 2.0}\n{'terms_number': {'optimizable': False, 'value': 6}, 'max_factors_in_term': {'optimizable': False, 'value': {'factors_num': [1, 2, 3], 'probas': [0.4, 0.3, 0.3]}}, ('sparsity', 'u'): {'optimizable': True, 'value': 0.0036523026102930796}}", "term_match": [[2, 2, 3]], "mae_train": [1.1784798513122152], "aggregation_key": ["epde", 0.005], "error_pred": 1.4485415961259138}, "Van_der_Pol_noise_0.005_attempt_1": {"equation_form": "0.0 * d^2u/dx1^2{power: 1.0} * u{power: 1.0} + 0.06647367008803168 * u{power: 1.0} + 0.0 * u{power: 1.0} * d^2u/dx1^2{power: 2.0} + -0.827507137414186 * u{power: 2.0} + 0.19363439449234776 * u{power: 1.0} * du/dx1{power: 1.0} + 2.1441401947196397 = du/dx1{power: 2.0}\n{'terms_number': {'optimizable': False, 'value': 6}, 'max_factors_in_term': {'optimizable': False, 'value': {'factors_num': [1, 2, 3], 'probas': [0.4, 0.3, 0.3]}}, ('sparsity', 'u'): {'optimizable': True, 'value': 0.005892801783010743}}", "term_match": [[1, 3, 3]], "mae_train": [1.1784798513122152], "aggregation_key": ["epde", 0.005], "error_pred": 1.47431512061228}, "Van_der_Pol_noise_0.005_attempt_2": {"equation_form": "0.060907523696449986 * u{power: 1.0} + 0.0 * d^2u/dx1^2{power: 1.0} + 0.06448375090886516 * du/dx1{power: 1.0} + -0.8200087067410234 * u{power: 2.0} + 0.19597706623439123 * du/dx1{power: 1.0} * u{power: 1.0} + 2.1242898231066114 = du/dx1{power: 2.0}\n{'terms_number': {'optimizable': False, 'value': 6}, 'max_factors_in_term': {'optimizable': False, 'value': {'factors_num': [1, 2, 3], 'probas': [0.4, 0.3, 0.3]}}, ('sparsity', 'u'): {'optimizable': True, 'value': 0.003550244865892715}}", "term_match": [[2, 2, 3]], "mae_train": [1.1784798513122152], "aggregation_key": ["epde", 0.005], "error_pred": 1.4548846990319226}, "Van_der_Pol_noise_0.005_attempt_3": {"equation_form": "0.19363439449234712 * du/dx1{power: 1.0} * u{power: 1.0} + 0.06647367008803196 * u{power: 1.0} + 0.0 * u{power: 1.0} * d^2u/dx1^2{power: 2.0} + 0.0 * d^2u/dx1^2{power: 1.0} + -0.8275071374141856 * u{power: 2.0} + 2.1441401947196392 = du/dx1{power: 2.0}\n{'terms_number': {'optimizable': False, 'value': 6}, 'max_factors_in_term': {'optimizable': False, 'value': {'factors_num': [1, 2, 3], 'probas': [0.4, 0.3, 0.3]}}, ('sparsity', 'u'): {'optimizable': True, 'value': 0.007052734162766645}}", "term_match": [[1, 3, 3]], "mae_train": [1.1784798513122152], "aggregation_key": ["epde", 0.005], "error_pred": 1.424927423279524}, "Van_der_Pol_noise_0.005_attempt_4": {"equation_form": "0.0 * d^2u/dx1^2{power: 1.0} + 0.06090752369644996 * u{power: 1.0} + 0.19597706623439082 * du/dx1{power: 1.0} * u{power: 1.0} + 0.06448375090886542 * du/dx1{power: 1.0} + -0.8200087067410238 * u{power: 2.0} + 2.124289823106612 = du/dx1{power: 2.0}\n{'terms_number': {'optimizable': False, 'value': 6}, 'max_factors_in_term': {'optimizable': False, 'value': {'factors_num': [1, 2, 3], 'probas': [0.4, 0.3, 0.3]}}, ('sparsity', 'u'): {'optimizable': True, 'value': 0.004638440136893905}}", "term_match": [[2, 2, 3]], "mae_train": [1.1784798513122152], "aggregation_key": ["epde", 0.005], "error_pred": 1.547818922950772}, "Van_der_Pol_noise_0.01_attempt_0": {"equation_form": "0.06196540931052135 * u{power: 1.0} + 0.0 * d^2u/dx1^2{power: 1.0} + 0.18082474477655575 * du/dx1{power: 1.0} * u{power: 1.0} + -0.8194862555606552 * u{power: 2.0} + 0.0 * u{power: 1.0} * d^2u/dx1^2{power: 1.0} + 2.1365963871759193 = du/dx1{power: 2.0}\n{'terms_number': {'optimizable': False, 'value': 6}, 'max_factors_in_term': {'optimizable': False, 'value': {'factors_num': [1, 2, 3], 'probas': [0.4, 0.3, 0.3]}}, ('sparsity', 'u'): {'optimizable': True, 'value': 0.005522623638090149}}", "term_match": [[1, 3, 3]], "mae_train": [1.1807911860153972], "aggregation_key": ["epde", 0.01], "error_pred": 1.4804793605879039},