{"Van_der_Pol_noise_0_attempt_0": {"equation_form": "0.0 * u{power: 1.0} * du/dx1{power: 1.0} * d^2u/dx1^2{power: 1.0} + -1.0014051985814596 * u{power: 1.0} + -0.1646468244892422 * u{power: 2.0} * du/dx1{power: 1.0} + 0.18540476909952835 * du/dx1{power: 1.0} + 0.0 * d^2u/dx1^2{power: 2.0} * du/dx1{power: 1.0} + 0.01165186256033788 = d^2u/dx1^2{power: 1.0}\n{'terms_number': {'optimizable': False, 'value': 6}, 'max_factors_in_term': {'optimizable': False, 'value': {'factors_num': [1, 2, 3], 'probas': [0.4, 0.3, 0.3]}}, ('sparsity', 'u'): {'optimizable': True, 'value': 0.0008220184087176302}}", "term_match": [[4, 0, 0]], "mae_train": [0.8910682871937752], "aggregation_key": ["epde", 0], "error_pred": 0.019132740217156042}, "Van_der_Pol_noise_0_attempt_1": {"equation_form": "0.0 * u{power: 1.0} * d^2u/dx1^2{power: 1.0} + -0.18630880377454254 * u{power: 2.0} * du/dx1{power: 1.0} + -1.0004151957230283 * u{power: 1.0} + 0.0 * du/dx1{power: 2.0} + 0.1936239185322265 * du/dx1{power: 1.0} + -0.005799466770846015 = d^2u/dx1^2{power: 1.0}\n{'terms_number': {'optimizable': False, 'value': 6}, 'max_factors_in_term': {'optimizable': False, 'value': {'factors_num': [1, 2, 3], 'probas': [0.4, 0.3, 0.3]}}, ('sparsity', 'u'): {'optimizable': True, 'value': 0.0037411648267328384}}", "term_match": [[4, 0, 0]], "mae_train": [0.9058728478848934], "aggregation_key": ["epde", 0], "error_pred": 0.007653022876720192}, "Van_der_Pol_noise_0_attempt_2": {"equation_form": "-0.14231392470246035 * u{power: 2.0} * du/dx1{power: 1.0} + 0.17052903689133267 * du/dx1{power: 1.0} + 0.0 * d^2u/dx1^2{power: 2.0} * u{power: 1.0} + -1.0113916191434036 * u{power: 1.0} + 0.0 * u{power: 2.0} * d^2u/dx1^2{power: 1.0} + 0.004835427932228914 = d^2u/dx1^2{power: 1.0}\n{'terms_number': {'optimizable': False, 'value': 6}, 'max_factors_in_term': {'optimizable': False, 'value': {'factors_num': [1, 2, 3], 'probas': [0.4, 0.3, 0.3]}}, ('sparsity', 'u'): {'optimizable': True, 'value': 0.0066403594901650025}}", "term_match": [[4, 0, 0]], "mae_train": [0.8994423300027847], "aggregation_key": ["epde", 0], "error_pred": 0.049129417445097745}, "Van_der_Pol_noise_0_attempt_3": {"equation_form": "0.0 * d^2u/dx1^2{power: 2.0} + -0.015278724316697348 * du/dx1{power: 2.0} * u{power: 1.0} + 0.17991160508787796 * du/dx1{power: 1.0} + -0.99414017683589 * u{power: 1.0} + -0.16021543993838938 * u{power: 2.0} * du/dx1{power: 1.0} + 0.006249270425590404 = d^2u/dx1^2{power: 1.0}\n{'terms_number': {'optimizable': False, 'value': 6}, 'max_factors_in_term': {'optimizable': False, 'value': {'factors_num': [1, 2, 3], 'probas': [0.4, 0.3, 0.3]}}, ('sparsity', 'u'): {'optimizable': True, 'value': 0.0010227706241476638}}", "term_match": [[4, 0, 1]], "mae_train": [0.903161846101284], "aggregation_key": ["epde", 0], "error_pred": 0.02164620573719512}, "Van_der_Pol_noise_0_attempt_4": {"equation_form": "-1.017788533928136 * u{power: 2.0} + -0.04153982384032494 * du/dx1{power: 1.0} * u{power: 1.0} + -0.03399154943572135 * u{power: 1.0} + 0.0 * d^2u/dx1^2{power: 1.0} + 0.0 * du/dx1{power: 1.0} + 0.007872469176873016 = d^2u/dx1^2{power: 1.0} * u{power: 1.0}\n{'terms_number': {'optimizable': False, 'value': 6}, 'max_factors_in_term': {'optimizable': False, 'value': {'factors_num': [1, 2, 3], 'probas': [0.4, 0.3, 0.3]}}, ('sparsity', 'u'): {'optimizable': True, 'value': 0.004325114612187846}}", "term_match": [[1, 3, 3]], "mae_train": [1.0553066927867412], "aggregation_key": ["epde", 0], "error_pred": 0.8810515054457284}, "Van_der_Pol_noise_0.005_attempt_0": {"equation_form": "0.0 * d^2u/dx1^2{power: 2.0} + 0.1987034153233824 * du/dx1{power: 1.0} + -1.0053529810556074 * u{power: 1.0} + -0.19601879838031433 * u{power: 2.0} * du/dx1{power: 1.0} + -0.008462663852500218 * u{power: 2.0} + 0.006327859618146803 = d^2u/dx1^2{power: 1.0}\n{'terms_number': {'optimizable': False, 'value': 6}, 'max_factors_in_term': {'optimizable': False, 'value': {'factors_num': [1, 2, 3], 'probas': [0.4, 0.3, 0.3]}}, ('sparsity', 'u'): {'optimizable': True, 'value': 0.0021398995531617176}}", "term_match": [[4, 0, 1]], "mae_train": [0.8953014500439167], "aggregation_key": ["epde", 0.005], "error_pred": 0.02184918307574877}, "Van_der_Pol_noise_0.005_attempt_1": {"equation_form": "0.1761578812337578 * du/dx1{power: 1.0} + -0.9982066228802656 * u{power: 1.0} + 0.0 * d^2u/dx1^2{power: 2.0} * du/dx1{power: 1.0} + 0.0 * du/dx1{power: 1.0} * d^2u/dx1^2{power: 1.0} + -0.1611259864447413 * u{power: 2.0} * du/dx1{power: 1.0} + -0.004372788820420359 = d^2u/dx1^2{power: 1.0}\n{'terms_number': {'optimizable': False, 'value': 6}, 'max_factors_in_term': {'optimizable': False, 'value': {'factors_num': [1, 2, 3], 'probas': [0.4, 0.3, 0.3]}}, ('sparsity', 'u'): {'optimizable': True, 'value': 0.0036421256312446732}}", "term_match": [[4, 0, 0]], "mae_train": [0.9217686988413334], "aggregation_key": ["epde", 0.005], "error_pred": 0.021785186260877644}, "Van_der_Pol_noise_0.005_attempt_2": {"equation_form": "-0.1731725896399489 * u{power: 2.0} * du/dx1{power: 1.0} + -1.0049175485686836 * u{power: 1.0} + 0.0 * d^2u/dx1^2{power: 2.0} + -0.011429307680990208 * u{power: 2.0} + 0.183510094166228 * du/dx1{power: 1.0} + 0.040725635690346665 = d^2u/dx1^2{power: 1.0}\n{'terms_number': {'optimizable': False, 'value': 6}, 'max_factors_in_term': {'optimizable': False, 'value': {'factors_num': [1, 2, 3], 'probas': [0.4, 0.3, 0.3]}}, ('sparsity', 'u'): {'optimizable': True, 'value': 0.0038371739040577984}}", "term_match": [[4, 0, 1]], "mae_train": [0.8889131546020508], "aggregation_key": ["epde", 0.005], "error_pred": 0.03465517350288486}, "Van_der_Pol_noise_0.005_attempt_3": {"equation_form": "-0.181725896399489 * u{power: 2.0} * du/dx1{power: 1.0} + -1.0149175485686836 * u{power: 1.0} + 0.0 * d^2u/dx1^2{power: 2.0} + -0.012429307680990208 * u{power: 2.0} + 0.193510094166228 * du/dx1{power: 1.0} + 0.040725635690346665 = d^2u/dx1^2{power: 1.0}\n{'terms_number': {'optimizable': False, 'value': 6}, 'max_factors_in_term': {'optimizable': False, 'value': {'factors_num': [1, 2, 3], 'probas': [0.4, 0.3, 0.3]}}, ('sparsity', 'u'): {'optimizable': True, 'value': 0.0038371739040577984}}", "term_match": [[4, 0, 1]], "mae_train": [0.8889131546020508], "aggregation_key": ["epde", 0.005], "error_pred": 0.03465517350288486}, "Van_der_Pol_noise_0.005_attempt_4": {"equation_form": "-0.1931725896399489 * u{power: 2.0} * du/dx1{power: 1.0} + -1.0049175485686836 * u{power: 1.0} + 0.0 * d^2u/dx1^2{power: 2.0} + -0.011429307680990208 * u{power: 2.0} + 0.183513510094111 * du/dx1{power: 1.0} + 0.040725635690346665 = d^2u/dx1^2{power: 1.0}\n{'terms_number': {'optimizable': False, 'value': 6}, 'max_factors_in_term': {'optimizable': False, 'value': {'factors_num': [1, 2, 3], 'probas': [0.4, 0.3, 0.3]}}, ('sparsity', 'u'): {'optimizable': True, 'value': 0.0038371739040577984}}", "term_match": [[4, 0, 1]], "mae_train": [0.8889131546020508], "aggregation_key": ["epde", 0.005], "error_pred": 0.03465517350288486}, "meta": {"aggregation_key": [["epde", 0], ["epde", 0.005]]}}